<?xml version="1.0" encoding="UTF-8"?>
<gpx version="1.1"
     creator="FoilTracker"
     xmlns="http://www.topografix.com/GPX/1/1">
    <trk>
        <name>FoilTracker WHS</name>
        <trkseg>
<trkpt lat="42.42413246240523" lon="77.2760976192525">
    <time>2026-08-15T14:43:21.623Z</time>
    <extensions>
        <provider>whs</provider>
    </extensions>
</trkpt>
<trkpt lat="42.42428626240523" lon="77.27607401925249">
    <time>2026-08-15T14:43:22.624Z</time>
    <extensions>
        <provider>whs</provider>
    </extensions>
</trkpt>
<trkpt lat="42.42423696240523" lon="77.2760184192525">
    <time>2026-08-15T14:43:24.627Z</time>
    <extensions>
        <provider>whs</provider>
    </extensions>
</trkpt>
<trkpt lat="42.424260962405235" lon="77.27602181925249">
    <time>2026-08-15T14:43:28.635Z</time>
    <extensions>
        <provider>whs</provider>
    </extensions>
</trkpt>
<trkpt lat="42.42428326240523" lon="77.2760116192525">
    <time>2026-08-15T14:43:30.637Z</time>
    <extensions>
        <provider>whs</provider>
    </extensions>
</trkpt>
<trkpt lat="42.424279862405236" lon="77.2759848192525">
    <time>2026-08-15T14:43:33.641Z</time>
    <extensions>
        <provider>whs</provider>
    </extensions>
</trkpt>
<trkpt lat="42.42431046240524" lon="77.27599071925249">
    <time>2026-08-15T14:43:37.647Z</time>
    <extensions>
        <provider>whs</provider>
    </extensions>
</trkpt>
<trkpt lat="42.42431036240524" lon="77.2759497192525">
    <time>2026-08-15T14:43:43.655Z</time>
    <extensions>
        <provider>whs</provider>
    </extensions>
</trkpt>
<trkpt lat="42.424319362405235" lon="77.2759281192525">
    <time>2026-08-15T14:43:44.657Z</time>
    <extensions>
        <provider>whs</provider>
    </extensions>
</trkpt>
<trkpt lat="42.42431826240524" lon="77.2758987192525">
    <time>2026-08-15T14:43:49.664Z</time>
    <extensions>
        <provider>whs</provider>
    </extensions>
</trkpt>
<trkpt lat="42.42428566240523" lon="77.27588301925249">
    <time>2026-08-15T14:43:51.667Z</time>
    <extensions>
        <provider>whs</provider>
    </extensions>
</trkpt>
<trkpt lat="42.424269562405236" lon="77.27586171925249">
    <time>2026-08-15T14:43:55.664Z</time>
    <extensions>
        <provider>whs</provider>
    </extensions>
</trkpt>
<trkpt lat="42.42425636240524" lon="77.2758431192525">
    <time>2026-08-15T14:44:03.674Z</time>
    <extensions>
        <provider>whs</provider>
    </extensions>
</trkpt>
<trkpt lat="42.424277362405235" lon="77.2758618192525">
    <time>2026-08-15T14:44:05.677Z</time>
    <extensions>
        <provider>whs</provider>
    </extensions>
</trkpt>
<trkpt lat="42.42425866240524" lon="77.27588681925249">
    <time>2026-08-15T14:44:08.681Z</time>
    <extensions>
        <provider>whs</provider>
    </extensions>
</trkpt>
<trkpt lat="42.424267662405235" lon="77.2759207192525">
    <time>2026-08-15T14:44:12.686Z</time>
    <extensions>
        <provider>whs</provider>
    </extensions>
</trkpt>
<trkpt lat="42.424269362405234" lon="77.2759520192525">
    <time>2026-08-15T14:44:13.688Z</time>
    <extensions>
        <provider>whs</provider>
    </extensions>
</trkpt>
<trkpt lat="42.42428116240524" lon="77.2759784192525">
    <time>2026-08-15T14:44:17.693Z</time>
    <extensions>
        <provider>whs</provider>
    </extensions>
</trkpt>
<trkpt lat="42.424298062405235" lon="77.2759650192525">
    <time>2026-08-15T14:44:23.702Z</time>
    <extensions>
        <provider>whs</provider>
    </extensions>
</trkpt>
<trkpt lat="42.424295062405236" lon="77.2760002192525">
    <time>2026-08-15T14:44:30.733Z</time>
    <extensions>
        <provider>whs</provider>
    </extensions>
</trkpt>
<trkpt lat="42.42432326240523" lon="77.2760042192525">
    <time>2026-08-15T14:44:39.792Z</time>
    <extensions>
        <provider>whs</provider>
    </extensions>
</trkpt>
<trkpt lat="42.42434286240523" lon="77.2759973192525">
    <time>2026-08-15T14:44:42.796Z</time>
    <extensions>
        <provider>whs</provider>
    </extensions>
</trkpt>
<trkpt lat="42.42435076240523" lon="77.2759654192525">
    <time>2026-08-15T14:44:47.802Z</time>
    <extensions>
        <provider>whs</provider>
    </extensions>
</trkpt>
<trkpt lat="42.42433076240523" lon="77.2759365192525">
    <time>2026-08-15T14:44:49.804Z</time>
    <extensions>
        <provider>whs</provider>
    </extensions>
</trkpt>
<trkpt lat="42.42431486240523" lon="77.27592081925249">
    <time>2026-08-15T14:44:53.835Z</time>
    <extensions>
        <provider>whs</provider>
    </extensions>
</trkpt>
<trkpt lat="42.424296962405236" lon="77.2759422192525">
    <time>2026-08-15T14:44:57.872Z</time>
    <extensions>
        <provider>whs</provider>
    </extensions>
</trkpt>
<trkpt lat="42.42427716240523" lon="77.2759143192525">
    <time>2026-08-15T14:44:59.893Z</time>
    <extensions>
        <provider>whs</provider>
    </extensions>
</trkpt>
<trkpt lat="42.42429786240523" lon="77.2759411192525">
    <time>2026-08-15T14:45:06.964Z</time>
    <extensions>
        <provider>whs</provider>
    </extensions>
</trkpt>
<trkpt lat="42.42427226240523" lon="77.2759386192525">
    <time>2026-08-15T14:45:11.004Z</time>
    <extensions>
        <provider>whs</provider>
    </extensions>
</trkpt>
<trkpt lat="42.424255462405235" lon="77.2759278192525">
    <time>2026-08-15T14:45:12.013Z</time>
    <extensions>
        <provider>whs</provider>
    </extensions>
</trkpt>
<trkpt lat="42.42422166240524" lon="77.2759157192525">
    <time>2026-08-15T14:45:14.040Z</time>
    <extensions>
        <provider>whs</provider>
    </extensions>
</trkpt>
<trkpt lat="42.42419796240524" lon="77.2759006192525">
    <time>2026-08-15T14:45:16.078Z</time>
    <extensions>
        <provider>whs</provider>
    </extensions>
</trkpt>
<trkpt lat="42.42417076240523" lon="77.2758943192525">
    <time>2026-08-15T14:45:18.097Z</time>
    <extensions>
        <provider>whs</provider>
    </extensions>
</trkpt>
<trkpt lat="42.42414956240523" lon="77.27589541925249">
    <time>2026-08-15T14:45:19.107Z</time>
    <extensions>
        <provider>whs</provider>
    </extensions>
</trkpt>
<trkpt lat="42.424170362405235" lon="77.2758764192525">
    <time>2026-08-15T14:45:22.132Z</time>
    <extensions>
        <provider>whs</provider>
    </extensions>
</trkpt>
<trkpt lat="42.42420766240524" lon="77.2758914192525">
    <time>2026-08-15T14:45:24.149Z</time>
    <extensions>
        <provider>whs</provider>
    </extensions>
</trkpt>
<trkpt lat="42.42423566240524" lon="77.27588541925249">
    <time>2026-08-15T14:45:25.160Z</time>
    <extensions>
        <provider>whs</provider>
    </extensions>
</trkpt>
<trkpt lat="42.42425936240524" lon="77.2758886192525">
    <time>2026-08-15T14:45:26.172Z</time>
    <extensions>
        <provider>whs</provider>
    </extensions>
</trkpt>
<trkpt lat="42.424291862405234" lon="77.2758896192525">
    <time>2026-08-15T14:45:28.190Z</time>
    <extensions>
        <provider>whs</provider>
    </extensions>
</trkpt>
<trkpt lat="42.42431156240524" lon="77.2759111192525">
    <time>2026-08-15T14:45:30.215Z</time>
    <extensions>
        <provider>whs</provider>
    </extensions>
</trkpt>
<trkpt lat="42.42429586240524" lon="77.2759369192525">
    <time>2026-08-15T14:45:32.235Z</time>
    <extensions>
        <provider>whs</provider>
    </extensions>
</trkpt>
<trkpt lat="42.42427586240523" lon="77.2759566192525">
    <time>2026-08-15T14:45:33.244Z</time>
    <extensions>
        <provider>whs</provider>
    </extensions>
</trkpt>
<trkpt lat="42.424270162405236" lon="77.2759940192525">
    <time>2026-08-15T14:45:35.262Z</time>
    <extensions>
        <provider>whs</provider>
    </extensions>
</trkpt>
<trkpt lat="42.42428496240523" lon="77.2759721192525">
    <time>2026-08-15T14:45:38.294Z</time>
    <extensions>
        <provider>whs</provider>
    </extensions>
</trkpt>
<trkpt lat="42.42424856240523" lon="77.2759509192525">
    <time>2026-08-15T14:45:47.392Z</time>
    <extensions>
        <provider>whs</provider>
    </extensions>
</trkpt>
<trkpt lat="42.42422066240523" lon="77.2759461192525">
    <time>2026-08-15T14:45:48.404Z</time>
    <extensions>
        <provider>whs</provider>
    </extensions>
</trkpt>
<trkpt lat="42.424240362405236" lon="77.2759274192525">
    <time>2026-08-15T14:45:50.424Z</time>
    <extensions>
        <provider>whs</provider>
    </extensions>
</trkpt>
<trkpt lat="42.424222662405235" lon="77.27589091925249">
    <time>2026-08-15T14:45:52.440Z</time>
    <extensions>
        <provider>whs</provider>
    </extensions>
</trkpt>
<trkpt lat="42.42421866240524" lon="77.2758479192525">
    <time>2026-08-15T14:45:58.492Z</time>
    <extensions>
        <provider>whs</provider>
    </extensions>
</trkpt>
<trkpt lat="42.424208562405234" lon="77.27582461925249">
    <time>2026-08-15T14:45:59.497Z</time>
    <extensions>
        <provider>whs</provider>
    </extensions>
</trkpt>
<trkpt lat="42.42418706240523" lon="77.27581261925249">
    <time>2026-08-15T14:46:01.507Z</time>
    <extensions>
        <provider>whs</provider>
    </extensions>
</trkpt>
<trkpt lat="42.42419666240524" lon="77.2758419192525">
    <time>2026-08-15T14:46:05.521Z</time>
    <extensions>
        <provider>whs</provider>
    </extensions>
</trkpt>
<trkpt lat="42.424233562405234" lon="77.27580831925249">
    <time>2026-08-15T14:46:09.546Z</time>
    <extensions>
        <provider>whs</provider>
    </extensions>
</trkpt>
<trkpt lat="42.42425746240524" lon="77.27579971925249">
    <time>2026-08-15T14:46:13.584Z</time>
    <extensions>
        <provider>whs</provider>
    </extensions>
</trkpt>
<trkpt lat="42.42422606240523" lon="77.27579681925249">
    <time>2026-08-15T14:46:17.620Z</time>
    <extensions>
        <provider>whs</provider>
    </extensions>
</trkpt>
<trkpt lat="42.424200862405236" lon="77.2757899192525">
    <time>2026-08-15T14:46:18.626Z</time>
    <extensions>
        <provider>whs</provider>
    </extensions>
</trkpt>
<trkpt lat="42.42417916240523" lon="77.2757508192525">
    <time>2026-08-15T14:46:20.639Z</time>
    <extensions>
        <provider>whs</provider>
    </extensions>
</trkpt>
<trkpt lat="42.42416156240523" lon="77.2757667192525">
    <time>2026-08-15T14:46:24.679Z</time>
    <extensions>
        <provider>whs</provider>
    </extensions>
</trkpt>
<trkpt lat="42.424144162405234" lon="77.2757402192525">
    <time>2026-08-15T14:46:26.703Z</time>
    <extensions>
        <provider>whs</provider>
    </extensions>
</trkpt>
<trkpt lat="42.424119262405235" lon="77.2757259192525">
    <time>2026-08-15T14:46:28.720Z</time>
    <extensions>
        <provider>whs</provider>
    </extensions>
</trkpt>
<trkpt lat="42.42415416240524" lon="77.2757417192525">
    <time>2026-08-15T14:46:31.723Z</time>
    <extensions>
        <provider>whs</provider>
    </extensions>
</trkpt>
<trkpt lat="42.42417386240523" lon="77.2757426192525">
    <time>2026-08-15T14:46:38.739Z</time>
    <extensions>
        <provider>whs</provider>
    </extensions>
</trkpt>
<trkpt lat="42.424186162405235" lon="77.2757624192525">
    <time>2026-08-15T14:46:39.747Z</time>
    <extensions>
        <provider>whs</provider>
    </extensions>
</trkpt>
<trkpt lat="42.42419806240523" lon="77.2757912192525">
    <time>2026-08-15T14:46:41.747Z</time>
    <extensions>
        <provider>whs</provider>
    </extensions>
</trkpt>
<trkpt lat="42.42421516240523" lon="77.2758177192525">
    <time>2026-08-15T14:46:44.757Z</time>
    <extensions>
        <provider>whs</provider>
    </extensions>
</trkpt>
<trkpt lat="42.42422536240524" lon="77.2758424192525">
    <time>2026-08-15T14:46:45.767Z</time>
    <extensions>
        <provider>whs</provider>
    </extensions>
</trkpt>
<trkpt lat="42.42424776240524" lon="77.2758359192525">
    <time>2026-08-15T14:46:47.786Z</time>
    <extensions>
        <provider>whs</provider>
    </extensions>
</trkpt>
<trkpt lat="42.42421456240523" lon="77.2758218192525">
    <time>2026-08-15T14:46:52.831Z</time>
    <extensions>
        <provider>whs</provider>
    </extensions>
</trkpt>
<trkpt lat="42.42419326240523" lon="77.2758254192525">
    <time>2026-08-15T14:46:53.842Z</time>
    <extensions>
        <provider>whs</provider>
    </extensions>
</trkpt>
<trkpt lat="42.424183062405234" lon="77.2758544192525">
    <time>2026-08-15T14:46:55.859Z</time>
    <extensions>
        <provider>whs</provider>
    </extensions>
</trkpt>
<trkpt lat="42.42420726240523" lon="77.2758575192525">
    <time>2026-08-15T14:47:01.914Z</time>
    <extensions>
        <provider>whs</provider>
    </extensions>
</trkpt>
<trkpt lat="42.42424076240523" lon="77.27586001925249">
    <time>2026-08-15T14:47:03.934Z</time>
    <extensions>
        <provider>whs</provider>
    </extensions>
</trkpt>
<trkpt lat="42.42425996240524" lon="77.27587871925249">
    <time>2026-08-15T14:47:04.944Z</time>
    <extensions>
        <provider>whs</provider>
    </extensions>
</trkpt>
<trkpt lat="42.42424186240523" lon="77.2758780192525">
    <time>2026-08-15T14:47:15.038Z</time>
    <extensions>
        <provider>whs</provider>
    </extensions>
</trkpt>
<trkpt lat="42.424257862405234" lon="77.2758929192525">
    <time>2026-08-15T14:47:17.057Z</time>
    <extensions>
        <provider>whs</provider>
    </extensions>
</trkpt>
<trkpt lat="42.42423566240524" lon="77.2758881192525">
    <time>2026-08-15T14:47:29.168Z</time>
    <extensions>
        <provider>whs</provider>
    </extensions>
</trkpt>
<trkpt lat="42.424202562405235" lon="77.2758822192525">
    <time>2026-08-15T14:47:32.203Z</time>
    <extensions>
        <provider>whs</provider>
    </extensions>
</trkpt>
<trkpt lat="42.42419736240524" lon="77.27585401925249">
    <time>2026-08-15T14:47:35.229Z</time>
    <extensions>
        <provider>whs</provider>
    </extensions>
</trkpt>
<trkpt lat="42.42419876240523" lon="77.2758795192525">
    <time>2026-08-15T14:47:41.241Z</time>
    <extensions>
        <provider>whs</provider>
    </extensions>
</trkpt>
<trkpt lat="42.42420886240524" lon="77.2758566192525">
    <time>2026-08-15T14:47:45.245Z</time>
    <extensions>
        <provider>whs</provider>
    </extensions>
</trkpt>
<trkpt lat="42.424181262405234" lon="77.2758347192525">
    <time>2026-08-15T14:47:48.248Z</time>
    <extensions>
        <provider>whs</provider>
    </extensions>
</trkpt>
<trkpt lat="42.42417246240524" lon="77.27586621925249">
    <time>2026-08-15T14:47:54.253Z</time>
    <extensions>
        <provider>whs</provider>
    </extensions>
</trkpt>
<trkpt lat="42.424159462405235" lon="77.2758450192525">
    <time>2026-08-15T14:47:56.255Z</time>
    <extensions>
        <provider>whs</provider>
    </extensions>
</trkpt>
<trkpt lat="42.42418456240524" lon="77.2758493192525">
    <time>2026-08-15T14:48:01.285Z</time>
    <extensions>
        <provider>whs</provider>
    </extensions>
</trkpt>
<trkpt lat="42.42420236240523" lon="77.27586501925249">
    <time>2026-08-15T14:48:06.310Z</time>
    <extensions>
        <provider>whs</provider>
    </extensions>
</trkpt>
<trkpt lat="42.424210562405236" lon="77.27582911925249">
    <time>2026-08-15T14:48:10.344Z</time>
    <extensions>
        <provider>whs</provider>
    </extensions>
</trkpt>
<trkpt lat="42.42419876240523" lon="77.2757966192525">
    <time>2026-08-15T14:48:12.364Z</time>
    <extensions>
        <provider>whs</provider>
    </extensions>
</trkpt>
<trkpt lat="42.424182562405235" lon="77.2757740192525">
    <time>2026-08-15T14:48:16.408Z</time>
    <extensions>
        <provider>whs</provider>
    </extensions>
</trkpt>
<trkpt lat="42.424169662405234" lon="77.27579181925249">
    <time>2026-08-15T14:48:18.419Z</time>
    <extensions>
        <provider>whs</provider>
    </extensions>
</trkpt>
<trkpt lat="42.424159462405235" lon="77.27582361925249">
    <time>2026-08-15T14:48:20.439Z</time>
    <extensions>
        <provider>whs</provider>
    </extensions>
</trkpt>
<trkpt lat="42.424176462405235" lon="77.2758549192525">
    <time>2026-08-15T14:48:21.450Z</time>
    <extensions>
        <provider>whs</provider>
    </extensions>
</trkpt>
<trkpt lat="42.424178262405235" lon="77.2758836192525">
    <time>2026-08-15T14:48:26.504Z</time>
    <extensions>
        <provider>whs</provider>
    </extensions>
</trkpt>
<trkpt lat="42.42419626240523" lon="77.2758695192525">
    <time>2026-08-15T14:48:31.555Z</time>
    <extensions>
        <provider>whs</provider>
    </extensions>
</trkpt>
<trkpt lat="42.424216662405236" lon="77.27588061925249">
    <time>2026-08-15T14:48:34.585Z</time>
    <extensions>
        <provider>whs</provider>
    </extensions>
</trkpt>
<trkpt lat="42.424231862405236" lon="77.27586381925249">
    <time>2026-08-15T14:48:40.611Z</time>
    <extensions>
        <provider>whs</provider>
    </extensions>
</trkpt>
<trkpt lat="42.42421926240524" lon="77.2758962192525">
    <time>2026-08-15T14:48:48.682Z</time>
    <extensions>
        <provider>whs</provider>
    </extensions>
</trkpt>
<trkpt lat="42.424240262405235" lon="77.27592131925249">
    <time>2026-08-15T14:48:53.726Z</time>
    <extensions>
        <provider>whs</provider>
    </extensions>
</trkpt>
<trkpt lat="42.424251162405234" lon="77.2759654192525">
    <time>2026-08-15T14:48:58.774Z</time>
    <extensions>
        <provider>whs</provider>
    </extensions>
</trkpt>
<trkpt lat="42.424273062405234" lon="77.2759726192525">
    <time>2026-08-15T14:49:01.802Z</time>
    <extensions>
        <provider>whs</provider>
    </extensions>
</trkpt>
<trkpt lat="42.424285362405236" lon="77.27599191925249">
    <time>2026-08-15T14:49:07.859Z</time>
    <extensions>
        <provider>whs</provider>
    </extensions>
</trkpt>
<trkpt lat="42.42430556240524" lon="77.2759662192525">
    <time>2026-08-15T14:49:23.027Z</time>
    <extensions>
        <provider>whs</provider>
    </extensions>
</trkpt>
<trkpt lat="42.424304262405236" lon="77.27594021925249">
    <time>2026-08-15T14:49:28.076Z</time>
    <extensions>
        <provider>whs</provider>
    </extensions>
</trkpt>
<trkpt lat="42.42428636240523" lon="77.2759446192525">
    <time>2026-08-15T14:49:32.115Z</time>
    <extensions>
        <provider>whs</provider>
    </extensions>
</trkpt>
<trkpt lat="42.42430306240524" lon="77.2759669192525">
    <time>2026-08-15T14:49:34.135Z</time>
    <extensions>
        <provider>whs</provider>
    </extensions>
</trkpt>
<trkpt lat="42.42431526240524" lon="77.2759862192525">
    <time>2026-08-15T14:49:42.165Z</time>
    <extensions>
        <provider>whs</provider>
    </extensions>
</trkpt>
<trkpt lat="42.424306062405236" lon="77.2760126192525">
    <time>2026-08-15T14:49:45.168Z</time>
    <extensions>
        <provider>whs</provider>
    </extensions>
</trkpt>
<trkpt lat="42.42430916240524" lon="77.2759882192525">
    <time>2026-08-15T14:49:46.178Z</time>
    <extensions>
        <provider>whs</provider>
    </extensions>
</trkpt>
<trkpt lat="42.42430376240524" lon="77.2759486192525">
    <time>2026-08-15T14:49:50.212Z</time>
    <extensions>
        <provider>whs</provider>
    </extensions>
</trkpt>
<trkpt lat="42.424288962405235" lon="77.2759650192525">
    <time>2026-08-15T14:49:53.238Z</time>
    <extensions>
        <provider>whs</provider>
    </extensions>
</trkpt>
<trkpt lat="42.42428316240523" lon="77.27599811925249">
    <time>2026-08-15T14:50:02.299Z</time>
    <extensions>
        <provider>whs</provider>
    </extensions>
</trkpt>
<trkpt lat="42.42426536240524" lon="77.27598521925249">
    <time>2026-08-15T14:50:05.329Z</time>
    <extensions>
        <provider>whs</provider>
    </extensions>
</trkpt>
<trkpt lat="42.424246962405235" lon="77.2759937192525">
    <time>2026-08-15T14:50:12.396Z</time>
    <extensions>
        <provider>whs</provider>
    </extensions>
</trkpt>
<trkpt lat="42.42422676240523" lon="77.2759972192525">
    <time>2026-08-15T14:50:20.457Z</time>
    <extensions>
        <provider>whs</provider>
    </extensions>
</trkpt>
<trkpt lat="42.42425086240524" lon="77.2760039192525">
    <time>2026-08-15T14:50:39.592Z</time>
    <extensions>
        <provider>whs</provider>
    </extensions>
</trkpt>
<trkpt lat="42.42424806240523" lon="77.27597921925249">
    <time>2026-08-15T14:50:48.666Z</time>
    <extensions>
        <provider>whs</provider>
    </extensions>
</trkpt>
<trkpt lat="42.42422666240523" lon="77.2759719192525">
    <time>2026-08-15T14:50:54.691Z</time>
    <extensions>
        <provider>whs</provider>
    </extensions>
</trkpt>
<trkpt lat="42.424202062405236" lon="77.27596961925249">
    <time>2026-08-15T14:51:06.770Z</time>
    <extensions>
        <provider>whs</provider>
    </extensions>
</trkpt>
<trkpt lat="42.42422236240523" lon="77.2759924192525">
    <time>2026-08-15T14:51:08.772Z</time>
    <extensions>
        <provider>whs</provider>
    </extensions>
</trkpt>
<trkpt lat="42.42420246240523" lon="77.2760078192525">
    <time>2026-08-15T14:51:10.789Z</time>
    <extensions>
        <provider>whs</provider>
    </extensions>
</trkpt>
<trkpt lat="42.424185562405235" lon="77.2760348192525">
    <time>2026-08-15T14:51:11.799Z</time>
    <extensions>
        <provider>whs</provider>
    </extensions>
</trkpt>
<trkpt lat="42.42415356240524" lon="77.27606201925249">
    <time>2026-08-15T14:51:12.807Z</time>
    <extensions>
        <provider>whs</provider>
    </extensions>
</trkpt>
<trkpt lat="42.424111962405235" lon="77.2760971192525">
    <time>2026-08-15T14:51:13.817Z</time>
    <extensions>
        <provider>whs</provider>
    </extensions>
</trkpt>
<trkpt lat="42.42408606240524" lon="77.27612141925249">
    <time>2026-08-15T14:51:14.829Z</time>
    <extensions>
        <provider>whs</provider>
    </extensions>
</trkpt>
<trkpt lat="42.424044562405236" lon="77.2761610192525">
    <time>2026-08-15T14:51:15.839Z</time>
    <extensions>
        <provider>whs</provider>
    </extensions>
</trkpt>
<trkpt lat="42.424011062405235" lon="77.2762080192525">
    <time>2026-08-15T14:51:16.849Z</time>
    <extensions>
        <provider>whs</provider>
    </extensions>
</trkpt>
<trkpt lat="42.423967962405236" lon="77.27626861925249">
    <time>2026-08-15T14:51:17.857Z</time>
    <extensions>
        <provider>whs</provider>
    </extensions>
</trkpt>
<trkpt lat="42.423931962405234" lon="77.2763343192525">
    <time>2026-08-15T14:51:18.867Z</time>
    <extensions>
        <provider>whs</provider>
    </extensions>
</trkpt>
<trkpt lat="42.423890662405235" lon="77.2764107192525">
    <time>2026-08-15T14:51:19.876Z</time>
    <extensions>
        <provider>whs</provider>
    </extensions>
</trkpt>
<trkpt lat="42.42386256240523" lon="77.2764908192525">
    <time>2026-08-15T14:51:20.886Z</time>
    <extensions>
        <provider>whs</provider>
    </extensions>
</trkpt>
<trkpt lat="42.42382406240524" lon="77.2765600192525">
    <time>2026-08-15T14:51:21.897Z</time>
    <extensions>
        <provider>whs</provider>
    </extensions>
</trkpt>
<trkpt lat="42.423796562405236" lon="77.2766247192525">
    <time>2026-08-15T14:51:22.907Z</time>
    <extensions>
        <provider>whs</provider>
    </extensions>
</trkpt>
<trkpt lat="42.42376316240524" lon="77.2766876192525">
    <time>2026-08-15T14:51:23.918Z</time>
    <extensions>
        <provider>whs</provider>
    </extensions>
</trkpt>
<trkpt lat="42.423732062405236" lon="77.2767384192525">
    <time>2026-08-15T14:51:24.928Z</time>
    <extensions>
        <provider>whs</provider>
    </extensions>
</trkpt>
<trkpt lat="42.42369216240523" lon="77.27679261925249">
    <time>2026-08-15T14:51:25.938Z</time>
    <extensions>
        <provider>whs</provider>
    </extensions>
</trkpt>
<trkpt lat="42.42365686240524" lon="77.2768545192525">
    <time>2026-08-15T14:51:26.948Z</time>
    <extensions>
        <provider>whs</provider>
    </extensions>
</trkpt>
<trkpt lat="42.423618862405235" lon="77.2769042192525">
    <time>2026-08-15T14:51:27.958Z</time>
    <extensions>
        <provider>whs</provider>
    </extensions>
</trkpt>
<trkpt lat="42.42358106240523" lon="77.2769564192525">
    <time>2026-08-15T14:51:28.968Z</time>
    <extensions>
        <provider>whs</provider>
    </extensions>
</trkpt>
<trkpt lat="42.42354336240523" lon="77.2769916192525">
    <time>2026-08-15T14:51:29.977Z</time>
    <extensions>
        <provider>whs</provider>
    </extensions>
</trkpt>
<trkpt lat="42.423509362405234" lon="77.2770268192525">
    <time>2026-08-15T14:51:30.986Z</time>
    <extensions>
        <provider>whs</provider>
    </extensions>
</trkpt>
<trkpt lat="42.423472462405236" lon="77.27704921925249">
    <time>2026-08-15T14:51:31.997Z</time>
    <extensions>
        <provider>whs</provider>
    </extensions>
</trkpt>
<trkpt lat="42.42341736240523" lon="77.2770739192525">
    <time>2026-08-15T14:51:33.007Z</time>
    <extensions>
        <provider>whs</provider>
    </extensions>
</trkpt>
<trkpt lat="42.42335586240524" lon="77.27709851925249">
    <time>2026-08-15T14:51:34.017Z</time>
    <extensions>
        <provider>whs</provider>
    </extensions>
</trkpt>
<trkpt lat="42.423296062405235" lon="77.27711241925249">
    <time>2026-08-15T14:51:35.027Z</time>
    <extensions>
        <provider>whs</provider>
    </extensions>
</trkpt>
<trkpt lat="42.42323356240524" lon="77.2771149192525">
    <time>2026-08-15T14:51:36.033Z</time>
    <extensions>
        <provider>whs</provider>
    </extensions>
</trkpt>
<trkpt lat="42.42316366240524" lon="77.27709661925249">
    <time>2026-08-15T14:51:37.041Z</time>
    <extensions>
        <provider>whs</provider>
    </extensions>
</trkpt>
<trkpt lat="42.423109262405234" lon="77.2770694192525">
    <time>2026-08-15T14:51:38.050Z</time>
    <extensions>
        <provider>whs</provider>
    </extensions>
</trkpt>
<trkpt lat="42.42306526240523" lon="77.2770544192525">
    <time>2026-08-15T14:51:39.059Z</time>
    <extensions>
        <provider>whs</provider>
    </extensions>
</trkpt>
<trkpt lat="42.423020562405235" lon="77.2770409192525">
    <time>2026-08-15T14:51:40.067Z</time>
    <extensions>
        <provider>whs</provider>
    </extensions>
</trkpt>
<trkpt lat="42.42299676240523" lon="77.2770268192525">
    <time>2026-08-15T14:51:41.077Z</time>
    <extensions>
        <provider>whs</provider>
    </extensions>
</trkpt>
<trkpt lat="42.42297966240523" lon="77.2770187192525">
    <time>2026-08-15T14:51:42.086Z</time>
    <extensions>
        <provider>whs</provider>
    </extensions>
</trkpt>
<trkpt lat="42.42300096240523" lon="77.2770321192525">
    <time>2026-08-15T14:51:46.125Z</time>
    <extensions>
        <provider>whs</provider>
    </extensions>
</trkpt>
<trkpt lat="42.42297516240524" lon="77.2770383192525">
    <time>2026-08-15T14:51:48.142Z</time>
    <extensions>
        <provider>whs</provider>
    </extensions>
</trkpt>
<trkpt lat="42.42295456240524" lon="77.27705591925249">
    <time>2026-08-15T14:51:49.150Z</time>
    <extensions>
        <provider>whs</provider>
    </extensions>
</trkpt>
<trkpt lat="42.422927462405234" lon="77.2770794192525">
    <time>2026-08-15T14:51:50.159Z</time>
    <extensions>
        <provider>whs</provider>
    </extensions>
</trkpt>
<trkpt lat="42.42290156240524" lon="77.2771034192525">
    <time>2026-08-15T14:51:51.168Z</time>
    <extensions>
        <provider>whs</provider>
    </extensions>
</trkpt>
<trkpt lat="42.42287426240524" lon="77.2771601192525">
    <time>2026-08-15T14:51:52.177Z</time>
    <extensions>
        <provider>whs</provider>
    </extensions>
</trkpt>
<trkpt lat="42.42282866240524" lon="77.2772017192525">
    <time>2026-08-15T14:51:53.188Z</time>
    <extensions>
        <provider>whs</provider>
    </extensions>
</trkpt>
<trkpt lat="42.422781062405235" lon="77.2772698192525">
    <time>2026-08-15T14:51:54.197Z</time>
    <extensions>
        <provider>whs</provider>
    </extensions>
</trkpt>
<trkpt lat="42.42273456240523" lon="77.27733741925249">
    <time>2026-08-15T14:51:55.207Z</time>
    <extensions>
        <provider>whs</provider>
    </extensions>
</trkpt>
<trkpt lat="42.42268906240523" lon="77.2774052192525">
    <time>2026-08-15T14:51:56.215Z</time>
    <extensions>
        <provider>whs</provider>
    </extensions>
</trkpt>
<trkpt lat="42.42264956240523" lon="77.2774729192525">
    <time>2026-08-15T14:51:57.225Z</time>
    <extensions>
        <provider>whs</provider>
    </extensions>
</trkpt>
<trkpt lat="42.42262626240523" lon="77.2775743192525">
    <time>2026-08-15T14:51:58.234Z</time>
    <extensions>
        <provider>whs</provider>
    </extensions>
</trkpt>
<trkpt lat="42.422584762405236" lon="77.2776738192525">
    <time>2026-08-15T14:51:59.244Z</time>
    <extensions>
        <provider>whs</provider>
    </extensions>
</trkpt>
<trkpt lat="42.422545062405234" lon="77.2777757192525">
    <time>2026-08-15T14:52:00.247Z</time>
    <extensions>
        <provider>whs</provider>
    </extensions>
</trkpt>
<trkpt lat="42.422492162405234" lon="77.2779034192525">
    <time>2026-08-15T14:52:01.256Z</time>
    <extensions>
        <provider>whs</provider>
    </extensions>
</trkpt>
<trkpt lat="42.42244446240524" lon="77.2780264192525">
    <time>2026-08-15T14:52:02.264Z</time>
    <extensions>
        <provider>whs</provider>
    </extensions>
</trkpt>
<trkpt lat="42.42239716240523" lon="77.2781643192525">
    <time>2026-08-15T14:52:03.273Z</time>
    <extensions>
        <provider>whs</provider>
    </extensions>
</trkpt>
<trkpt lat="42.42235096240523" lon="77.2783024192525">
    <time>2026-08-15T14:52:04.282Z</time>
    <extensions>
        <provider>whs</provider>
    </extensions>
</trkpt>
<trkpt lat="42.42230936240524" lon="77.2784358192525">
    <time>2026-08-15T14:52:05.294Z</time>
    <extensions>
        <provider>whs</provider>
    </extensions>
</trkpt>
<trkpt lat="42.42224706240523" lon="77.2785741192525">
    <time>2026-08-15T14:52:06.300Z</time>
    <extensions>
        <provider>whs</provider>
    </extensions>
</trkpt>
<trkpt lat="42.422196162405235" lon="77.2786959192525">
    <time>2026-08-15T14:52:07.309Z</time>
    <extensions>
        <provider>whs</provider>
    </extensions>
</trkpt>
<trkpt lat="42.42213386240523" lon="77.2788085192525">
    <time>2026-08-15T14:52:08.319Z</time>
    <extensions>
        <provider>whs</provider>
    </extensions>
</trkpt>
<trkpt lat="42.422080062405236" lon="77.2789193192525">
    <time>2026-08-15T14:52:09.327Z</time>
    <extensions>
        <provider>whs</provider>
    </extensions>
</trkpt>
<trkpt lat="42.422017262405234" lon="77.2790401192525">
    <time>2026-08-15T14:52:10.338Z</time>
    <extensions>
        <provider>whs</provider>
    </extensions>
</trkpt>
<trkpt lat="42.42195996240523" lon="77.2791459192525">
    <time>2026-08-15T14:52:11.348Z</time>
    <extensions>
        <provider>whs</provider>
    </extensions>
</trkpt>
<trkpt lat="42.421910462405236" lon="77.27927961925249">
    <time>2026-08-15T14:52:12.357Z</time>
    <extensions>
        <provider>whs</provider>
    </extensions>
</trkpt>
<trkpt lat="42.42185656240523" lon="77.2794064192525">
    <time>2026-08-15T14:52:13.367Z</time>
    <extensions>
        <provider>whs</provider>
    </extensions>
</trkpt>
<trkpt lat="42.42180436240523" lon="77.2795493192525">
    <time>2026-08-15T14:52:14.377Z</time>
    <extensions>
        <provider>whs</provider>
    </extensions>
</trkpt>
<trkpt lat="42.42173256240523" lon="77.2796703192525">
    <time>2026-08-15T14:52:15.388Z</time>
    <extensions>
        <provider>whs</provider>
    </extensions>
</trkpt>
<trkpt lat="42.421632362405234" lon="77.2798921192525">
    <time>2026-08-15T14:52:16.398Z</time>
    <extensions>
        <provider>whs</provider>
    </extensions>
</trkpt>
<trkpt lat="42.42158186240523" lon="77.2799707192525">
    <time>2026-08-15T14:52:17.408Z</time>
    <extensions>
        <provider>whs</provider>
    </extensions>
</trkpt>
<trkpt lat="42.421523062405235" lon="77.28006091925249">
    <time>2026-08-15T14:52:18.417Z</time>
    <extensions>
        <provider>whs</provider>
    </extensions>
</trkpt>
<trkpt lat="42.42146376240523" lon="77.2801365192525">
    <time>2026-08-15T14:52:19.426Z</time>
    <extensions>
        <provider>whs</provider>
    </extensions>
</trkpt>
<trkpt lat="42.42139096240523" lon="77.2802365192525">
    <time>2026-08-15T14:52:20.436Z</time>
    <extensions>
        <provider>whs</provider>
    </extensions>
</trkpt>
<trkpt lat="42.42133186240523" lon="77.2803221192525">
    <time>2026-08-15T14:52:21.447Z</time>
    <extensions>
        <provider>whs</provider>
    </extensions>
</trkpt>
<trkpt lat="42.42127906240523" lon="77.28039031925249">
    <time>2026-08-15T14:52:22.456Z</time>
    <extensions>
        <provider>whs</provider>
    </extensions>
</trkpt>
<trkpt lat="42.42123466240523" lon="77.28045661925249">
    <time>2026-08-15T14:52:23.463Z</time>
    <extensions>
        <provider>whs</provider>
    </extensions>
</trkpt>
<trkpt lat="42.42119876240523" lon="77.2805087192525">
    <time>2026-08-15T14:52:24.471Z</time>
    <extensions>
        <provider>whs</provider>
    </extensions>
</trkpt>
<trkpt lat="42.42116636240524" lon="77.2805546192525">
    <time>2026-08-15T14:52:25.480Z</time>
    <extensions>
        <provider>whs</provider>
    </extensions>
</trkpt>
<trkpt lat="42.421152662405234" lon="77.2806013192525">
    <time>2026-08-15T14:52:26.490Z</time>
    <extensions>
        <provider>whs</provider>
    </extensions>
</trkpt>
<trkpt lat="42.42113856240523" lon="77.2806441192525">
    <time>2026-08-15T14:52:27.498Z</time>
    <extensions>
        <provider>whs</provider>
    </extensions>
</trkpt>
<trkpt lat="42.421137562405235" lon="77.2806942192525">
    <time>2026-08-15T14:52:28.508Z</time>
    <extensions>
        <provider>whs</provider>
    </extensions>
</trkpt>
<trkpt lat="42.42113906240523" lon="77.2807451192525">
    <time>2026-08-15T14:52:29.517Z</time>
    <extensions>
        <provider>whs</provider>
    </extensions>
</trkpt>
<trkpt lat="42.42117136240523" lon="77.2808005192525">
    <time>2026-08-15T14:52:30.527Z</time>
    <extensions>
        <provider>whs</provider>
    </extensions>
</trkpt>
<trkpt lat="42.42123216240523" lon="77.2808471192525">
    <time>2026-08-15T14:52:31.536Z</time>
    <extensions>
        <provider>whs</provider>
    </extensions>
</trkpt>
<trkpt lat="42.42128326240523" lon="77.2809060192525">
    <time>2026-08-15T14:52:32.545Z</time>
    <extensions>
        <provider>whs</provider>
    </extensions>
</trkpt>
<trkpt lat="42.421330262405235" lon="77.2809616192525">
    <time>2026-08-15T14:52:33.557Z</time>
    <extensions>
        <provider>whs</provider>
    </extensions>
</trkpt>
<trkpt lat="42.42136296240523" lon="77.2810206192525">
    <time>2026-08-15T14:52:34.564Z</time>
    <extensions>
        <provider>whs</provider>
    </extensions>
</trkpt>
<trkpt lat="42.42135596240524" lon="77.2810822192525">
    <time>2026-08-15T14:52:35.573Z</time>
    <extensions>
        <provider>whs</provider>
    </extensions>
</trkpt>
<trkpt lat="42.42132926240524" lon="77.2811784192525">
    <time>2026-08-15T14:52:36.584Z</time>
    <extensions>
        <provider>whs</provider>
    </extensions>
</trkpt>
<trkpt lat="42.42128756240523" lon="77.2812637192525">
    <time>2026-08-15T14:52:37.594Z</time>
    <extensions>
        <provider>whs</provider>
    </extensions>
</trkpt>
<trkpt lat="42.42125326240524" lon="77.28134301925249">
    <time>2026-08-15T14:52:38.602Z</time>
    <extensions>
        <provider>whs</provider>
    </extensions>
</trkpt>
<trkpt lat="42.42122496240523" lon="77.28142701925249">
    <time>2026-08-15T14:52:39.612Z</time>
    <extensions>
        <provider>whs</provider>
    </extensions>
</trkpt>
<trkpt lat="42.42118876240524" lon="77.2815175192525">
    <time>2026-08-15T14:52:40.621Z</time>
    <extensions>
        <provider>whs</provider>
    </extensions>
</trkpt>
<trkpt lat="42.42117316240523" lon="77.2816306192525">
    <time>2026-08-15T14:52:41.630Z</time>
    <extensions>
        <provider>whs</provider>
    </extensions>
</trkpt>
<trkpt lat="42.42119386240523" lon="77.2817402192525">
    <time>2026-08-15T14:52:42.640Z</time>
    <extensions>
        <provider>whs</provider>
    </extensions>
</trkpt>
<trkpt lat="42.421208662405235" lon="77.2818446192525">
    <time>2026-08-15T14:52:43.649Z</time>
    <extensions>
        <provider>whs</provider>
    </extensions>
</trkpt>
<trkpt lat="42.42123136240524" lon="77.2819710192525">
    <time>2026-08-15T14:52:44.658Z</time>
    <extensions>
        <provider>whs</provider>
    </extensions>
</trkpt>
<trkpt lat="42.42126616240523" lon="77.2820925192525">
    <time>2026-08-15T14:52:45.668Z</time>
    <extensions>
        <provider>whs</provider>
    </extensions>
</trkpt>
<trkpt lat="42.421293862405236" lon="77.2822195192525">
    <time>2026-08-15T14:52:46.679Z</time>
    <extensions>
        <provider>whs</provider>
    </extensions>
</trkpt>
<trkpt lat="42.421324762405234" lon="77.2823350192525">
    <time>2026-08-15T14:52:47.688Z</time>
    <extensions>
        <provider>whs</provider>
    </extensions>
</trkpt>
<trkpt lat="42.421349062405234" lon="77.2824647192525">
    <time>2026-08-15T14:52:48.696Z</time>
    <extensions>
        <provider>whs</provider>
    </extensions>
</trkpt>
<trkpt lat="42.42136716240523" lon="77.28259271925249">
    <time>2026-08-15T14:52:49.701Z</time>
    <extensions>
        <provider>whs</provider>
    </extensions>
</trkpt>
<trkpt lat="42.421391662405235" lon="77.2827058192525">
    <time>2026-08-15T14:52:50.711Z</time>
    <extensions>
        <provider>whs</provider>
    </extensions>
</trkpt>
<trkpt lat="42.421414762405234" lon="77.28280411925249">
    <time>2026-08-15T14:52:51.721Z</time>
    <extensions>
        <provider>whs</provider>
    </extensions>
</trkpt>
<trkpt lat="42.421440862405234" lon="77.2828755192525">
    <time>2026-08-15T14:52:52.731Z</time>
    <extensions>
        <provider>whs</provider>
    </extensions>
</trkpt>
<trkpt lat="42.421480362405234" lon="77.2829522192525">
    <time>2026-08-15T14:52:53.740Z</time>
    <extensions>
        <provider>whs</provider>
    </extensions>
</trkpt>
<trkpt lat="42.421531462405234" lon="77.2830448192525">
    <time>2026-08-15T14:52:54.747Z</time>
    <extensions>
        <provider>whs</provider>
    </extensions>
</trkpt>
<trkpt lat="42.421585662405235" lon="77.2831154192525">
    <time>2026-08-15T14:52:55.748Z</time>
    <extensions>
        <provider>whs</provider>
    </extensions>
</trkpt>
<trkpt lat="42.42165116240523" lon="77.2832075192525">
    <time>2026-08-15T14:52:56.749Z</time>
    <extensions>
        <provider>whs</provider>
    </extensions>
</trkpt>
<trkpt lat="42.42171006240523" lon="77.28330411925249">
    <time>2026-08-15T14:52:57.750Z</time>
    <extensions>
        <provider>whs</provider>
    </extensions>
</trkpt>
<trkpt lat="42.42176166240523" lon="77.2834119192525">
    <time>2026-08-15T14:52:58.751Z</time>
    <extensions>
        <provider>whs</provider>
    </extensions>
</trkpt>
<trkpt lat="42.42179036240523" lon="77.28353221925249">
    <time>2026-08-15T14:52:59.752Z</time>
    <extensions>
        <provider>whs</provider>
    </extensions>
</trkpt>
<trkpt lat="42.42180846240524" lon="77.2836362192525">
    <time>2026-08-15T14:53:00.753Z</time>
    <extensions>
        <provider>whs</provider>
    </extensions>
</trkpt>
<trkpt lat="42.421798362405234" lon="77.2837548192525">
    <time>2026-08-15T14:53:01.759Z</time>
    <extensions>
        <provider>whs</provider>
    </extensions>
</trkpt>
<trkpt lat="42.42176426240523" lon="77.2838563192525">
    <time>2026-08-15T14:53:02.769Z</time>
    <extensions>
        <provider>whs</provider>
    </extensions>
</trkpt>
<trkpt lat="42.42171966240524" lon="77.28395831925249">
    <time>2026-08-15T14:53:03.778Z</time>
    <extensions>
        <provider>whs</provider>
    </extensions>
</trkpt>
<trkpt lat="42.42164936240523" lon="77.2840764192525">
    <time>2026-08-15T14:53:04.786Z</time>
    <extensions>
        <provider>whs</provider>
    </extensions>
</trkpt>
<trkpt lat="42.42158186240523" lon="77.28416511925249">
    <time>2026-08-15T14:53:05.796Z</time>
    <extensions>
        <provider>whs</provider>
    </extensions>
</trkpt>
<trkpt lat="42.42152696240523" lon="77.2842406192525">
    <time>2026-08-15T14:53:06.803Z</time>
    <extensions>
        <provider>whs</provider>
    </extensions>
</trkpt>
<trkpt lat="42.421490262405236" lon="77.28431691925249">
    <time>2026-08-15T14:53:07.815Z</time>
    <extensions>
        <provider>whs</provider>
    </extensions>
</trkpt>
<trkpt lat="42.421453162405236" lon="77.2843890192525">
    <time>2026-08-15T14:53:08.825Z</time>
    <extensions>
        <provider>whs</provider>
    </extensions>
</trkpt>
<trkpt lat="42.42143656240523" lon="77.2844461192525">
    <time>2026-08-15T14:53:09.835Z</time>
    <extensions>
        <provider>whs</provider>
    </extensions>
</trkpt>
<trkpt lat="42.421443262405234" lon="77.2845173192525">
    <time>2026-08-15T14:53:10.845Z</time>
    <extensions>
        <provider>whs</provider>
    </extensions>
</trkpt>
<trkpt lat="42.421484662405234" lon="77.2846059192525">
    <time>2026-08-15T14:53:11.852Z</time>
    <extensions>
        <provider>whs</provider>
    </extensions>
</trkpt>
<trkpt lat="42.421540762405236" lon="77.28467711925249">
    <time>2026-08-15T14:53:12.861Z</time>
    <extensions>
        <provider>whs</provider>
    </extensions>
</trkpt>
<trkpt lat="42.421592362405235" lon="77.2847307192525">
    <time>2026-08-15T14:53:13.870Z</time>
    <extensions>
        <provider>whs</provider>
    </extensions>
</trkpt>
<trkpt lat="42.421670862405236" lon="77.28477191925249">
    <time>2026-08-15T14:53:14.880Z</time>
    <extensions>
        <provider>whs</provider>
    </extensions>
</trkpt>
<trkpt lat="42.421758862405234" lon="77.28480901925249">
    <time>2026-08-15T14:53:15.890Z</time>
    <extensions>
        <provider>whs</provider>
    </extensions>
</trkpt>
<trkpt lat="42.42184756240523" lon="77.2848494192525">
    <time>2026-08-15T14:53:16.898Z</time>
    <extensions>
        <provider>whs</provider>
    </extensions>
</trkpt>
<trkpt lat="42.42195676240524" lon="77.2849128192525">
    <time>2026-08-15T14:53:17.907Z</time>
    <extensions>
        <provider>whs</provider>
    </extensions>
</trkpt>
<trkpt lat="42.422049462405234" lon="77.2849727192525">
    <time>2026-08-15T14:53:18.915Z</time>
    <extensions>
        <provider>whs</provider>
    </extensions>
</trkpt>
<trkpt lat="42.42214276240524" lon="77.2850476192525">
    <time>2026-08-15T14:53:19.923Z</time>
    <extensions>
        <provider>whs</provider>
    </extensions>
</trkpt>
<trkpt lat="42.42219416240523" lon="77.28512501925249">
    <time>2026-08-15T14:53:20.931Z</time>
    <extensions>
        <provider>whs</provider>
    </extensions>
</trkpt>
<trkpt lat="42.422256862405234" lon="77.2852120192525">
    <time>2026-08-15T14:53:21.940Z</time>
    <extensions>
        <provider>whs</provider>
    </extensions>
</trkpt>
<trkpt lat="42.42230776240523" lon="77.2853108192525">
    <time>2026-08-15T14:53:22.950Z</time>
    <extensions>
        <provider>whs</provider>
    </extensions>
</trkpt>
<trkpt lat="42.422333462405234" lon="77.2854301192525">
    <time>2026-08-15T14:53:23.957Z</time>
    <extensions>
        <provider>whs</provider>
    </extensions>
</trkpt>
<trkpt lat="42.42231146240523" lon="77.2855498192525">
    <time>2026-08-15T14:53:24.966Z</time>
    <extensions>
        <provider>whs</provider>
    </extensions>
</trkpt>
<trkpt lat="42.42229366240524" lon="77.2856939192525">
    <time>2026-08-15T14:53:25.976Z</time>
    <extensions>
        <provider>whs</provider>
    </extensions>
</trkpt>
<trkpt lat="42.422261762405235" lon="77.2858387192525">
    <time>2026-08-15T14:53:26.985Z</time>
    <extensions>
        <provider>whs</provider>
    </extensions>
</trkpt>
<trkpt lat="42.42224266240523" lon="77.28597931925249">
    <time>2026-08-15T14:53:27.992Z</time>
    <extensions>
        <provider>whs</provider>
    </extensions>
</trkpt>
<trkpt lat="42.42215096240523" lon="77.28612221925249">
    <time>2026-08-15T14:53:29.002Z</time>
    <extensions>
        <provider>whs</provider>
    </extensions>
</trkpt>
<trkpt lat="42.42210896240523" lon="77.2862616192525">
    <time>2026-08-15T14:53:30.011Z</time>
    <extensions>
        <provider>whs</provider>
    </extensions>
</trkpt>
<trkpt lat="42.422076862405234" lon="77.2863822192525">
    <time>2026-08-15T14:53:31.018Z</time>
    <extensions>
        <provider>whs</provider>
    </extensions>
</trkpt>
<trkpt lat="42.422058762405236" lon="77.2865149192525">
    <time>2026-08-15T14:53:32.028Z</time>
    <extensions>
        <provider>whs</provider>
    </extensions>
</trkpt>
<trkpt lat="42.42203886240524" lon="77.2866447192525">
    <time>2026-08-15T14:53:33.037Z</time>
    <extensions>
        <provider>whs</provider>
    </extensions>
</trkpt>
<trkpt lat="42.422010562405234" lon="77.2867841192525">
    <time>2026-08-15T14:53:34.047Z</time>
    <extensions>
        <provider>whs</provider>
    </extensions>
</trkpt>
<trkpt lat="42.42200736240523" lon="77.2869155192525">
    <time>2026-08-15T14:53:35.056Z</time>
    <extensions>
        <provider>whs</provider>
    </extensions>
</trkpt>
<trkpt lat="42.42199506240524" lon="77.2870350192525">
    <time>2026-08-15T14:53:36.060Z</time>
    <extensions>
        <provider>whs</provider>
    </extensions>
</trkpt>
<trkpt lat="42.421996762405236" lon="77.2871404192525">
    <time>2026-08-15T14:53:37.062Z</time>
    <extensions>
        <provider>whs</provider>
    </extensions>
</trkpt>
<trkpt lat="42.421993162405236" lon="77.2872620192525">
    <time>2026-08-15T14:53:38.070Z</time>
    <extensions>
        <provider>whs</provider>
    </extensions>
</trkpt>
<trkpt lat="42.42200606240524" lon="77.2873735192525">
    <time>2026-08-15T14:53:39.079Z</time>
    <extensions>
        <provider>whs</provider>
    </extensions>
</trkpt>
<trkpt lat="42.422012562405236" lon="77.2874853192525">
    <time>2026-08-15T14:53:40.088Z</time>
    <extensions>
        <provider>whs</provider>
    </extensions>
</trkpt>
<trkpt lat="42.422019062405234" lon="77.2876025192525">
    <time>2026-08-15T14:53:41.098Z</time>
    <extensions>
        <provider>whs</provider>
    </extensions>
</trkpt>
<trkpt lat="42.422023362405234" lon="77.2877086192525">
    <time>2026-08-15T14:53:42.107Z</time>
    <extensions>
        <provider>whs</provider>
    </extensions>
</trkpt>
<trkpt lat="42.422024762405236" lon="77.28780881925249">
    <time>2026-08-15T14:53:43.116Z</time>
    <extensions>
        <provider>whs</provider>
    </extensions>
</trkpt>
<trkpt lat="42.422000962405235" lon="77.2879066192525">
    <time>2026-08-15T14:53:44.125Z</time>
    <extensions>
        <provider>whs</provider>
    </extensions>
</trkpt>
<trkpt lat="42.42195936240523" lon="77.28801491925249">
    <time>2026-08-15T14:53:45.133Z</time>
    <extensions>
        <provider>whs</provider>
    </extensions>
</trkpt>
<trkpt lat="42.42189176240524" lon="77.2881160192525">
    <time>2026-08-15T14:53:46.145Z</time>
    <extensions>
        <provider>whs</provider>
    </extensions>
</trkpt>
<trkpt lat="42.42181656240523" lon="77.28821191925249">
    <time>2026-08-15T14:53:47.152Z</time>
    <extensions>
        <provider>whs</provider>
    </extensions>
</trkpt>
<trkpt lat="42.42174996240524" lon="77.2882957192525">
    <time>2026-08-15T14:53:48.162Z</time>
    <extensions>
        <provider>whs</provider>
    </extensions>
</trkpt>
<trkpt lat="42.42169046240524" lon="77.2883896192525">
    <time>2026-08-15T14:53:49.170Z</time>
    <extensions>
        <provider>whs</provider>
    </extensions>
</trkpt>
<trkpt lat="42.42165706240524" lon="77.2884864192525">
    <time>2026-08-15T14:53:50.180Z</time>
    <extensions>
        <provider>whs</provider>
    </extensions>
</trkpt>
<trkpt lat="42.421634962405236" lon="77.2885692192525">
    <time>2026-08-15T14:53:51.189Z</time>
    <extensions>
        <provider>whs</provider>
    </extensions>
</trkpt>
<trkpt lat="42.421622862405236" lon="77.2886672192525">
    <time>2026-08-15T14:53:52.197Z</time>
    <extensions>
        <provider>whs</provider>
    </extensions>
</trkpt>
<trkpt lat="42.42161936240524" lon="77.2887192192525">
    <time>2026-08-15T14:53:53.207Z</time>
    <extensions>
        <provider>whs</provider>
    </extensions>
</trkpt>
<trkpt lat="42.421637262405234" lon="77.2887408192525">
    <time>2026-08-15T14:53:54.217Z</time>
    <extensions>
        <provider>whs</provider>
    </extensions>
</trkpt>
<trkpt lat="42.421732262405236" lon="77.2887132192525">
    <time>2026-08-15T14:53:56.222Z</time>
    <extensions>
        <provider>whs</provider>
    </extensions>
</trkpt>
<trkpt lat="42.42183106240523" lon="77.2886593192525">
    <time>2026-08-15T14:53:57.223Z</time>
    <extensions>
        <provider>whs</provider>
    </extensions>
</trkpt>
<trkpt lat="42.421920662405235" lon="77.2886567192525">
    <time>2026-08-15T14:53:58.223Z</time>
    <extensions>
        <provider>whs</provider>
    </extensions>
</trkpt>
<trkpt lat="42.42207346240524" lon="77.28855681925249">
    <time>2026-08-15T14:53:59.224Z</time>
    <extensions>
        <provider>whs</provider>
    </extensions>
</trkpt>
<trkpt lat="42.422189962405234" lon="77.2884915192525">
    <time>2026-08-15T14:54:00.226Z</time>
    <extensions>
        <provider>whs</provider>
    </extensions>
</trkpt>
<trkpt lat="42.422350662405236" lon="77.28839621925249">
    <time>2026-08-15T14:54:01.226Z</time>
    <extensions>
        <provider>whs</provider>
    </extensions>
</trkpt>
<trkpt lat="42.422503862405236" lon="77.28834281925249">
    <time>2026-08-15T14:54:02.227Z</time>
    <extensions>
        <provider>whs</provider>
    </extensions>
</trkpt>
<trkpt lat="42.422646162405236" lon="77.2882944192525">
    <time>2026-08-15T14:54:03.228Z</time>
    <extensions>
        <provider>whs</provider>
    </extensions>
</trkpt>
<trkpt lat="42.42276786240524" lon="77.2882405192525">
    <time>2026-08-15T14:54:04.228Z</time>
    <extensions>
        <provider>whs</provider>
    </extensions>
</trkpt>
<trkpt lat="42.422906362405236" lon="77.2881967192525">
    <time>2026-08-15T14:54:05.230Z</time>
    <extensions>
        <provider>whs</provider>
    </extensions>
</trkpt>
<trkpt lat="42.42302166240523" lon="77.28814751925249">
    <time>2026-08-15T14:54:06.231Z</time>
    <extensions>
        <provider>whs</provider>
    </extensions>
</trkpt>
<trkpt lat="42.423143362405234" lon="77.2881042192525">
    <time>2026-08-15T14:54:07.231Z</time>
    <extensions>
        <provider>whs</provider>
    </extensions>
</trkpt>
<trkpt lat="42.423238262405235" lon="77.2880358192525">
    <time>2026-08-15T14:54:08.232Z</time>
    <extensions>
        <provider>whs</provider>
    </extensions>
</trkpt>
<trkpt lat="42.42334806240523" lon="77.28794861925249">
    <time>2026-08-15T14:54:09.233Z</time>
    <extensions>
        <provider>whs</provider>
    </extensions>
</trkpt>
<trkpt lat="42.42346226240524" lon="77.2878621192525">
    <time>2026-08-15T14:54:10.238Z</time>
    <extensions>
        <provider>whs</provider>
    </extensions>
</trkpt>
<trkpt lat="42.42356796240524" lon="77.28776691925249">
    <time>2026-08-15T14:54:11.248Z</time>
    <extensions>
        <provider>whs</provider>
    </extensions>
</trkpt>
<trkpt lat="42.42366676240523" lon="77.2876615192525">
    <time>2026-08-15T14:54:12.257Z</time>
    <extensions>
        <provider>whs</provider>
    </extensions>
</trkpt>
<trkpt lat="42.42376316240524" lon="77.28754741925249">
    <time>2026-08-15T14:54:13.266Z</time>
    <extensions>
        <provider>whs</provider>
    </extensions>
</trkpt>
<trkpt lat="42.423848162405235" lon="77.28743181925249">
    <time>2026-08-15T14:54:14.274Z</time>
    <extensions>
        <provider>whs</provider>
    </extensions>
</trkpt>
<trkpt lat="42.42393406240524" lon="77.2873400192525">
    <time>2026-08-15T14:54:15.282Z</time>
    <extensions>
        <provider>whs</provider>
    </extensions>
</trkpt>
<trkpt lat="42.42402596240523" lon="77.2872500192525">
    <time>2026-08-15T14:54:16.291Z</time>
    <extensions>
        <provider>whs</provider>
    </extensions>
</trkpt>
<trkpt lat="42.424117462405235" lon="77.2871437192525">
    <time>2026-08-15T14:54:17.301Z</time>
    <extensions>
        <provider>whs</provider>
    </extensions>
</trkpt>
<trkpt lat="42.42421156240523" lon="77.2870498192525">
    <time>2026-08-15T14:54:18.310Z</time>
    <extensions>
        <provider>whs</provider>
    </extensions>
</trkpt>
<trkpt lat="42.42430216240523" lon="77.28696791925249">
    <time>2026-08-15T14:54:19.319Z</time>
    <extensions>
        <provider>whs</provider>
    </extensions>
</trkpt>
<trkpt lat="42.42439156240523" lon="77.28687121925249">
    <time>2026-08-15T14:54:20.329Z</time>
    <extensions>
        <provider>whs</provider>
    </extensions>
</trkpt>
<trkpt lat="42.424485962405235" lon="77.2867664192525">
    <time>2026-08-15T14:54:21.337Z</time>
    <extensions>
        <provider>whs</provider>
    </extensions>
</trkpt>
<trkpt lat="42.424578962405235" lon="77.2866362192525">
    <time>2026-08-15T14:54:22.346Z</time>
    <extensions>
        <provider>whs</provider>
    </extensions>
</trkpt>
<trkpt lat="42.424665362405236" lon="77.2865067192525">
    <time>2026-08-15T14:54:23.355Z</time>
    <extensions>
        <provider>whs</provider>
    </extensions>
</trkpt>
<trkpt lat="42.42475056240524" lon="77.2863815192525">
    <time>2026-08-15T14:54:24.366Z</time>
    <extensions>
        <provider>whs</provider>
    </extensions>
</trkpt>
<trkpt lat="42.42484326240523" lon="77.28627301925249">
    <time>2026-08-15T14:54:25.376Z</time>
    <extensions>
        <provider>whs</provider>
    </extensions>
</trkpt>
<trkpt lat="42.424928662405236" lon="77.2861584192525">
    <time>2026-08-15T14:54:26.386Z</time>
    <extensions>
        <provider>whs</provider>
    </extensions>
</trkpt>
<trkpt lat="42.425063562405235" lon="77.28593021925249">
    <time>2026-08-15T14:54:27.392Z</time>
    <extensions>
        <provider>whs</provider>
    </extensions>
</trkpt>
<trkpt lat="42.42510766240523" lon="77.2858121192525">
    <time>2026-08-15T14:54:28.402Z</time>
    <extensions>
        <provider>whs</provider>
    </extensions>
</trkpt>
<trkpt lat="42.42514596240523" lon="77.28567221925249">
    <time>2026-08-15T14:54:29.411Z</time>
    <extensions>
        <provider>whs</provider>
    </extensions>
</trkpt>
<trkpt lat="42.42519596240523" lon="77.2855219192525">
    <time>2026-08-15T14:54:30.418Z</time>
    <extensions>
        <provider>whs</provider>
    </extensions>
</trkpt>
<trkpt lat="42.42523406240524" lon="77.2853611192525">
    <time>2026-08-15T14:54:31.427Z</time>
    <extensions>
        <provider>whs</provider>
    </extensions>
</trkpt>
<trkpt lat="42.42527066240523" lon="77.2852112192525">
    <time>2026-08-15T14:54:32.434Z</time>
    <extensions>
        <provider>whs</provider>
    </extensions>
</trkpt>
<trkpt lat="42.425301962405236" lon="77.2850758192525">
    <time>2026-08-15T14:54:33.442Z</time>
    <extensions>
        <provider>whs</provider>
    </extensions>
</trkpt>
<trkpt lat="42.42533866240523" lon="77.2849343192525">
    <time>2026-08-15T14:54:34.451Z</time>
    <extensions>
        <provider>whs</provider>
    </extensions>
</trkpt>
<trkpt lat="42.42535816240523" lon="77.2847872192525">
    <time>2026-08-15T14:54:35.460Z</time>
    <extensions>
        <provider>whs</provider>
    </extensions>
</trkpt>
<trkpt lat="42.425366862405234" lon="77.2846581192525">
    <time>2026-08-15T14:54:36.469Z</time>
    <extensions>
        <provider>whs</provider>
    </extensions>
</trkpt>
<trkpt lat="42.425396762405235" lon="77.2845417192525">
    <time>2026-08-15T14:54:37.477Z</time>
    <extensions>
        <provider>whs</provider>
    </extensions>
</trkpt>
<trkpt lat="42.42544156240523" lon="77.2844439192525">
    <time>2026-08-15T14:54:38.487Z</time>
    <extensions>
        <provider>whs</provider>
    </extensions>
</trkpt>
<trkpt lat="42.42548206240524" lon="77.2843666192525">
    <time>2026-08-15T14:54:39.495Z</time>
    <extensions>
        <provider>whs</provider>
    </extensions>
</trkpt>
<trkpt lat="42.42553686240524" lon="77.2842971192525">
    <time>2026-08-15T14:54:40.502Z</time>
    <extensions>
        <provider>whs</provider>
    </extensions>
</trkpt>
<trkpt lat="42.42561856240523" lon="77.28424101925249">
    <time>2026-08-15T14:54:41.511Z</time>
    <extensions>
        <provider>whs</provider>
    </extensions>
</trkpt>
<trkpt lat="42.425715262405234" lon="77.2842176192525">
    <time>2026-08-15T14:54:42.519Z</time>
    <extensions>
        <provider>whs</provider>
    </extensions>
</trkpt>
<trkpt lat="42.425805262405234" lon="77.28422211925249">
    <time>2026-08-15T14:54:43.528Z</time>
    <extensions>
        <provider>whs</provider>
    </extensions>
</trkpt>
<trkpt lat="42.42590736240523" lon="77.2842359192525">
    <time>2026-08-15T14:54:44.537Z</time>
    <extensions>
        <provider>whs</provider>
    </extensions>
</trkpt>
<trkpt lat="42.426025562405236" lon="77.2842593192525">
    <time>2026-08-15T14:54:45.545Z</time>
    <extensions>
        <provider>whs</provider>
    </extensions>
</trkpt>
<trkpt lat="42.426131962405236" lon="77.28424771925249">
    <time>2026-08-15T14:54:46.552Z</time>
    <extensions>
        <provider>whs</provider>
    </extensions>
</trkpt>
<trkpt lat="42.42624646240523" lon="77.2842153192525">
    <time>2026-08-15T14:54:47.563Z</time>
    <extensions>
        <provider>whs</provider>
    </extensions>
</trkpt>
<trkpt lat="42.426365962405235" lon="77.2841538192525">
    <time>2026-08-15T14:54:48.571Z</time>
    <extensions>
        <provider>whs</provider>
    </extensions>
</trkpt>
<trkpt lat="42.42648296240523" lon="77.2840858192525">
    <time>2026-08-15T14:54:49.580Z</time>
    <extensions>
        <provider>whs</provider>
    </extensions>
</trkpt>
<trkpt lat="42.42661366240524" lon="77.28402101925249">
    <time>2026-08-15T14:54:50.589Z</time>
    <extensions>
        <provider>whs</provider>
    </extensions>
</trkpt>
<trkpt lat="42.42672816240523" lon="77.2839555192525">
    <time>2026-08-15T14:54:51.598Z</time>
    <extensions>
        <provider>whs</provider>
    </extensions>
</trkpt>
<trkpt lat="42.426837062405234" lon="77.2838976192525">
    <time>2026-08-15T14:54:52.607Z</time>
    <extensions>
        <provider>whs</provider>
    </extensions>
</trkpt>
<trkpt lat="42.42695436240523" lon="77.2838390192525">
    <time>2026-08-15T14:54:53.616Z</time>
    <extensions>
        <provider>whs</provider>
    </extensions>
</trkpt>
<trkpt lat="42.42708626240523" lon="77.2837828192525">
    <time>2026-08-15T14:54:54.626Z</time>
    <extensions>
        <provider>whs</provider>
    </extensions>
</trkpt>
<trkpt lat="42.427202562405235" lon="77.28373261925249">
    <time>2026-08-15T14:54:55.633Z</time>
    <extensions>
        <provider>whs</provider>
    </extensions>
</trkpt>
<trkpt lat="42.427305362405235" lon="77.2836910192525">
    <time>2026-08-15T14:54:56.645Z</time>
    <extensions>
        <provider>whs</provider>
    </extensions>
</trkpt>
<trkpt lat="42.427395862405234" lon="77.28366511925249">
    <time>2026-08-15T14:54:57.652Z</time>
    <extensions>
        <provider>whs</provider>
    </extensions>
</trkpt>
<trkpt lat="42.427482862405235" lon="77.28365791925249">
    <time>2026-08-15T14:54:58.662Z</time>
    <extensions>
        <provider>whs</provider>
    </extensions>
</trkpt>
<trkpt lat="42.42755786240524" lon="77.2836699192525">
    <time>2026-08-15T14:54:59.670Z</time>
    <extensions>
        <provider>whs</provider>
    </extensions>
</trkpt>
<trkpt lat="42.42762656240524" lon="77.2836936192525">
    <time>2026-08-15T14:55:00.673Z</time>
    <extensions>
        <provider>whs</provider>
    </extensions>
</trkpt>
<trkpt lat="42.42770216240523" lon="77.2837280192525">
    <time>2026-08-15T14:55:01.685Z</time>
    <extensions>
        <provider>whs</provider>
    </extensions>
</trkpt>
<trkpt lat="42.427754162405236" lon="77.28380371925249">
    <time>2026-08-15T14:55:02.692Z</time>
    <extensions>
        <provider>whs</provider>
    </extensions>
</trkpt>
<trkpt lat="42.42780186240523" lon="77.2839091192525">
    <time>2026-08-15T14:55:03.701Z</time>
    <extensions>
        <provider>whs</provider>
    </extensions>
</trkpt>
<trkpt lat="42.42783816240524" lon="77.2840406192525">
    <time>2026-08-15T14:55:04.710Z</time>
    <extensions>
        <provider>whs</provider>
    </extensions>
</trkpt>
<trkpt lat="42.42787786240523" lon="77.2841902192525">
    <time>2026-08-15T14:55:05.717Z</time>
    <extensions>
        <provider>whs</provider>
    </extensions>
</trkpt>
<trkpt lat="42.42792346240523" lon="77.2843615192525">
    <time>2026-08-15T14:55:06.726Z</time>
    <extensions>
        <provider>whs</provider>
    </extensions>
</trkpt>
<trkpt lat="42.427956562405235" lon="77.2845650192525">
    <time>2026-08-15T14:55:07.730Z</time>
    <extensions>
        <provider>whs</provider>
    </extensions>
</trkpt>
<trkpt lat="42.42797096240523" lon="77.2847586192525">
    <time>2026-08-15T14:55:08.731Z</time>
    <extensions>
        <provider>whs</provider>
    </extensions>
</trkpt>
<trkpt lat="42.42798536240524" lon="77.2849499192525">
    <time>2026-08-15T14:55:09.731Z</time>
    <extensions>
        <provider>whs</provider>
    </extensions>
</trkpt>
<trkpt lat="42.42800416240524" lon="77.2851863192525">
    <time>2026-08-15T14:55:10.732Z</time>
    <extensions>
        <provider>whs</provider>
    </extensions>
</trkpt>
<trkpt lat="42.42801346240523" lon="77.2854066192525">
    <time>2026-08-15T14:55:11.733Z</time>
    <extensions>
        <provider>whs</provider>
    </extensions>
</trkpt>
<trkpt lat="42.42803706240524" lon="77.2856101192525">
    <time>2026-08-15T14:55:12.735Z</time>
    <extensions>
        <provider>whs</provider>
    </extensions>
</trkpt>
<trkpt lat="42.42806156240523" lon="77.2858147192525">
    <time>2026-08-15T14:55:13.736Z</time>
    <extensions>
        <provider>whs</provider>
    </extensions>
</trkpt>
<trkpt lat="42.42808946240523" lon="77.2859968192525">
    <time>2026-08-15T14:55:14.738Z</time>
    <extensions>
        <provider>whs</provider>
    </extensions>
</trkpt>
<trkpt lat="42.428128062405236" lon="77.2861736192525">
    <time>2026-08-15T14:55:15.737Z</time>
    <extensions>
        <provider>whs</provider>
    </extensions>
</trkpt>
<trkpt lat="42.42815616240524" lon="77.2863355192525">
    <time>2026-08-15T14:55:16.738Z</time>
    <extensions>
        <provider>whs</provider>
    </extensions>
</trkpt>
<trkpt lat="42.42816366240523" lon="77.28649681925249">
    <time>2026-08-15T14:55:17.741Z</time>
    <extensions>
        <provider>whs</provider>
    </extensions>
</trkpt>
<trkpt lat="42.42817466240523" lon="77.28666461925249">
    <time>2026-08-15T14:55:18.742Z</time>
    <extensions>
        <provider>whs</provider>
    </extensions>
</trkpt>
<trkpt lat="42.428147462405235" lon="77.2868254192525">
    <time>2026-08-15T14:55:19.742Z</time>
    <extensions>
        <provider>whs</provider>
    </extensions>
</trkpt>
<trkpt lat="42.428150462405235" lon="77.2869953192525">
    <time>2026-08-15T14:55:20.744Z</time>
    <extensions>
        <provider>whs</provider>
    </extensions>
</trkpt>
<trkpt lat="42.42813316240523" lon="77.2871478192525">
    <time>2026-08-15T14:55:21.745Z</time>
    <extensions>
        <provider>whs</provider>
    </extensions>
</trkpt>
<trkpt lat="42.42810946240523" lon="77.2873003192525">
    <time>2026-08-15T14:55:22.745Z</time>
    <extensions>
        <provider>whs</provider>
    </extensions>
</trkpt>
<trkpt lat="42.428078262405236" lon="77.28743131925249">
    <time>2026-08-15T14:55:23.746Z</time>
    <extensions>
        <provider>whs</provider>
    </extensions>
</trkpt>
<trkpt lat="42.42803176240523" lon="77.2875558192525">
    <time>2026-08-15T14:55:24.747Z</time>
    <extensions>
        <provider>whs</provider>
    </extensions>
</trkpt>
<trkpt lat="42.42798546240523" lon="77.2876766192525">
    <time>2026-08-15T14:55:25.748Z</time>
    <extensions>
        <provider>whs</provider>
    </extensions>
</trkpt>
<trkpt lat="42.42795626240523" lon="77.28779991925249">
    <time>2026-08-15T14:55:26.749Z</time>
    <extensions>
        <provider>whs</provider>
    </extensions>
</trkpt>
<trkpt lat="42.42793926240523" lon="77.2879216192525">
    <time>2026-08-15T14:55:27.757Z</time>
    <extensions>
        <provider>whs</provider>
    </extensions>
</trkpt>
<trkpt lat="42.427944962405235" lon="77.28803811925249">
    <time>2026-08-15T14:55:28.766Z</time>
    <extensions>
        <provider>whs</provider>
    </extensions>
</trkpt>
<trkpt lat="42.42796236240523" lon="77.2881334192525">
    <time>2026-08-15T14:55:29.777Z</time>
    <extensions>
        <provider>whs</provider>
    </extensions>
</trkpt>
<trkpt lat="42.42799106240523" lon="77.28820541925249">
    <time>2026-08-15T14:55:30.787Z</time>
    <extensions>
        <provider>whs</provider>
    </extensions>
</trkpt>
<trkpt lat="42.428033062405234" lon="77.2882745192525">
    <time>2026-08-15T14:55:31.794Z</time>
    <extensions>
        <provider>whs</provider>
    </extensions>
</trkpt>
<trkpt lat="42.42809316240523" lon="77.28830211925249">
    <time>2026-08-15T14:55:32.802Z</time>
    <extensions>
        <provider>whs</provider>
    </extensions>
</trkpt>
<trkpt lat="42.42816596240524" lon="77.28831051925249">
    <time>2026-08-15T14:55:33.810Z</time>
    <extensions>
        <provider>whs</provider>
    </extensions>
</trkpt>
<trkpt lat="42.42826266240523" lon="77.28827291925249">
    <time>2026-08-15T14:55:34.819Z</time>
    <extensions>
        <provider>whs</provider>
    </extensions>
</trkpt>
<trkpt lat="42.42837896240523" lon="77.2882008192525">
    <time>2026-08-15T14:55:35.828Z</time>
    <extensions>
        <provider>whs</provider>
    </extensions>
</trkpt>
<trkpt lat="42.42850286240523" lon="77.2881096192525">
    <time>2026-08-15T14:55:36.838Z</time>
    <extensions>
        <provider>whs</provider>
    </extensions>
</trkpt>
<trkpt lat="42.428618162405236" lon="77.2879810192525">
    <time>2026-08-15T14:55:37.847Z</time>
    <extensions>
        <provider>whs</provider>
    </extensions>
</trkpt>
<trkpt lat="42.42874956240524" lon="77.28785931925249">
    <time>2026-08-15T14:55:38.857Z</time>
    <extensions>
        <provider>whs</provider>
    </extensions>
</trkpt>
<trkpt lat="42.42889876240523" lon="77.2877362192525">
    <time>2026-08-15T14:55:39.867Z</time>
    <extensions>
        <provider>whs</provider>
    </extensions>
</trkpt>
<trkpt lat="42.42905116240524" lon="77.28765011925249">
    <time>2026-08-15T14:55:40.873Z</time>
    <extensions>
        <provider>whs</provider>
    </extensions>
</trkpt>
<trkpt lat="42.42919646240524" lon="77.2876090192525">
    <time>2026-08-15T14:55:41.884Z</time>
    <extensions>
        <provider>whs</provider>
    </extensions>
</trkpt>
<trkpt lat="42.429319062405234" lon="77.2875547192525">
    <time>2026-08-15T14:55:42.893Z</time>
    <extensions>
        <provider>whs</provider>
    </extensions>
</trkpt>
<trkpt lat="42.42942526240523" lon="77.2875518192525">
    <time>2026-08-15T14:55:43.902Z</time>
    <extensions>
        <provider>whs</provider>
    </extensions>
</trkpt>
<trkpt lat="42.42953216240524" lon="77.2877400192525">
    <time>2026-08-15T14:55:44.911Z</time>
    <extensions>
        <provider>whs</provider>
    </extensions>
</trkpt>
<trkpt lat="42.42960706240523" lon="77.2879647192525">
    <time>2026-08-15T14:55:45.921Z</time>
    <extensions>
        <provider>whs</provider>
    </extensions>
</trkpt>
<trkpt lat="42.429632762405234" lon="77.2882510192525">
    <time>2026-08-15T14:55:46.926Z</time>
    <extensions>
        <provider>whs</provider>
    </extensions>
</trkpt>
<trkpt lat="42.42961416240524" lon="77.28852951925249">
    <time>2026-08-15T14:55:47.934Z</time>
    <extensions>
        <provider>whs</provider>
    </extensions>
</trkpt>
<trkpt lat="42.42958266240524" lon="77.2888157192525">
    <time>2026-08-15T14:55:48.940Z</time>
    <extensions>
        <provider>whs</provider>
    </extensions>
</trkpt>
<trkpt lat="42.42959286240524" lon="77.2890582192525">
    <time>2026-08-15T14:55:49.948Z</time>
    <extensions>
        <provider>whs</provider>
    </extensions>
</trkpt>
<trkpt lat="42.429621862405234" lon="77.2893093192525">
    <time>2026-08-15T14:55:50.958Z</time>
    <extensions>
        <provider>whs</provider>
    </extensions>
</trkpt>
<trkpt lat="42.42964366240523" lon="77.2895046192525">
    <time>2026-08-15T14:55:51.967Z</time>
    <extensions>
        <provider>whs</provider>
    </extensions>
</trkpt>
<trkpt lat="42.429625062405236" lon="77.2897157192525">
    <time>2026-08-15T14:55:52.976Z</time>
    <extensions>
        <provider>whs</provider>
    </extensions>
</trkpt>
<trkpt lat="42.42961476240524" lon="77.2899549192525">
    <time>2026-08-15T14:55:53.986Z</time>
    <extensions>
        <provider>whs</provider>
    </extensions>
</trkpt>
<trkpt lat="42.429607962405235" lon="77.29014431925249">
    <time>2026-08-15T14:55:54.994Z</time>
    <extensions>
        <provider>whs</provider>
    </extensions>
</trkpt>
<trkpt lat="42.42959056240524" lon="77.29034421925249">
    <time>2026-08-15T14:55:56.003Z</time>
    <extensions>
        <provider>whs</provider>
    </extensions>
</trkpt>
<trkpt lat="42.42957786240523" lon="77.2904910192525">
    <time>2026-08-15T14:55:57.013Z</time>
    <extensions>
        <provider>whs</provider>
    </extensions>
</trkpt>
<trkpt lat="42.429572162405236" lon="77.2906157192525">
    <time>2026-08-15T14:55:58.023Z</time>
    <extensions>
        <provider>whs</provider>
    </extensions>
</trkpt>
<trkpt lat="42.429570962405236" lon="77.2907364192525">
    <time>2026-08-15T14:55:59.033Z</time>
    <extensions>
        <provider>whs</provider>
    </extensions>
</trkpt>
<trkpt lat="42.42959496240523" lon="77.2908635192525">
    <time>2026-08-15T14:56:00.043Z</time>
    <extensions>
        <provider>whs</provider>
    </extensions>
</trkpt>
<trkpt lat="42.42963516240523" lon="77.2909549192525">
    <time>2026-08-15T14:56:01.053Z</time>
    <extensions>
        <provider>whs</provider>
    </extensions>
</trkpt>
<trkpt lat="42.429694962405236" lon="77.2910026192525">
    <time>2026-08-15T14:56:02.062Z</time>
    <extensions>
        <provider>whs</provider>
    </extensions>
</trkpt>
<trkpt lat="42.429792662405234" lon="77.2910249192525">
    <time>2026-08-15T14:56:03.072Z</time>
    <extensions>
        <provider>whs</provider>
    </extensions>
</trkpt>
<trkpt lat="42.429906462405235" lon="77.29108431925249">
    <time>2026-08-15T14:56:04.080Z</time>
    <extensions>
        <provider>whs</provider>
    </extensions>
</trkpt>
<trkpt lat="42.430021962405235" lon="77.2911174192525">
    <time>2026-08-15T14:56:05.089Z</time>
    <extensions>
        <provider>whs</provider>
    </extensions>
</trkpt>
<trkpt lat="42.43016266240524" lon="77.2911468192525">
    <time>2026-08-15T14:56:06.098Z</time>
    <extensions>
        <provider>whs</provider>
    </extensions>
</trkpt>
<trkpt lat="42.43029896240523" lon="77.2911903192525">
    <time>2026-08-15T14:56:07.108Z</time>
    <extensions>
        <provider>whs</provider>
    </extensions>
</trkpt>
<trkpt lat="42.430439662405234" lon="77.29123871925249">
    <time>2026-08-15T14:56:08.115Z</time>
    <extensions>
        <provider>whs</provider>
    </extensions>
</trkpt>
<trkpt lat="42.43060066240523" lon="77.2912931192525">
    <time>2026-08-15T14:56:09.124Z</time>
    <extensions>
        <provider>whs</provider>
    </extensions>
</trkpt>
<trkpt lat="42.430743162405236" lon="77.2913377192525">
    <time>2026-08-15T14:56:10.133Z</time>
    <extensions>
        <provider>whs</provider>
    </extensions>
</trkpt>
<trkpt lat="42.430887262405236" lon="77.2913844192525">
    <time>2026-08-15T14:56:11.142Z</time>
    <extensions>
        <provider>whs</provider>
    </extensions>
</trkpt>
<trkpt lat="42.431033062405234" lon="77.2914552192525">
    <time>2026-08-15T14:56:12.152Z</time>
    <extensions>
        <provider>whs</provider>
    </extensions>
</trkpt>
<trkpt lat="42.43117696240523" lon="77.2915057192525">
    <time>2026-08-15T14:56:13.161Z</time>
    <extensions>
        <provider>whs</provider>
    </extensions>
</trkpt>
<trkpt lat="42.431314062405235" lon="77.29156451925249">
    <time>2026-08-15T14:56:14.170Z</time>
    <extensions>
        <provider>whs</provider>
    </extensions>
</trkpt>
<trkpt lat="42.431450162405234" lon="77.2916084192525">
    <time>2026-08-15T14:56:15.179Z</time>
    <extensions>
        <provider>whs</provider>
    </extensions>
</trkpt>
<trkpt lat="42.43158386240523" lon="77.2916498192525">
    <time>2026-08-15T14:56:16.187Z</time>
    <extensions>
        <provider>whs</provider>
    </extensions>
</trkpt>
<trkpt lat="42.431721962405234" lon="77.2917042192525">
    <time>2026-08-15T14:56:17.196Z</time>
    <extensions>
        <provider>whs</provider>
    </extensions>
</trkpt>
<trkpt lat="42.431840562405235" lon="77.2917572192525">
    <time>2026-08-15T14:56:18.207Z</time>
    <extensions>
        <provider>whs</provider>
    </extensions>
</trkpt>
<trkpt lat="42.431972462405234" lon="77.2917961192525">
    <time>2026-08-15T14:56:19.215Z</time>
    <extensions>
        <provider>whs</provider>
    </extensions>
</trkpt>
<trkpt lat="42.432084362405234" lon="77.2918456192525">
    <time>2026-08-15T14:56:20.223Z</time>
    <extensions>
        <provider>whs</provider>
    </extensions>
</trkpt>
<trkpt lat="42.432175662405236" lon="77.2918829192525">
    <time>2026-08-15T14:56:21.233Z</time>
    <extensions>
        <provider>whs</provider>
    </extensions>
</trkpt>
<trkpt lat="42.43226476240523" lon="77.2919244192525">
    <time>2026-08-15T14:56:22.242Z</time>
    <extensions>
        <provider>whs</provider>
    </extensions>
</trkpt>
<trkpt lat="42.43235096240524" lon="77.2919522192525">
    <time>2026-08-15T14:56:23.251Z</time>
    <extensions>
        <provider>whs</provider>
    </extensions>
</trkpt>
<trkpt lat="42.432435262405235" lon="77.2919827192525">
    <time>2026-08-15T14:56:24.259Z</time>
    <extensions>
        <provider>whs</provider>
    </extensions>
</trkpt>
<trkpt lat="42.432512462405235" lon="77.29202141925249">
    <time>2026-08-15T14:56:25.267Z</time>
    <extensions>
        <provider>whs</provider>
    </extensions>
</trkpt>
<trkpt lat="42.43258076240524" lon="77.2920524192525">
    <time>2026-08-15T14:56:26.276Z</time>
    <extensions>
        <provider>whs</provider>
    </extensions>
</trkpt>
<trkpt lat="42.432664362405234" lon="77.29207651925249">
    <time>2026-08-15T14:56:27.286Z</time>
    <extensions>
        <provider>whs</provider>
    </extensions>
</trkpt>
<trkpt lat="42.43273106240523" lon="77.2921058192525">
    <time>2026-08-15T14:56:28.293Z</time>
    <extensions>
        <provider>whs</provider>
    </extensions>
</trkpt>
<trkpt lat="42.43279846240524" lon="77.2921424192525">
    <time>2026-08-15T14:56:29.302Z</time>
    <extensions>
        <provider>whs</provider>
    </extensions>
</trkpt>
<trkpt lat="42.43287136240524" lon="77.29219571925249">
    <time>2026-08-15T14:56:30.311Z</time>
    <extensions>
        <provider>whs</provider>
    </extensions>
</trkpt>
<trkpt lat="42.43292266240523" lon="77.2922257192525">
    <time>2026-08-15T14:56:31.321Z</time>
    <extensions>
        <provider>whs</provider>
    </extensions>
</trkpt>
<trkpt lat="42.43296036240523" lon="77.2922423192525">
    <time>2026-08-15T14:56:32.330Z</time>
    <extensions>
        <provider>whs</provider>
    </extensions>
</trkpt>
<trkpt lat="42.43297496240523" lon="77.2922669192525">
    <time>2026-08-15T14:56:33.339Z</time>
    <extensions>
        <provider>whs</provider>
    </extensions>
</trkpt>
<trkpt lat="42.43296876240523" lon="77.2923049192525">
    <time>2026-08-15T14:56:35.358Z</time>
    <extensions>
        <provider>whs</provider>
    </extensions>
</trkpt>
<trkpt lat="42.43295176240523" lon="77.2923312192525">
    <time>2026-08-15T14:56:36.367Z</time>
    <extensions>
        <provider>whs</provider>
    </extensions>
</trkpt>
<trkpt lat="42.43294456240523" lon="77.2923657192525">
    <time>2026-08-15T14:56:37.377Z</time>
    <extensions>
        <provider>whs</provider>
    </extensions>
</trkpt>
<trkpt lat="42.43293456240524" lon="77.2924232192525">
    <time>2026-08-15T14:56:38.387Z</time>
    <extensions>
        <provider>whs</provider>
    </extensions>
</trkpt>
<trkpt lat="42.43295676240523" lon="77.2925046192525">
    <time>2026-08-15T14:56:39.394Z</time>
    <extensions>
        <provider>whs</provider>
    </extensions>
</trkpt>
<trkpt lat="42.43296406240523" lon="77.2925973192525">
    <time>2026-08-15T14:56:40.404Z</time>
    <extensions>
        <provider>whs</provider>
    </extensions>
</trkpt>
<trkpt lat="42.43298046240523" lon="77.2927954192525">
    <time>2026-08-15T14:56:41.413Z</time>
    <extensions>
        <provider>whs</provider>
    </extensions>
</trkpt>
<trkpt lat="42.43301306240524" lon="77.2928924192525">
    <time>2026-08-15T14:56:42.422Z</time>
    <extensions>
        <provider>whs</provider>
    </extensions>
</trkpt>
<trkpt lat="42.43304656240524" lon="77.29296501925249">
    <time>2026-08-15T14:56:43.432Z</time>
    <extensions>
        <provider>whs</provider>
    </extensions>
</trkpt>
<trkpt lat="42.433105962405236" lon="77.29302101925249">
    <time>2026-08-15T14:56:44.440Z</time>
    <extensions>
        <provider>whs</provider>
    </extensions>
</trkpt>
<trkpt lat="42.43315856240523" lon="77.2930723192525">
    <time>2026-08-15T14:56:45.449Z</time>
    <extensions>
        <provider>whs</provider>
    </extensions>
</trkpt>
<trkpt lat="42.433218262405234" lon="77.2931111192525">
    <time>2026-08-15T14:56:46.459Z</time>
    <extensions>
        <provider>whs</provider>
    </extensions>
</trkpt>
<trkpt lat="42.43326726240524" lon="77.29315171925249">
    <time>2026-08-15T14:56:47.463Z</time>
    <extensions>
        <provider>whs</provider>
    </extensions>
</trkpt>
<trkpt lat="42.43331276240524" lon="77.29319241925249">
    <time>2026-08-15T14:56:48.465Z</time>
    <extensions>
        <provider>whs</provider>
    </extensions>
</trkpt>
<trkpt lat="42.43333546240523" lon="77.2932323192525">
    <time>2026-08-15T14:56:49.466Z</time>
    <extensions>
        <provider>whs</provider>
    </extensions>
</trkpt>
<trkpt lat="42.43334866240524" lon="77.29327141925249">
    <time>2026-08-15T14:56:50.467Z</time>
    <extensions>
        <provider>whs</provider>
    </extensions>
</trkpt>
<trkpt lat="42.43334566240524" lon="77.2933276192525">
    <time>2026-08-15T14:56:51.469Z</time>
    <extensions>
        <provider>whs</provider>
    </extensions>
</trkpt>
<trkpt lat="42.433342962405234" lon="77.2933917192525">
    <time>2026-08-15T14:56:52.470Z</time>
    <extensions>
        <provider>whs</provider>
    </extensions>
</trkpt>
<trkpt lat="42.43329096240524" lon="77.29346361925249">
    <time>2026-08-15T14:56:53.472Z</time>
    <extensions>
        <provider>whs</provider>
    </extensions>
</trkpt>
<trkpt lat="42.43320456240524" lon="77.29355051925249">
    <time>2026-08-15T14:56:54.473Z</time>
    <extensions>
        <provider>whs</provider>
    </extensions>
</trkpt>
<trkpt lat="42.43311176240523" lon="77.2936466192525">
    <time>2026-08-15T14:56:55.474Z</time>
    <extensions>
        <provider>whs</provider>
    </extensions>
</trkpt>
<trkpt lat="42.433028062405235" lon="77.2937501192525">
    <time>2026-08-15T14:56:56.477Z</time>
    <extensions>
        <provider>whs</provider>
    </extensions>
</trkpt>
<trkpt lat="42.432944662405234" lon="77.29387751925249">
    <time>2026-08-15T14:56:57.478Z</time>
    <extensions>
        <provider>whs</provider>
    </extensions>
</trkpt>
<trkpt lat="42.432894362405236" lon="77.29399691925249">
    <time>2026-08-15T14:56:58.480Z</time>
    <extensions>
        <provider>whs</provider>
    </extensions>
</trkpt>
<trkpt lat="42.432838862405234" lon="77.2940999192525">
    <time>2026-08-15T14:56:59.480Z</time>
    <extensions>
        <provider>whs</provider>
    </extensions>
</trkpt>
<trkpt lat="42.432773362405236" lon="77.2941876192525">
    <time>2026-08-15T14:57:00.482Z</time>
    <extensions>
        <provider>whs</provider>
    </extensions>
</trkpt>
<trkpt lat="42.432710762405236" lon="77.29429331925249">
    <time>2026-08-15T14:57:01.485Z</time>
    <extensions>
        <provider>whs</provider>
    </extensions>
</trkpt>
<trkpt lat="42.432642562405235" lon="77.2944080192525">
    <time>2026-08-15T14:57:02.486Z</time>
    <extensions>
        <provider>whs</provider>
    </extensions>
</trkpt>
<trkpt lat="42.43256336240523" lon="77.29453671925249">
    <time>2026-08-15T14:57:03.487Z</time>
    <extensions>
        <provider>whs</provider>
    </extensions>
</trkpt>
<trkpt lat="42.43248126240523" lon="77.2946601192525">
    <time>2026-08-15T14:57:04.488Z</time>
    <extensions>
        <provider>whs</provider>
    </extensions>
</trkpt>
<trkpt lat="42.432402362405234" lon="77.29477491925249">
    <time>2026-08-15T14:57:05.491Z</time>
    <extensions>
        <provider>whs</provider>
    </extensions>
</trkpt>
<trkpt lat="42.43230366240523" lon="77.29490461925249">
    <time>2026-08-15T14:57:06.491Z</time>
    <extensions>
        <provider>whs</provider>
    </extensions>
</trkpt>
<trkpt lat="42.432216862405234" lon="77.29503031925249">
    <time>2026-08-15T14:57:07.493Z</time>
    <extensions>
        <provider>whs</provider>
    </extensions>
</trkpt>
<trkpt lat="42.43212596240524" lon="77.2951536192525">
    <time>2026-08-15T14:57:08.495Z</time>
    <extensions>
        <provider>whs</provider>
    </extensions>
</trkpt>
<trkpt lat="42.432047962405235" lon="77.29528471925249">
    <time>2026-08-15T14:57:09.496Z</time>
    <extensions>
        <provider>whs</provider>
    </extensions>
</trkpt>
<trkpt lat="42.431960862405234" lon="77.29540801925249">
    <time>2026-08-15T14:57:10.498Z</time>
    <extensions>
        <provider>whs</provider>
    </extensions>
</trkpt>
<trkpt lat="42.431859462405235" lon="77.2955419192525">
    <time>2026-08-15T14:57:11.499Z</time>
    <extensions>
        <provider>whs</provider>
    </extensions>
</trkpt>
<trkpt lat="42.43176296240524" lon="77.2956861192525">
    <time>2026-08-15T14:57:12.509Z</time>
    <extensions>
        <provider>whs</provider>
    </extensions>
</trkpt>
<trkpt lat="42.431656262405234" lon="77.2958132192525">
    <time>2026-08-15T14:57:13.517Z</time>
    <extensions>
        <provider>whs</provider>
    </extensions>
</trkpt>
<trkpt lat="42.431549962405235" lon="77.2959567192525">
    <time>2026-08-15T14:57:14.527Z</time>
    <extensions>
        <provider>whs</provider>
    </extensions>
</trkpt>
<trkpt lat="42.431450162405234" lon="77.2960829192525">
    <time>2026-08-15T14:57:15.535Z</time>
    <extensions>
        <provider>whs</provider>
    </extensions>
</trkpt>
<trkpt lat="42.43136856240523" lon="77.2962284192525">
    <time>2026-08-15T14:57:16.544Z</time>
    <extensions>
        <provider>whs</provider>
    </extensions>
</trkpt>
<trkpt lat="42.43125726240523" lon="77.2963735192525">
    <time>2026-08-15T14:57:17.551Z</time>
    <extensions>
        <provider>whs</provider>
    </extensions>
</trkpt>
<trkpt lat="42.431163162405234" lon="77.2965118192525">
    <time>2026-08-15T14:57:18.560Z</time>
    <extensions>
        <provider>whs</provider>
    </extensions>
</trkpt>
<trkpt lat="42.43106456240523" lon="77.2966564192525">
    <time>2026-08-15T14:57:19.569Z</time>
    <extensions>
        <provider>whs</provider>
    </extensions>
</trkpt>
<trkpt lat="42.43097636240523" lon="77.29679131925249">
    <time>2026-08-15T14:57:20.579Z</time>
    <extensions>
        <provider>whs</provider>
    </extensions>
</trkpt>
<trkpt lat="42.430879262405234" lon="77.2969162192525">
    <time>2026-08-15T14:57:21.589Z</time>
    <extensions>
        <provider>whs</provider>
    </extensions>
</trkpt>
<trkpt lat="42.430784562405236" lon="77.29705991925249">
    <time>2026-08-15T14:57:22.598Z</time>
    <extensions>
        <provider>whs</provider>
    </extensions>
</trkpt>
<trkpt lat="42.43069126240523" lon="77.2971960192525">
    <time>2026-08-15T14:57:23.608Z</time>
    <extensions>
        <provider>whs</provider>
    </extensions>
</trkpt>
<trkpt lat="42.430584962405234" lon="77.2973391192525">
    <time>2026-08-15T14:57:24.615Z</time>
    <extensions>
        <provider>whs</provider>
    </extensions>
</trkpt>
<trkpt lat="42.430494362405234" lon="77.29748261925249">
    <time>2026-08-15T14:57:25.625Z</time>
    <extensions>
        <provider>whs</provider>
    </extensions>
</trkpt>
<trkpt lat="42.43039866240523" lon="77.2976208192525">
    <time>2026-08-15T14:57:26.634Z</time>
    <extensions>
        <provider>whs</provider>
    </extensions>
</trkpt>
<trkpt lat="42.430301162405236" lon="77.29776701925249">
    <time>2026-08-15T14:57:27.644Z</time>
    <extensions>
        <provider>whs</provider>
    </extensions>
</trkpt>
<trkpt lat="42.43020586240524" lon="77.2979131192525">
    <time>2026-08-15T14:57:28.653Z</time>
    <extensions>
        <provider>whs</provider>
    </extensions>
</trkpt>
<trkpt lat="42.430110062405234" lon="77.2980533192525">
    <time>2026-08-15T14:57:29.659Z</time>
    <extensions>
        <provider>whs</provider>
    </extensions>
</trkpt>
<trkpt lat="42.43001026240523" lon="77.2982009192525">
    <time>2026-08-15T14:57:30.672Z</time>
    <extensions>
        <provider>whs</provider>
    </extensions>
</trkpt>
<trkpt lat="42.42990816240523" lon="77.2983323192525">
    <time>2026-08-15T14:57:31.682Z</time>
    <extensions>
        <provider>whs</provider>
    </extensions>
</trkpt>
<trkpt lat="42.42980966240523" lon="77.2984744192525">
    <time>2026-08-15T14:57:32.692Z</time>
    <extensions>
        <provider>whs</provider>
    </extensions>
</trkpt>
<trkpt lat="42.42969756240524" lon="77.2986084192525">
    <time>2026-08-15T14:57:33.700Z</time>
    <extensions>
        <provider>whs</provider>
    </extensions>
</trkpt>
<trkpt lat="42.42961006240523" lon="77.2987607192525">
    <time>2026-08-15T14:57:34.710Z</time>
    <extensions>
        <provider>whs</provider>
    </extensions>
</trkpt>
<trkpt lat="42.429509462405235" lon="77.2988969192525">
    <time>2026-08-15T14:57:35.720Z</time>
    <extensions>
        <provider>whs</provider>
    </extensions>
</trkpt>
<trkpt lat="42.42940276240523" lon="77.2990358192525">
    <time>2026-08-15T14:57:36.726Z</time>
    <extensions>
        <provider>whs</provider>
    </extensions>
</trkpt>
<trkpt lat="42.429298362405234" lon="77.2991751192525">
    <time>2026-08-15T14:57:37.737Z</time>
    <extensions>
        <provider>whs</provider>
    </extensions>
</trkpt>
<trkpt lat="42.42920506240524" lon="77.2993029192525">
    <time>2026-08-15T14:57:38.745Z</time>
    <extensions>
        <provider>whs</provider>
    </extensions>
</trkpt>
<trkpt lat="42.429125662405234" lon="77.2994273192525">
    <time>2026-08-15T14:57:39.754Z</time>
    <extensions>
        <provider>whs</provider>
    </extensions>
</trkpt>
<trkpt lat="42.429037062405236" lon="77.29956391925249">
    <time>2026-08-15T14:57:40.764Z</time>
    <extensions>
        <provider>whs</provider>
    </extensions>
</trkpt>
<trkpt lat="42.428942662405234" lon="77.2997021192525">
    <time>2026-08-15T14:57:41.773Z</time>
    <extensions>
        <provider>whs</provider>
    </extensions>
</trkpt>
<trkpt lat="42.42884206240524" lon="77.2998414192525">
    <time>2026-08-15T14:57:42.781Z</time>
    <extensions>
        <provider>whs</provider>
    </extensions>
</trkpt>
<trkpt lat="42.428745262405236" lon="77.2999849192525">
    <time>2026-08-15T14:57:43.791Z</time>
    <extensions>
        <provider>whs</provider>
    </extensions>
</trkpt>
<trkpt lat="42.42863846240523" lon="77.30012861925249">
    <time>2026-08-15T14:57:44.801Z</time>
    <extensions>
        <provider>whs</provider>
    </extensions>
</trkpt>
<trkpt lat="42.42853196240524" lon="77.3002755192525">
    <time>2026-08-15T14:57:45.810Z</time>
    <extensions>
        <provider>whs</provider>
    </extensions>
</trkpt>
<trkpt lat="42.42842256240523" lon="77.3004288192525">
    <time>2026-08-15T14:57:46.818Z</time>
    <extensions>
        <provider>whs</provider>
    </extensions>
</trkpt>
<trkpt lat="42.42830956240523" lon="77.3005788192525">
    <time>2026-08-15T14:57:47.826Z</time>
    <extensions>
        <provider>whs</provider>
    </extensions>
</trkpt>
<trkpt lat="42.428194262405235" lon="77.30072531925249">
    <time>2026-08-15T14:57:48.834Z</time>
    <extensions>
        <provider>whs</provider>
    </extensions>
</trkpt>
<trkpt lat="42.42808436240524" lon="77.30089791925249">
    <time>2026-08-15T14:57:49.844Z</time>
    <extensions>
        <provider>whs</provider>
    </extensions>
</trkpt>
<trkpt lat="42.42797316240524" lon="77.30107241925249">
    <time>2026-08-15T14:57:50.853Z</time>
    <extensions>
        <provider>whs</provider>
    </extensions>
</trkpt>
<trkpt lat="42.427853162405235" lon="77.3012382192525">
    <time>2026-08-15T14:57:51.863Z</time>
    <extensions>
        <provider>whs</provider>
    </extensions>
</trkpt>
<trkpt lat="42.427721262405235" lon="77.3013998192525">
    <time>2026-08-15T14:57:52.872Z</time>
    <extensions>
        <provider>whs</provider>
    </extensions>
</trkpt>
<trkpt lat="42.427600762405234" lon="77.3015596192525">
    <time>2026-08-15T14:57:53.882Z</time>
    <extensions>
        <provider>whs</provider>
    </extensions>
</trkpt>
<trkpt lat="42.427480462405235" lon="77.30171031925249">
    <time>2026-08-15T14:57:54.892Z</time>
    <extensions>
        <provider>whs</provider>
    </extensions>
</trkpt>
<trkpt lat="42.42736226240523" lon="77.3018665192525">
    <time>2026-08-15T14:57:55.900Z</time>
    <extensions>
        <provider>whs</provider>
    </extensions>
</trkpt>
<trkpt lat="42.42725016240524" lon="77.3020151192525">
    <time>2026-08-15T14:57:56.913Z</time>
    <extensions>
        <provider>whs</provider>
    </extensions>
</trkpt>
<trkpt lat="42.42713966240523" lon="77.3021540192525">
    <time>2026-08-15T14:57:57.920Z</time>
    <extensions>
        <provider>whs</provider>
    </extensions>
</trkpt>
<trkpt lat="42.42701926240523" lon="77.3023081192525">
    <time>2026-08-15T14:57:58.929Z</time>
    <extensions>
        <provider>whs</provider>
    </extensions>
</trkpt>
<trkpt lat="42.42690556240523" lon="77.30246001925249">
    <time>2026-08-15T14:57:59.939Z</time>
    <extensions>
        <provider>whs</provider>
    </extensions>
</trkpt>
<trkpt lat="42.42679976240523" lon="77.30261921925249">
    <time>2026-08-15T14:58:00.946Z</time>
    <extensions>
        <provider>whs</provider>
    </extensions>
</trkpt>
<trkpt lat="42.426685662405234" lon="77.3027710192525">
    <time>2026-08-15T14:58:01.957Z</time>
    <extensions>
        <provider>whs</provider>
    </extensions>
</trkpt>
<trkpt lat="42.42657666240523" lon="77.3029168192525">
    <time>2026-08-15T14:58:02.964Z</time>
    <extensions>
        <provider>whs</provider>
    </extensions>
</trkpt>
<trkpt lat="42.426457662405234" lon="77.3030799192525">
    <time>2026-08-15T14:58:03.974Z</time>
    <extensions>
        <provider>whs</provider>
    </extensions>
</trkpt>
<trkpt lat="42.42634696240523" lon="77.30323821925249">
    <time>2026-08-15T14:58:04.983Z</time>
    <extensions>
        <provider>whs</provider>
    </extensions>
</trkpt>
<trkpt lat="42.42623906240524" lon="77.3033989192525">
    <time>2026-08-15T14:58:05.992Z</time>
    <extensions>
        <provider>whs</provider>
    </extensions>
</trkpt>
<trkpt lat="42.42613106240523" lon="77.30356161925249">
    <time>2026-08-15T14:58:07.000Z</time>
    <extensions>
        <provider>whs</provider>
    </extensions>
</trkpt>
<trkpt lat="42.426010362405236" lon="77.30373661925249">
    <time>2026-08-15T14:58:08.011Z</time>
    <extensions>
        <provider>whs</provider>
    </extensions>
</trkpt>
<trkpt lat="42.42589456240523" lon="77.30389791925249">
    <time>2026-08-15T14:58:09.019Z</time>
    <extensions>
        <provider>whs</provider>
    </extensions>
</trkpt>
<trkpt lat="42.425790262405236" lon="77.3040512192525">
    <time>2026-08-15T14:58:10.029Z</time>
    <extensions>
        <provider>whs</provider>
    </extensions>
</trkpt>
<trkpt lat="42.425692862405235" lon="77.3041920192525">
    <time>2026-08-15T14:58:11.036Z</time>
    <extensions>
        <provider>whs</provider>
    </extensions>
</trkpt>
<trkpt lat="42.425601762405236" lon="77.3043258192525">
    <time>2026-08-15T14:58:12.046Z</time>
    <extensions>
        <provider>whs</provider>
    </extensions>
</trkpt>
<trkpt lat="42.425519562405235" lon="77.3044483192525">
    <time>2026-08-15T14:58:13.055Z</time>
    <extensions>
        <provider>whs</provider>
    </extensions>
</trkpt>
<trkpt lat="42.425444762405235" lon="77.30454421925249">
    <time>2026-08-15T14:58:14.063Z</time>
    <extensions>
        <provider>whs</provider>
    </extensions>
</trkpt>
<trkpt lat="42.425361462405235" lon="77.30464331925249">
    <time>2026-08-15T14:58:15.072Z</time>
    <extensions>
        <provider>whs</provider>
    </extensions>
</trkpt>
<trkpt lat="42.425289862405236" lon="77.3047351192525">
    <time>2026-08-15T14:58:16.080Z</time>
    <extensions>
        <provider>whs</provider>
    </extensions>
</trkpt>
<trkpt lat="42.42522516240523" lon="77.3048150192525">
    <time>2026-08-15T14:58:17.089Z</time>
    <extensions>
        <provider>whs</provider>
    </extensions>
</trkpt>
<trkpt lat="42.425170562405235" lon="77.30488411925249">
    <time>2026-08-15T14:58:18.098Z</time>
    <extensions>
        <provider>whs</provider>
    </extensions>
</trkpt>
<trkpt lat="42.425120662405234" lon="77.3049513192525">
    <time>2026-08-15T14:58:19.106Z</time>
    <extensions>
        <provider>whs</provider>
    </extensions>
</trkpt>
<trkpt lat="42.425072662405235" lon="77.30501891925249">
    <time>2026-08-15T14:58:20.117Z</time>
    <extensions>
        <provider>whs</provider>
    </extensions>
</trkpt>
<trkpt lat="42.42502056240524" lon="77.3050838192525">
    <time>2026-08-15T14:58:21.124Z</time>
    <extensions>
        <provider>whs</provider>
    </extensions>
</trkpt>
<trkpt lat="42.424970462405234" lon="77.3051569192525">
    <time>2026-08-15T14:58:22.134Z</time>
    <extensions>
        <provider>whs</provider>
    </extensions>
</trkpt>
<trkpt lat="42.42493756240523" lon="77.3052313192525">
    <time>2026-08-15T14:58:23.143Z</time>
    <extensions>
        <provider>whs</provider>
    </extensions>
</trkpt>
<trkpt lat="42.424871962405234" lon="77.3053077192525">
    <time>2026-08-15T14:58:24.153Z</time>
    <extensions>
        <provider>whs</provider>
    </extensions>
</trkpt>
<trkpt lat="42.42480366240523" lon="77.3053800192525">
    <time>2026-08-15T14:58:25.162Z</time>
    <extensions>
        <provider>whs</provider>
    </extensions>
</trkpt>
<trkpt lat="42.42473906240524" lon="77.30546581925249">
    <time>2026-08-15T14:58:26.171Z</time>
    <extensions>
        <provider>whs</provider>
    </extensions>
</trkpt>
<trkpt lat="42.424678162405236" lon="77.3055672192525">
    <time>2026-08-15T14:58:27.181Z</time>
    <extensions>
        <provider>whs</provider>
    </extensions>
</trkpt>
<trkpt lat="42.42460786240523" lon="77.3056653192525">
    <time>2026-08-15T14:58:28.190Z</time>
    <extensions>
        <provider>whs</provider>
    </extensions>
</trkpt>
<trkpt lat="42.42453256240523" lon="77.3057656192525">
    <time>2026-08-15T14:58:29.199Z</time>
    <extensions>
        <provider>whs</provider>
    </extensions>
</trkpt>
<trkpt lat="42.42445346240523" lon="77.30588611925249">
    <time>2026-08-15T14:58:30.209Z</time>
    <extensions>
        <provider>whs</provider>
    </extensions>
</trkpt>
<trkpt lat="42.42438606240523" lon="77.3059882192525">
    <time>2026-08-15T14:58:31.215Z</time>
    <extensions>
        <provider>whs</provider>
    </extensions>
</trkpt>
<trkpt lat="42.42430676240524" lon="77.30610061925249">
    <time>2026-08-15T14:58:32.224Z</time>
    <extensions>
        <provider>whs</provider>
    </extensions>
</trkpt>
<trkpt lat="42.42423506240524" lon="77.30620711925249">
    <time>2026-08-15T14:58:33.235Z</time>
    <extensions>
        <provider>whs</provider>
    </extensions>
</trkpt>
<trkpt lat="42.424170962405235" lon="77.3063143192525">
    <time>2026-08-15T14:58:34.244Z</time>
    <extensions>
        <provider>whs</provider>
    </extensions>
</trkpt>
<trkpt lat="42.42410696240523" lon="77.30642541925249">
    <time>2026-08-15T14:58:35.255Z</time>
    <extensions>
        <provider>whs</provider>
    </extensions>
</trkpt>
<trkpt lat="42.42403626240524" lon="77.3065498192525">
    <time>2026-08-15T14:58:36.264Z</time>
    <extensions>
        <provider>whs</provider>
    </extensions>
</trkpt>
<trkpt lat="42.42396406240523" lon="77.3066664192525">
    <time>2026-08-15T14:58:37.273Z</time>
    <extensions>
        <provider>whs</provider>
    </extensions>
</trkpt>
<trkpt lat="42.423931362405234" lon="77.3068027192525">
    <time>2026-08-15T14:58:38.283Z</time>
    <extensions>
        <provider>whs</provider>
    </extensions>
</trkpt>
<trkpt lat="42.423870562405234" lon="77.3069069192525">
    <time>2026-08-15T14:58:39.293Z</time>
    <extensions>
        <provider>whs</provider>
    </extensions>
</trkpt>
<trkpt lat="42.423820262405236" lon="77.3070077192525">
    <time>2026-08-15T14:58:40.300Z</time>
    <extensions>
        <provider>whs</provider>
    </extensions>
</trkpt>
<trkpt lat="42.423773262405234" lon="77.3071090192525">
    <time>2026-08-15T14:58:41.310Z</time>
    <extensions>
        <provider>whs</provider>
    </extensions>
</trkpt>
<trkpt lat="42.423730762405235" lon="77.3072057192525">
    <time>2026-08-15T14:58:42.312Z</time>
    <extensions>
        <provider>whs</provider>
    </extensions>
</trkpt>
<trkpt lat="42.42370866240523" lon="77.3073083192525">
    <time>2026-08-15T14:58:43.313Z</time>
    <extensions>
        <provider>whs</provider>
    </extensions>
</trkpt>
<trkpt lat="42.42367096240523" lon="77.3073926192525">
    <time>2026-08-15T14:58:44.322Z</time>
    <extensions>
        <provider>whs</provider>
    </extensions>
</trkpt>
<trkpt lat="42.423640662405234" lon="77.30746401925249">
    <time>2026-08-15T14:58:45.331Z</time>
    <extensions>
        <provider>whs</provider>
    </extensions>
</trkpt>
<trkpt lat="42.42360816240524" lon="77.3075493192525">
    <time>2026-08-15T14:58:46.340Z</time>
    <extensions>
        <provider>whs</provider>
    </extensions>
</trkpt>
<trkpt lat="42.42356616240524" lon="77.30763611925249">
    <time>2026-08-15T14:58:47.348Z</time>
    <extensions>
        <provider>whs</provider>
    </extensions>
</trkpt>
<trkpt lat="42.42352756240523" lon="77.3077148192525">
    <time>2026-08-15T14:58:48.356Z</time>
    <extensions>
        <provider>whs</provider>
    </extensions>
</trkpt>
<trkpt lat="42.42349406240523" lon="77.3077820192525">
    <time>2026-08-15T14:58:49.366Z</time>
    <extensions>
        <provider>whs</provider>
    </extensions>
</trkpt>
<trkpt lat="42.42344776240523" lon="77.3078552192525">
    <time>2026-08-15T14:58:50.374Z</time>
    <extensions>
        <provider>whs</provider>
    </extensions>
</trkpt>
<trkpt lat="42.42340406240523" lon="77.3079372192525">
    <time>2026-08-15T14:58:51.384Z</time>
    <extensions>
        <provider>whs</provider>
    </extensions>
</trkpt>
<trkpt lat="42.42336326240523" lon="77.3080252192525">
    <time>2026-08-15T14:58:52.394Z</time>
    <extensions>
        <provider>whs</provider>
    </extensions>
</trkpt>
<trkpt lat="42.42326646240524" lon="77.3082328192525">
    <time>2026-08-15T14:58:53.404Z</time>
    <extensions>
        <provider>whs</provider>
    </extensions>
</trkpt>
<trkpt lat="42.42323006240523" lon="77.3083325192525">
    <time>2026-08-15T14:58:54.413Z</time>
    <extensions>
        <provider>whs</provider>
    </extensions>
</trkpt>
<trkpt lat="42.42319166240524" lon="77.3084371192525">
    <time>2026-08-15T14:58:55.422Z</time>
    <extensions>
        <provider>whs</provider>
    </extensions>
</trkpt>
<trkpt lat="42.42315176240523" lon="77.3085348192525">
    <time>2026-08-15T14:58:56.431Z</time>
    <extensions>
        <provider>whs</provider>
    </extensions>
</trkpt>
<trkpt lat="42.42310556240523" lon="77.3086251192525">
    <time>2026-08-15T14:58:57.440Z</time>
    <extensions>
        <provider>whs</provider>
    </extensions>
</trkpt>
<trkpt lat="42.423058862405234" lon="77.3087028192525">
    <time>2026-08-15T14:58:58.449Z</time>
    <extensions>
        <provider>whs</provider>
    </extensions>
</trkpt>
<trkpt lat="42.42299966240523" lon="77.30881721925249">
    <time>2026-08-15T14:58:59.459Z</time>
    <extensions>
        <provider>whs</provider>
    </extensions>
</trkpt>
<trkpt lat="42.42294786240524" lon="77.30894621925249">
    <time>2026-08-15T14:59:00.468Z</time>
    <extensions>
        <provider>whs</provider>
    </extensions>
</trkpt>
<trkpt lat="42.42288106240523" lon="77.30905391925249">
    <time>2026-08-15T14:59:01.477Z</time>
    <extensions>
        <provider>whs</provider>
    </extensions>
</trkpt>
<trkpt lat="42.42279476240523" lon="77.3091893192525">
    <time>2026-08-15T14:59:02.484Z</time>
    <extensions>
        <provider>whs</provider>
    </extensions>
</trkpt>
<trkpt lat="42.422720762405234" lon="77.30930261925249">
    <time>2026-08-15T14:59:03.495Z</time>
    <extensions>
        <provider>whs</provider>
    </extensions>
</trkpt>
<trkpt lat="42.422662462405235" lon="77.3094001192525">
    <time>2026-08-15T14:59:04.503Z</time>
    <extensions>
        <provider>whs</provider>
    </extensions>
</trkpt>
<trkpt lat="42.422604662405234" lon="77.3095108192525">
    <time>2026-08-15T14:59:05.511Z</time>
    <extensions>
        <provider>whs</provider>
    </extensions>
</trkpt>
<trkpt lat="42.42254896240524" lon="77.3096003192525">
    <time>2026-08-15T14:59:06.521Z</time>
    <extensions>
        <provider>whs</provider>
    </extensions>
</trkpt>
<trkpt lat="42.422487862405234" lon="77.3096867192525">
    <time>2026-08-15T14:59:07.530Z</time>
    <extensions>
        <provider>whs</provider>
    </extensions>
</trkpt>
<trkpt lat="42.422427762405235" lon="77.3097807192525">
    <time>2026-08-15T14:59:08.539Z</time>
    <extensions>
        <provider>whs</provider>
    </extensions>
</trkpt>
<trkpt lat="42.42237326240524" lon="77.3098676192525">
    <time>2026-08-15T14:59:09.550Z</time>
    <extensions>
        <provider>whs</provider>
    </extensions>
</trkpt>
<trkpt lat="42.422298362405236" lon="77.3099481192525">
    <time>2026-08-15T14:59:10.558Z</time>
    <extensions>
        <provider>whs</provider>
    </extensions>
</trkpt>
<trkpt lat="42.42222566240523" lon="77.3100438192525">
    <time>2026-08-15T14:59:11.568Z</time>
    <extensions>
        <provider>whs</provider>
    </extensions>
</trkpt>
<trkpt lat="42.42215676240524" lon="77.3101455192525">
    <time>2026-08-15T14:59:12.579Z</time>
    <extensions>
        <provider>whs</provider>
    </extensions>
</trkpt>
<trkpt lat="42.422095162405235" lon="77.3102421192525">
    <time>2026-08-15T14:59:13.589Z</time>
    <extensions>
        <provider>whs</provider>
    </extensions>
</trkpt>
<trkpt lat="42.422017362405235" lon="77.3103474192525">
    <time>2026-08-15T14:59:14.595Z</time>
    <extensions>
        <provider>whs</provider>
    </extensions>
</trkpt>
<trkpt lat="42.421950562405236" lon="77.3104443192525">
    <time>2026-08-15T14:59:15.608Z</time>
    <extensions>
        <provider>whs</provider>
    </extensions>
</trkpt>
<trkpt lat="42.42188276240523" lon="77.31055261925249">
    <time>2026-08-15T14:59:16.614Z</time>
    <extensions>
        <provider>whs</provider>
    </extensions>
</trkpt>
<trkpt lat="42.42180066240523" lon="77.31065171925249">
    <time>2026-08-15T14:59:17.624Z</time>
    <extensions>
        <provider>whs</provider>
    </extensions>
</trkpt>
<trkpt lat="42.42171596240524" lon="77.31074291925249">
    <time>2026-08-15T14:59:18.633Z</time>
    <extensions>
        <provider>whs</provider>
    </extensions>
</trkpt>
<trkpt lat="42.421630562405234" lon="77.3108423192525">
    <time>2026-08-15T14:59:19.642Z</time>
    <extensions>
        <provider>whs</provider>
    </extensions>
</trkpt>
<trkpt lat="42.42155386240523" lon="77.3109323192525">
    <time>2026-08-15T14:59:20.651Z</time>
    <extensions>
        <provider>whs</provider>
    </extensions>
</trkpt>
<trkpt lat="42.421485962405235" lon="77.31100431925249">
    <time>2026-08-15T14:59:21.660Z</time>
    <extensions>
        <provider>whs</provider>
    </extensions>
</trkpt>
<trkpt lat="42.421423262405234" lon="77.31108351925249">
    <time>2026-08-15T14:59:22.671Z</time>
    <extensions>
        <provider>whs</provider>
    </extensions>
</trkpt>
<trkpt lat="42.42135366240524" lon="77.3111617192525">
    <time>2026-08-15T14:59:23.678Z</time>
    <extensions>
        <provider>whs</provider>
    </extensions>
</trkpt>
<trkpt lat="42.42129826240524" lon="77.31122381925249">
    <time>2026-08-15T14:59:24.688Z</time>
    <extensions>
        <provider>whs</provider>
    </extensions>
</trkpt>
<trkpt lat="42.42125696240524" lon="77.3112845192525">
    <time>2026-08-15T14:59:25.695Z</time>
    <extensions>
        <provider>whs</provider>
    </extensions>
</trkpt>
<trkpt lat="42.42122406240524" lon="77.3113160192525">
    <time>2026-08-15T14:59:26.708Z</time>
    <extensions>
        <provider>whs</provider>
    </extensions>
</trkpt>
<trkpt lat="42.42120366240523" lon="77.31136431925249">
    <time>2026-08-15T14:59:27.715Z</time>
    <extensions>
        <provider>whs</provider>
    </extensions>
</trkpt>
<trkpt lat="42.421177662405235" lon="77.3114149192525">
    <time>2026-08-15T14:59:28.724Z</time>
    <extensions>
        <provider>whs</provider>
    </extensions>
</trkpt>
<trkpt lat="42.421152662405234" lon="77.3114551192525">
    <time>2026-08-15T14:59:29.733Z</time>
    <extensions>
        <provider>whs</provider>
    </extensions>
</trkpt>
<trkpt lat="42.42113166240524" lon="77.3114955192525">
    <time>2026-08-15T14:59:30.744Z</time>
    <extensions>
        <provider>whs</provider>
    </extensions>
</trkpt>
<trkpt lat="42.421107862405236" lon="77.3115219192525">
    <time>2026-08-15T14:59:31.755Z</time>
    <extensions>
        <provider>whs</provider>
    </extensions>
</trkpt>
<trkpt lat="42.421084762405236" lon="77.3115437192525">
    <time>2026-08-15T14:59:32.764Z</time>
    <extensions>
        <provider>whs</provider>
    </extensions>
</trkpt>
<trkpt lat="42.42104416240524" lon="77.31155721925249">
    <time>2026-08-15T14:59:33.774Z</time>
    <extensions>
        <provider>whs</provider>
    </extensions>
</trkpt>
<trkpt lat="42.42100336240524" lon="77.31157761925249">
    <time>2026-08-15T14:59:34.783Z</time>
    <extensions>
        <provider>whs</provider>
    </extensions>
</trkpt>
<trkpt lat="42.42096336240523" lon="77.3115993192525">
    <time>2026-08-15T14:59:35.793Z</time>
    <extensions>
        <provider>whs</provider>
    </extensions>
</trkpt>
<trkpt lat="42.42092696240523" lon="77.3116198192525">
    <time>2026-08-15T14:59:36.802Z</time>
    <extensions>
        <provider>whs</provider>
    </extensions>
</trkpt>
<trkpt lat="42.42089526240523" lon="77.3116382192525">
    <time>2026-08-15T14:59:37.810Z</time>
    <extensions>
        <provider>whs</provider>
    </extensions>
</trkpt>
<trkpt lat="42.420862162405236" lon="77.3116543192525">
    <time>2026-08-15T14:59:38.820Z</time>
    <extensions>
        <provider>whs</provider>
    </extensions>
</trkpt>
<trkpt lat="42.42083206240523" lon="77.3116753192525">
    <time>2026-08-15T14:59:39.830Z</time>
    <extensions>
        <provider>whs</provider>
    </extensions>
</trkpt>
<trkpt lat="42.420812362405236" lon="77.3116909192525">
    <time>2026-08-15T14:59:40.840Z</time>
    <extensions>
        <provider>whs</provider>
    </extensions>
</trkpt>
<trkpt lat="42.42077236240524" lon="77.31173151925249">
    <time>2026-08-15T14:59:42.853Z</time>
    <extensions>
        <provider>whs</provider>
    </extensions>
</trkpt>
<trkpt lat="42.420746562405235" lon="77.31176881925249">
    <time>2026-08-15T14:59:43.862Z</time>
    <extensions>
        <provider>whs</provider>
    </extensions>
</trkpt>
<trkpt lat="42.420708362405236" lon="77.31181001925249">
    <time>2026-08-15T14:59:44.872Z</time>
    <extensions>
        <provider>whs</provider>
    </extensions>
</trkpt>
<trkpt lat="42.42067826240523" lon="77.31184521925249">
    <time>2026-08-15T14:59:45.880Z</time>
    <extensions>
        <provider>whs</provider>
    </extensions>
</trkpt>
<trkpt lat="42.42064586240524" lon="77.31186051925249">
    <time>2026-08-15T14:59:46.889Z</time>
    <extensions>
        <provider>whs</provider>
    </extensions>
</trkpt>
<trkpt lat="42.420620162405235" lon="77.3119166192525">
    <time>2026-08-15T14:59:47.898Z</time>
    <extensions>
        <provider>whs</provider>
    </extensions>
</trkpt>
<trkpt lat="42.420604962405235" lon="77.3119626192525">
    <time>2026-08-15T14:59:48.906Z</time>
    <extensions>
        <provider>whs</provider>
    </extensions>
</trkpt>
<trkpt lat="42.420598162405234" lon="77.3119916192525">
    <time>2026-08-15T14:59:49.907Z</time>
    <extensions>
        <provider>whs</provider>
    </extensions>
</trkpt>
<trkpt lat="42.42059926240523" lon="77.31202161925249">
    <time>2026-08-15T14:59:50.911Z</time>
    <extensions>
        <provider>whs</provider>
    </extensions>
</trkpt>
<trkpt lat="42.420616562405236" lon="77.3120360192525">
    <time>2026-08-15T14:59:52.929Z</time>
    <extensions>
        <provider>whs</provider>
    </extensions>
</trkpt>
<trkpt lat="42.420648662405235" lon="77.3120431192525">
    <time>2026-08-15T14:59:54.948Z</time>
    <extensions>
        <provider>whs</provider>
    </extensions>
</trkpt>
<trkpt lat="42.42066726240523" lon="77.3120545192525">
    <time>2026-08-15T14:59:57.967Z</time>
    <extensions>
        <provider>whs</provider>
    </extensions>
</trkpt>
<trkpt lat="42.420659762405236" lon="77.31209991925249">
    <time>2026-08-15T15:00:03.007Z</time>
    <extensions>
        <provider>whs</provider>
    </extensions>
</trkpt>
<trkpt lat="42.420635962405235" lon="77.3121119192525">
    <time>2026-08-15T15:00:04.015Z</time>
    <extensions>
        <provider>whs</provider>
    </extensions>
</trkpt>
<trkpt lat="42.42061916240524" lon="77.3121234192525">
    <time>2026-08-15T15:00:05.024Z</time>
    <extensions>
        <provider>whs</provider>
    </extensions>
</trkpt>
<trkpt lat="42.42060286240523" lon="77.3121354192525">
    <time>2026-08-15T15:00:07.043Z</time>
    <extensions>
        <provider>whs</provider>
    </extensions>
</trkpt>
<trkpt lat="42.42060466240523" lon="77.31216091925249">
    <time>2026-08-15T15:00:08.053Z</time>
    <extensions>
        <provider>whs</provider>
    </extensions>
</trkpt>
<trkpt lat="42.420599562405236" lon="77.31218991925249">
    <time>2026-08-15T15:00:12.085Z</time>
    <extensions>
        <provider>whs</provider>
    </extensions>
</trkpt>
<trkpt lat="42.420581862405236" lon="77.3122146192525">
    <time>2026-08-15T15:00:15.116Z</time>
    <extensions>
        <provider>whs</provider>
    </extensions>
</trkpt>
<trkpt lat="42.42059476240524" lon="77.3121842192525">
    <time>2026-08-15T15:00:22.177Z</time>
    <extensions>
        <provider>whs</provider>
    </extensions>
</trkpt>
<trkpt lat="42.42060766240523" lon="77.3121619192525">
    <time>2026-08-15T15:00:24.193Z</time>
    <extensions>
        <provider>whs</provider>
    </extensions>
</trkpt>
<trkpt lat="42.420600562405234" lon="77.3121953192525">
    <time>2026-08-15T15:00:29.240Z</time>
    <extensions>
        <provider>whs</provider>
    </extensions>
</trkpt>
<trkpt lat="42.420576962405235" lon="77.3122163192525">
    <time>2026-08-15T15:00:33.278Z</time>
    <extensions>
        <provider>whs</provider>
    </extensions>
</trkpt>
<trkpt lat="42.420591462405234" lon="77.3122409192525">
    <time>2026-08-15T15:00:41.352Z</time>
    <extensions>
        <provider>whs</provider>
    </extensions>
</trkpt>
<trkpt lat="42.420604862405234" lon="77.31226051925249">
    <time>2026-08-15T15:00:44.367Z</time>
    <extensions>
        <provider>whs</provider>
    </extensions>
</trkpt>
<trkpt lat="42.420638862405234" lon="77.3123167192525">
    <time>2026-08-15T15:00:46.382Z</time>
    <extensions>
        <provider>whs</provider>
    </extensions>
</trkpt>
<trkpt lat="42.42066426240523" lon="77.31233831925249">
    <time>2026-08-15T15:00:47.391Z</time>
    <extensions>
        <provider>whs</provider>
    </extensions>
</trkpt>
<trkpt lat="42.42068106240524" lon="77.3123618192525">
    <time>2026-08-15T15:00:48.400Z</time>
    <extensions>
        <provider>whs</provider>
    </extensions>
</trkpt>
<trkpt lat="42.42071576240524" lon="77.3123702192525">
    <time>2026-08-15T15:00:51.425Z</time>
    <extensions>
        <provider>whs</provider>
    </extensions>
</trkpt>
<trkpt lat="42.420723462405235" lon="77.3124047192525">
    <time>2026-08-15T15:00:53.445Z</time>
    <extensions>
        <provider>whs</provider>
    </extensions>
</trkpt>
<trkpt lat="42.42075066240523" lon="77.31242831925249">
    <time>2026-08-15T15:00:55.464Z</time>
    <extensions>
        <provider>whs</provider>
    </extensions>
</trkpt>
<trkpt lat="42.420768562405236" lon="77.3124367192525">
    <time>2026-08-15T15:00:56.474Z</time>
    <extensions>
        <provider>whs</provider>
    </extensions>
</trkpt>
<trkpt lat="42.42078646240523" lon="77.3124434192525">
    <time>2026-08-15T15:00:58.494Z</time>
    <extensions>
        <provider>whs</provider>
    </extensions>
</trkpt>
<trkpt lat="42.420776362405235" lon="77.3124813192525">
    <time>2026-08-15T15:01:01.523Z</time>
    <extensions>
        <provider>whs</provider>
    </extensions>
</trkpt>
<trkpt lat="42.42076626240524" lon="77.3125350192525">
    <time>2026-08-15T15:01:03.542Z</time>
    <extensions>
        <provider>whs</provider>
    </extensions>
</trkpt>
<trkpt lat="42.42076016240524" lon="77.3125603192525">
    <time>2026-08-15T15:01:04.551Z</time>
    <extensions>
        <provider>whs</provider>
    </extensions>
</trkpt>
<trkpt lat="42.42074986240524" lon="77.3126061192525">
    <time>2026-08-15T15:01:07.578Z</time>
    <extensions>
        <provider>whs</provider>
    </extensions>
</trkpt>
<trkpt lat="42.420725362405236" lon="77.3126099192525">
    <time>2026-08-15T15:01:10.604Z</time>
    <extensions>
        <provider>whs</provider>
    </extensions>
</trkpt>
<trkpt lat="42.420729062405236" lon="77.31264231925249">
    <time>2026-08-15T15:01:13.632Z</time>
    <extensions>
        <provider>whs</provider>
    </extensions>
</trkpt>
<trkpt lat="42.42070736240523" lon="77.3126347192525">
    <time>2026-08-15T15:01:15.648Z</time>
    <extensions>
        <provider>whs</provider>
    </extensions>
</trkpt>
<trkpt lat="42.420712662405236" lon="77.3126689192525">
    <time>2026-08-15T15:01:23.704Z</time>
    <extensions>
        <provider>whs</provider>
    </extensions>
</trkpt>
<trkpt lat="42.420735062405235" lon="77.31267481925249">
    <time>2026-08-15T15:01:24.714Z</time>
    <extensions>
        <provider>whs</provider>
    </extensions>
</trkpt>
<trkpt lat="42.42076086240523" lon="77.3126804192525">
    <time>2026-08-15T15:01:25.724Z</time>
    <extensions>
        <provider>whs</provider>
    </extensions>
</trkpt>
<trkpt lat="42.42079736240523" lon="77.3126824192525">
    <time>2026-08-15T15:01:26.735Z</time>
    <extensions>
        <provider>whs</provider>
    </extensions>
</trkpt>
<trkpt lat="42.420835262405234" lon="77.3126815192525">
    <time>2026-08-15T15:01:27.743Z</time>
    <extensions>
        <provider>whs</provider>
    </extensions>
</trkpt>
<trkpt lat="42.420870662405235" lon="77.3126780192525">
    <time>2026-08-15T15:01:28.753Z</time>
    <extensions>
        <provider>whs</provider>
    </extensions>
</trkpt>
<trkpt lat="42.420904062405235" lon="77.31267581925249">
    <time>2026-08-15T15:01:29.763Z</time>
    <extensions>
        <provider>whs</provider>
    </extensions>
</trkpt>
<trkpt lat="42.420924862405236" lon="77.31266121925249">
    <time>2026-08-15T15:01:30.773Z</time>
    <extensions>
        <provider>whs</provider>
    </extensions>
</trkpt>
<trkpt lat="42.42093916240523" lon="77.3126416192525">
    <time>2026-08-15T15:01:31.783Z</time>
    <extensions>
        <provider>whs</provider>
    </extensions>
</trkpt>
<trkpt lat="42.42095916240523" lon="77.31261451925249">
    <time>2026-08-15T15:01:33.802Z</time>
    <extensions>
        <provider>whs</provider>
    </extensions>
</trkpt>
<trkpt lat="42.42096196240524" lon="77.3125893192525">
    <time>2026-08-15T15:01:34.811Z</time>
    <extensions>
        <provider>whs</provider>
    </extensions>
</trkpt>
<trkpt lat="42.42096086240524" lon="77.3125572192525">
    <time>2026-08-15T15:01:35.822Z</time>
    <extensions>
        <provider>whs</provider>
    </extensions>
</trkpt>
<trkpt lat="42.42095916240523" lon="77.3125246192525">
    <time>2026-08-15T15:01:36.830Z</time>
    <extensions>
        <provider>whs</provider>
    </extensions>
</trkpt>
<trkpt lat="42.42095776240524" lon="77.3124924192525">
    <time>2026-08-15T15:01:37.841Z</time>
    <extensions>
        <provider>whs</provider>
    </extensions>
</trkpt>
<trkpt lat="42.420955862405236" lon="77.3124572192525">
    <time>2026-08-15T15:01:38.849Z</time>
    <extensions>
        <provider>whs</provider>
    </extensions>
</trkpt>
<trkpt lat="42.42095676240523" lon="77.3124306192525">
    <time>2026-08-15T15:01:39.858Z</time>
    <extensions>
        <provider>whs</provider>
    </extensions>
</trkpt>
<trkpt lat="42.420952162405236" lon="77.31239571925249">
    <time>2026-08-15T15:01:40.867Z</time>
    <extensions>
        <provider>whs</provider>
    </extensions>
</trkpt>
<trkpt lat="42.42094136240524" lon="77.3123557192525">
    <time>2026-08-15T15:01:41.875Z</time>
    <extensions>
        <provider>whs</provider>
    </extensions>
</trkpt>
<trkpt lat="42.42092266240523" lon="77.3123070192525">
    <time>2026-08-15T15:01:42.884Z</time>
    <extensions>
        <provider>whs</provider>
    </extensions>
</trkpt>
<trkpt lat="42.42091766240524" lon="77.31223921925249">
    <time>2026-08-15T15:01:43.894Z</time>
    <extensions>
        <provider>whs</provider>
    </extensions>
</trkpt>
<trkpt lat="42.42091536240523" lon="77.3121424192525">
    <time>2026-08-15T15:01:44.903Z</time>
    <extensions>
        <provider>whs</provider>
    </extensions>
</trkpt>
<trkpt lat="42.420914362405234" lon="77.3120325192525">
    <time>2026-08-15T15:01:45.913Z</time>
    <extensions>
        <provider>whs</provider>
    </extensions>
</trkpt>
<trkpt lat="42.420881462405234" lon="77.31248931925249">
    <time>2026-08-15T15:03:54.132Z</time>
    <extensions>
        <provider>whs</provider>
    </extensions>
</trkpt>
<trkpt lat="42.420853562405235" lon="77.3124861192525">
    <time>2026-08-15T15:03:56.151Z</time>
    <extensions>
        <provider>whs</provider>
    </extensions>
</trkpt>
<trkpt lat="42.42077606240523" lon="77.3123997192525">
    <time>2026-08-15T15:03:57.160Z</time>
    <extensions>
        <provider>whs</provider>
    </extensions>
</trkpt>
<trkpt lat="42.420696162405235" lon="77.31233591925249">
    <time>2026-08-15T15:03:58.170Z</time>
    <extensions>
        <provider>whs</provider>
    </extensions>
</trkpt>
<trkpt lat="42.42051696240524" lon="77.3121574192525">
    <time>2026-08-15T15:03:59.179Z</time>
    <extensions>
        <provider>whs</provider>
    </extensions>
</trkpt>
<trkpt lat="42.42028776240524" lon="77.31194811925249">
    <time>2026-08-15T15:04:00.188Z</time>
    <extensions>
        <provider>whs</provider>
    </extensions>
</trkpt>
<trkpt lat="42.42012746240523" lon="77.31181361925249">
    <time>2026-08-15T15:04:01.198Z</time>
    <extensions>
        <provider>whs</provider>
    </extensions>
</trkpt>
<trkpt lat="42.420099162405236" lon="77.31172381925249">
    <time>2026-08-15T15:04:02.208Z</time>
    <extensions>
        <provider>whs</provider>
    </extensions>
</trkpt>
<trkpt lat="42.420174962405234" lon="77.3117402192525">
    <time>2026-08-15T15:04:03.215Z</time>
    <extensions>
        <provider>whs</provider>
    </extensions>
</trkpt>
<trkpt lat="42.42034746240523" lon="77.3118469192525">
    <time>2026-08-15T15:04:04.225Z</time>
    <extensions>
        <provider>whs</provider>
    </extensions>
</trkpt>
<trkpt lat="42.420418362405236" lon="77.3118908192525">
    <time>2026-08-15T15:04:05.234Z</time>
    <extensions>
        <provider>whs</provider>
    </extensions>
</trkpt>
<trkpt lat="42.42042896240523" lon="77.3119278192525">
    <time>2026-08-15T15:04:06.245Z</time>
    <extensions>
        <provider>whs</provider>
    </extensions>
</trkpt>
<trkpt lat="42.420403762405236" lon="77.3119831192525">
    <time>2026-08-15T15:04:07.255Z</time>
    <extensions>
        <provider>whs</provider>
    </extensions>
</trkpt>
<trkpt lat="42.42039186240523" lon="77.3120482192525">
    <time>2026-08-15T15:04:08.266Z</time>
    <extensions>
        <provider>whs</provider>
    </extensions>
</trkpt>
<trkpt lat="42.42037226240524" lon="77.3121247192525">
    <time>2026-08-15T15:04:09.277Z</time>
    <extensions>
        <provider>whs</provider>
    </extensions>
</trkpt>
<trkpt lat="42.420375162405236" lon="77.31224111925249">
    <time>2026-08-15T15:04:10.288Z</time>
    <extensions>
        <provider>whs</provider>
    </extensions>
</trkpt>
<trkpt lat="42.42039806240523" lon="77.31227581925249">
    <time>2026-08-15T15:04:11.299Z</time>
    <extensions>
        <provider>whs</provider>
    </extensions>
</trkpt>
<trkpt lat="42.420329562405236" lon="77.3123583192525">
    <time>2026-08-15T15:04:12.310Z</time>
    <extensions>
        <provider>whs</provider>
    </extensions>
</trkpt>
<trkpt lat="42.42028666240523" lon="77.31237321925249">
    <time>2026-08-15T15:04:13.319Z</time>
    <extensions>
        <provider>whs</provider>
    </extensions>
</trkpt>
<trkpt lat="42.420328862405235" lon="77.3124359192525">
    <time>2026-08-15T15:04:15.334Z</time>
    <extensions>
        <provider>whs</provider>
    </extensions>
</trkpt>
<trkpt lat="42.42038746240524" lon="77.3124540192525">
    <time>2026-08-15T15:04:16.344Z</time>
    <extensions>
        <provider>whs</provider>
    </extensions>
</trkpt>
<trkpt lat="42.42043856240524" lon="77.3124596192525">
    <time>2026-08-15T15:04:17.352Z</time>
    <extensions>
        <provider>whs</provider>
    </extensions>
</trkpt>
<trkpt lat="42.420506362405234" lon="77.31244241925249">
    <time>2026-08-15T15:04:18.361Z</time>
    <extensions>
        <provider>whs</provider>
    </extensions>
</trkpt>
<trkpt lat="42.420611662405236" lon="77.31243501925249">
    <time>2026-08-15T15:04:19.371Z</time>
    <extensions>
        <provider>whs</provider>
    </extensions>
</trkpt>
<trkpt lat="42.420654162405235" lon="77.3124122192525">
    <time>2026-08-15T15:04:20.380Z</time>
    <extensions>
        <provider>whs</provider>
    </extensions>
</trkpt>
<trkpt lat="42.42074686240523" lon="77.3123787192525">
    <time>2026-08-15T15:04:21.389Z</time>
    <extensions>
        <provider>whs</provider>
    </extensions>
</trkpt>
<trkpt lat="42.42079386240523" lon="77.3123607192525">
    <time>2026-08-15T15:04:22.400Z</time>
    <extensions>
        <provider>whs</provider>
    </extensions>
</trkpt>
<trkpt lat="42.42085226240523" lon="77.3123406192525">
    <time>2026-08-15T15:04:23.409Z</time>
    <extensions>
        <provider>whs</provider>
    </extensions>
</trkpt>
<trkpt lat="42.42092186240524" lon="77.3123302192525">
    <time>2026-08-15T15:04:24.418Z</time>
    <extensions>
        <provider>whs</provider>
    </extensions>
</trkpt>
<trkpt lat="42.42098826240523" lon="77.31231461925249">
    <time>2026-08-15T15:04:25.426Z</time>
    <extensions>
        <provider>whs</provider>
    </extensions>
</trkpt>
<trkpt lat="42.42105196240524" lon="77.3122867192525">
    <time>2026-08-15T15:04:26.432Z</time>
    <extensions>
        <provider>whs</provider>
    </extensions>
</trkpt>
<trkpt lat="42.42113676240523" lon="77.31225881925249">
    <time>2026-08-15T15:04:27.442Z</time>
    <extensions>
        <provider>whs</provider>
    </extensions>
</trkpt>
<trkpt lat="42.42123026240523" lon="77.3122239192525">
    <time>2026-08-15T15:04:28.451Z</time>
    <extensions>
        <provider>whs</provider>
    </extensions>
</trkpt>
<trkpt lat="42.42090556240523" lon="77.3124743192525">
    <time>2026-08-15T15:06:28.486Z</time>
    <extensions>
        <provider>whs</provider>
    </extensions>
</trkpt>
<trkpt lat="42.42089716240523" lon="77.3125287192525">
    <time>2026-08-15T15:06:29.495Z</time>
    <extensions>
        <provider>whs</provider>
    </extensions>
</trkpt>
<trkpt lat="42.420815862405234" lon="77.3125667192525">
    <time>2026-08-15T15:06:30.503Z</time>
    <extensions>
        <provider>whs</provider>
    </extensions>
</trkpt>
<trkpt lat="42.420747262405236" lon="77.3126143192525">
    <time>2026-08-15T15:06:31.512Z</time>
    <extensions>
        <provider>whs</provider>
    </extensions>
</trkpt>
<trkpt lat="42.42070326240523" lon="77.3126532192525">
    <time>2026-08-15T15:06:32.522Z</time>
    <extensions>
        <provider>whs</provider>
    </extensions>
</trkpt>
<trkpt lat="42.420727062405234" lon="77.31264611925249">
    <time>2026-08-15T15:06:33.531Z</time>
    <extensions>
        <provider>whs</provider>
    </extensions>
</trkpt>
<trkpt lat="42.42077226240524" lon="77.31261931925249">
    <time>2026-08-15T15:06:34.538Z</time>
    <extensions>
        <provider>whs</provider>
    </extensions>
</trkpt>
<trkpt lat="42.42078396240523" lon="77.3126515192525">
    <time>2026-08-15T15:06:36.556Z</time>
    <extensions>
        <provider>whs</provider>
    </extensions>
</trkpt>
<trkpt lat="42.42076216240523" lon="77.3126780192525">
    <time>2026-08-15T15:06:38.574Z</time>
    <extensions>
        <provider>whs</provider>
    </extensions>
</trkpt>
<trkpt lat="42.420717362405234" lon="77.3126769192525">
    <time>2026-08-15T15:06:39.583Z</time>
    <extensions>
        <provider>whs</provider>
    </extensions>
</trkpt>
<trkpt lat="42.42069576240524" lon="77.3126618192525">
    <time>2026-08-15T15:06:41.601Z</time>
    <extensions>
        <provider>whs</provider>
    </extensions>
</trkpt>
<trkpt lat="42.42067756240523" lon="77.3126550192525">
    <time>2026-08-15T15:06:42.612Z</time>
    <extensions>
        <provider>whs</provider>
    </extensions>
</trkpt>
<trkpt lat="42.420629962405236" lon="77.3126852192525">
    <time>2026-08-15T15:06:44.629Z</time>
    <extensions>
        <provider>whs</provider>
    </extensions>
</trkpt>
<trkpt lat="42.420606662405234" lon="77.31269181925249">
    <time>2026-08-15T15:06:45.636Z</time>
    <extensions>
        <provider>whs</provider>
    </extensions>
</trkpt>
<trkpt lat="42.42058646240523" lon="77.3127075192525">
    <time>2026-08-15T15:06:46.646Z</time>
    <extensions>
        <provider>whs</provider>
    </extensions>
</trkpt>
<trkpt lat="42.42056446240523" lon="77.31271171925249">
    <time>2026-08-15T15:06:47.655Z</time>
    <extensions>
        <provider>whs</provider>
    </extensions>
</trkpt>
<trkpt lat="42.42054376240524" lon="77.3127158192525">
    <time>2026-08-15T15:06:48.665Z</time>
    <extensions>
        <provider>whs</provider>
    </extensions>
</trkpt>
<trkpt lat="42.42053396240524" lon="77.3127485192525">
    <time>2026-08-15T15:06:51.695Z</time>
    <extensions>
        <provider>whs</provider>
    </extensions>
</trkpt>
<trkpt lat="42.420525762405234" lon="77.3127862192525">
    <time>2026-08-15T15:06:53.712Z</time>
    <extensions>
        <provider>whs</provider>
    </extensions>
</trkpt>
<trkpt lat="42.42052176240524" lon="77.31283331925249">
    <time>2026-08-15T15:06:55.726Z</time>
    <extensions>
        <provider>whs</provider>
    </extensions>
</trkpt>
<trkpt lat="42.42053776240523" lon="77.3128525192525">
    <time>2026-08-15T15:06:56.736Z</time>
    <extensions>
        <provider>whs</provider>
    </extensions>
</trkpt>
<trkpt lat="42.42055956240524" lon="77.3128722192525">
    <time>2026-08-15T15:06:57.745Z</time>
    <extensions>
        <provider>whs</provider>
    </extensions>
</trkpt>
<trkpt lat="42.42058806240524" lon="77.3128863192525">
    <time>2026-08-15T15:06:58.754Z</time>
    <extensions>
        <provider>whs</provider>
    </extensions>
</trkpt>
<trkpt lat="42.42061266240523" lon="77.3129059192525">
    <time>2026-08-15T15:06:59.765Z</time>
    <extensions>
        <provider>whs</provider>
    </extensions>
</trkpt>
<trkpt lat="42.42063206240523" lon="77.3129212192525">
    <time>2026-08-15T15:07:00.775Z</time>
    <extensions>
        <provider>whs</provider>
    </extensions>
</trkpt>
<trkpt lat="42.420656562405235" lon="77.3129370192525">
    <time>2026-08-15T15:07:02.797Z</time>
    <extensions>
        <provider>whs</provider>
    </extensions>
</trkpt>
<trkpt lat="42.42068046240524" lon="77.3129425192525">
    <time>2026-08-15T15:07:03.809Z</time>
    <extensions>
        <provider>whs</provider>
    </extensions>
</trkpt>
<trkpt lat="42.42070376240523" lon="77.3129557192525">
    <time>2026-08-15T15:07:07.850Z</time>
    <extensions>
        <provider>whs</provider>
    </extensions>
</trkpt>
<trkpt lat="42.42070876240523" lon="77.3129174192525">
    <time>2026-08-15T15:07:10.875Z</time>
    <extensions>
        <provider>whs</provider>
    </extensions>
</trkpt>
<trkpt lat="42.42072496240524" lon="77.31290221925249">
    <time>2026-08-15T15:07:11.885Z</time>
    <extensions>
        <provider>whs</provider>
    </extensions>
</trkpt>
<trkpt lat="42.42072866240523" lon="77.3128760192525">
    <time>2026-08-15T15:07:12.891Z</time>
    <extensions>
        <provider>whs</provider>
    </extensions>
</trkpt>
<trkpt lat="42.420748962405234" lon="77.3128413192525">
    <time>2026-08-15T15:07:14.907Z</time>
    <extensions>
        <provider>whs</provider>
    </extensions>
</trkpt>
<trkpt lat="42.420737362405234" lon="77.31280291925249">
    <time>2026-08-15T15:07:18.941Z</time>
    <extensions>
        <provider>whs</provider>
    </extensions>
</trkpt>
<trkpt lat="42.42071646240523" lon="77.3127760192525">
    <time>2026-08-15T15:07:19.948Z</time>
    <extensions>
        <provider>whs</provider>
    </extensions>
</trkpt>
<trkpt lat="42.42069406240523" lon="77.3127532192525">
    <time>2026-08-15T15:07:20.958Z</time>
    <extensions>
        <provider>whs</provider>
    </extensions>
</trkpt>
<trkpt lat="42.42067226240523" lon="77.3127302192525">
    <time>2026-08-15T15:07:21.970Z</time>
    <extensions>
        <provider>whs</provider>
    </extensions>
</trkpt>
<trkpt lat="42.42064486240523" lon="77.3127011192525">
    <time>2026-08-15T15:07:23.987Z</time>
    <extensions>
        <provider>whs</provider>
    </extensions>
</trkpt>
<trkpt lat="42.42061756240523" lon="77.3126814192525">
    <time>2026-08-15T15:07:24.995Z</time>
    <extensions>
        <provider>whs</provider>
    </extensions>
</trkpt>
<trkpt lat="42.42059426240523" lon="77.3126697192525">
    <time>2026-08-15T15:07:26.006Z</time>
    <extensions>
        <provider>whs</provider>
    </extensions>
</trkpt>
<trkpt lat="42.42056036240523" lon="77.3126431192525">
    <time>2026-08-15T15:07:28.022Z</time>
    <extensions>
        <provider>whs</provider>
    </extensions>
</trkpt>
<trkpt lat="42.42054446240523" lon="77.31262551925249">
    <time>2026-08-15T15:07:30.040Z</time>
    <extensions>
        <provider>whs</provider>
    </extensions>
</trkpt>
<trkpt lat="42.42052176240524" lon="77.3125950192525">
    <time>2026-08-15T15:07:31.047Z</time>
    <extensions>
        <provider>whs</provider>
    </extensions>
</trkpt>
<trkpt lat="42.420493562405234" lon="77.3125654192525">
    <time>2026-08-15T15:07:32.056Z</time>
    <extensions>
        <provider>whs</provider>
    </extensions>
</trkpt>
<trkpt lat="42.42046426240523" lon="77.3125362192525">
    <time>2026-08-15T15:07:33.065Z</time>
    <extensions>
        <provider>whs</provider>
    </extensions>
</trkpt>
<trkpt lat="42.42042056240523" lon="77.31250391925249">
    <time>2026-08-15T15:07:34.074Z</time>
    <extensions>
        <provider>whs</provider>
    </extensions>
</trkpt>
<trkpt lat="42.42038826240523" lon="77.3124748192525">
    <time>2026-08-15T15:07:35.086Z</time>
    <extensions>
        <provider>whs</provider>
    </extensions>
</trkpt>
<trkpt lat="42.420433562405236" lon="77.31246921925249">
    <time>2026-08-15T15:07:37.105Z</time>
    <extensions>
        <provider>whs</provider>
    </extensions>
</trkpt>
<trkpt lat="42.42046486240523" lon="77.3124682192525">
    <time>2026-08-15T15:07:38.116Z</time>
    <extensions>
        <provider>whs</provider>
    </extensions>
</trkpt>
<trkpt lat="42.420502262405236" lon="77.3124702192525">
    <time>2026-08-15T15:07:39.127Z</time>
    <extensions>
        <provider>whs</provider>
    </extensions>
</trkpt>
<trkpt lat="42.42053116240523" lon="77.31251161925249">
    <time>2026-08-15T15:07:40.137Z</time>
    <extensions>
        <provider>whs</provider>
    </extensions>
</trkpt>
<trkpt lat="42.42060216240523" lon="77.31261141925249">
    <time>2026-08-15T15:07:41.146Z</time>
    <extensions>
        <provider>whs</provider>
    </extensions>
</trkpt>
<trkpt lat="42.42068426240523" lon="77.3126726192525">
    <time>2026-08-15T15:07:42.156Z</time>
    <extensions>
        <provider>whs</provider>
    </extensions>
</trkpt>
<trkpt lat="42.42077256240523" lon="77.3127436192525">
    <time>2026-08-15T15:07:43.166Z</time>
    <extensions>
        <provider>whs</provider>
    </extensions>
</trkpt>
<trkpt lat="42.42083756240523" lon="77.3127717192525">
    <time>2026-08-15T15:07:44.175Z</time>
    <extensions>
        <provider>whs</provider>
    </extensions>
</trkpt>
<trkpt lat="42.420888262405235" lon="77.3127936192525">
    <time>2026-08-15T15:07:45.182Z</time>
    <extensions>
        <provider>whs</provider>
    </extensions>
</trkpt>
<trkpt lat="42.42093846240523" lon="77.3128034192525">
    <time>2026-08-15T15:07:47.201Z</time>
    <extensions>
        <provider>whs</provider>
    </extensions>
</trkpt>
<trkpt lat="42.42091766240524" lon="77.3128255192525">
    <time>2026-08-15T15:07:49.218Z</time>
    <extensions>
        <provider>whs</provider>
    </extensions>
</trkpt>
<trkpt lat="42.420775662405234" lon="77.3128815192525">
    <time>2026-08-15T15:07:56.282Z</time>
    <extensions>
        <provider>whs</provider>
    </extensions>
</trkpt>
<trkpt lat="42.420580662405236" lon="77.3128116192525">
    <time>2026-08-15T15:07:59.310Z</time>
    <extensions>
        <provider>whs</provider>
    </extensions>
</trkpt>
<trkpt lat="42.42057226240524" lon="77.31271221925249">
    <time>2026-08-15T15:08:00.317Z</time>
    <extensions>
        <provider>whs</provider>
    </extensions>
</trkpt>
<trkpt lat="42.420532062405236" lon="77.3126562192525">
    <time>2026-08-15T15:08:01.326Z</time>
    <extensions>
        <provider>whs</provider>
    </extensions>
</trkpt>
<trkpt lat="42.420439562405235" lon="77.3126881192525">
    <time>2026-08-15T17:04:58.279Z</time>
    <extensions>
        <provider>whs</provider>
    </extensions>
</trkpt>
<trkpt lat="42.42042576240524" lon="77.31277751925249">
    <time>2026-08-15T17:04:59.290Z</time>
    <extensions>
        <provider>whs</provider>
    </extensions>
</trkpt>
<trkpt lat="42.42044366240523" lon="77.3128410192525">
    <time>2026-08-15T17:05:00.300Z</time>
    <extensions>
        <provider>whs</provider>
    </extensions>
</trkpt>
<trkpt lat="42.42055406240524" lon="77.3128600192525">
    <time>2026-08-15T17:05:01.310Z</time>
    <extensions>
        <provider>whs</provider>
    </extensions>
</trkpt>
<trkpt lat="42.420551362405234" lon="77.3128220192525">
    <time>2026-08-15T17:05:02.320Z</time>
    <extensions>
        <provider>whs</provider>
    </extensions>
</trkpt>
<trkpt lat="42.420584162405234" lon="77.3128441192525">
    <time>2026-08-15T17:05:03.328Z</time>
    <extensions>
        <provider>whs</provider>
    </extensions>
</trkpt>
<trkpt lat="42.420528962405236" lon="77.3127059192525">
    <time>2026-08-15T17:05:04.335Z</time>
    <extensions>
        <provider>whs</provider>
    </extensions>
</trkpt>
<trkpt lat="42.420523362405234" lon="77.3126367192525">
    <time>2026-08-15T17:05:05.345Z</time>
    <extensions>
        <provider>whs</provider>
    </extensions>
</trkpt>
<trkpt lat="42.42053726240523" lon="77.3125965192525">
    <time>2026-08-15T17:05:06.356Z</time>
    <extensions>
        <provider>whs</provider>
    </extensions>
</trkpt>
<trkpt lat="42.420550762405234" lon="77.3125733192525">
    <time>2026-08-15T17:05:07.364Z</time>
    <extensions>
        <provider>whs</provider>
    </extensions>
</trkpt>
<trkpt lat="42.42052906240524" lon="77.3126620192525">
    <time>2026-08-15T17:05:10.391Z</time>
    <extensions>
        <provider>whs</provider>
    </extensions>
</trkpt>
<trkpt lat="42.420575662405234" lon="77.3126608192525">
    <time>2026-08-15T17:05:11.399Z</time>
    <extensions>
        <provider>whs</provider>
    </extensions>
</trkpt>
<trkpt lat="42.42060936240524" lon="77.3126857192525">
    <time>2026-08-15T17:05:12.405Z</time>
    <extensions>
        <provider>whs</provider>
    </extensions>
</trkpt>
<trkpt lat="42.42062276240524" lon="77.3127260192525">
    <time>2026-08-15T17:05:13.416Z</time>
    <extensions>
        <provider>whs</provider>
    </extensions>
</trkpt>
<trkpt lat="42.42060166240523" lon="77.31271651925249">
    <time>2026-08-15T17:05:14.428Z</time>
    <extensions>
        <provider>whs</provider>
    </extensions>
</trkpt>
<trkpt lat="42.42060826240523" lon="77.31268131925249">
    <time>2026-08-15T17:05:17.460Z</time>
    <extensions>
        <provider>whs</provider>
    </extensions>
</trkpt>
<trkpt lat="42.42061916240524" lon="77.3126606192525">
    <time>2026-08-15T17:05:18.466Z</time>
    <extensions>
        <provider>whs</provider>
    </extensions>
</trkpt>
<trkpt lat="42.42060466240523" lon="77.31268441925249">
    <time>2026-08-15T17:05:28.557Z</time>
    <extensions>
        <provider>whs</provider>
    </extensions>
</trkpt>
<trkpt lat="42.42059256240523" lon="77.31270381925249">
    <time>2026-08-15T17:05:33.601Z</time>
    <extensions>
        <provider>whs</provider>
    </extensions>
</trkpt>
<trkpt lat="42.42060406240523" lon="77.31273131925249">
    <time>2026-08-15T17:05:38.646Z</time>
    <extensions>
        <provider>whs</provider>
    </extensions>
</trkpt>
<trkpt lat="42.42058956240523" lon="77.3127535192525">
    <time>2026-08-15T17:05:40.663Z</time>
    <extensions>
        <provider>whs</provider>
    </extensions>
</trkpt>
<trkpt lat="42.42058256240524" lon="77.3127229192525">
    <time>2026-08-15T17:05:45.705Z</time>
    <extensions>
        <provider>whs</provider>
    </extensions>
</trkpt>
<trkpt lat="42.42056326240523" lon="77.3127096192525">
    <time>2026-08-15T17:05:48.731Z</time>
    <extensions>
        <provider>whs</provider>
    </extensions>
</trkpt>
<trkpt lat="42.42053576240524" lon="77.3127151192525">
    <time>2026-08-15T17:05:52.765Z</time>
    <extensions>
        <provider>whs</provider>
    </extensions>
</trkpt>
<trkpt lat="42.420508362405236" lon="77.3127183192525">
    <time>2026-08-15T17:05:54.782Z</time>
    <extensions>
        <provider>whs</provider>
    </extensions>
</trkpt>
<trkpt lat="42.420526462405235" lon="77.31270861925249">
    <time>2026-08-15T17:05:57.806Z</time>
    <extensions>
        <provider>whs</provider>
    </extensions>
</trkpt>
<trkpt lat="42.42054676240524" lon="77.3127041192525">
    <time>2026-08-15T17:05:59.824Z</time>
    <extensions>
        <provider>whs</provider>
    </extensions>
</trkpt>
<trkpt lat="42.420564262405236" lon="77.31271771925249">
    <time>2026-08-15T17:06:00.833Z</time>
    <extensions>
        <provider>whs</provider>
    </extensions>
</trkpt>
<trkpt lat="42.42055306240523" lon="77.31269521925249">
    <time>2026-08-15T17:06:04.870Z</time>
    <extensions>
        <provider>whs</provider>
    </extensions>
</trkpt>
<trkpt lat="42.42056936240523" lon="77.3126793192525">
    <time>2026-08-15T17:06:06.887Z</time>
    <extensions>
        <provider>whs</provider>
    </extensions>
</trkpt>
<trkpt lat="42.42055176240523" lon="77.3126529192525">
    <time>2026-08-15T17:06:10.924Z</time>
    <extensions>
        <provider>whs</provider>
    </extensions>
</trkpt>
<trkpt lat="42.420519162405235" lon="77.31263081925249">
    <time>2026-08-15T17:06:12.925Z</time>
    <extensions>
        <provider>whs</provider>
    </extensions>
</trkpt>
<trkpt lat="42.42049686240524" lon="77.3126203192525">
    <time>2026-08-15T17:06:13.925Z</time>
    <extensions>
        <provider>whs</provider>
    </extensions>
</trkpt>
<trkpt lat="42.420476562405234" lon="77.3126458192525">
    <time>2026-08-15T17:06:15.926Z</time>
    <extensions>
        <provider>whs</provider>
    </extensions>
</trkpt>
<trkpt lat="42.42045976240524" lon="77.3126629192525">
    <time>2026-08-15T17:06:16.926Z</time>
    <extensions>
        <provider>whs</provider>
    </extensions>
</trkpt>
<trkpt lat="42.420438362405235" lon="77.31268801925249">
    <time>2026-08-15T17:06:18.941Z</time>
    <extensions>
        <provider>whs</provider>
    </extensions>
</trkpt>
<trkpt lat="42.42044526240524" lon="77.3126584192525">
    <time>2026-08-15T17:06:20.956Z</time>
    <extensions>
        <provider>whs</provider>
    </extensions>
</trkpt>
<trkpt lat="42.42042576240524" lon="77.3126737192525">
    <time>2026-08-15T17:06:30.037Z</time>
    <extensions>
        <provider>whs</provider>
    </extensions>
</trkpt>
<trkpt lat="42.42042226240523" lon="77.31271311925249">
    <time>2026-08-15T17:06:32.059Z</time>
    <extensions>
        <provider>whs</provider>
    </extensions>
</trkpt>
<trkpt lat="42.420419562405236" lon="77.3127539192525">
    <time>2026-08-15T17:06:35.087Z</time>
    <extensions>
        <provider>whs</provider>
    </extensions>
</trkpt>
<trkpt lat="42.42044536240523" lon="77.3127657192525">
    <time>2026-08-15T17:06:38.115Z</time>
    <extensions>
        <provider>whs</provider>
    </extensions>
</trkpt>
<trkpt lat="42.420447462405235" lon="77.3127195192525">
    <time>2026-08-15T17:06:41.132Z</time>
    <extensions>
        <provider>whs</provider>
    </extensions>
</trkpt>
<trkpt lat="42.420451162405236" lon="77.31267631925249">
    <time>2026-08-15T17:06:43.148Z</time>
    <extensions>
        <provider>whs</provider>
    </extensions>
</trkpt>
<trkpt lat="42.42044766240524" lon="77.3126390192525">
    <time>2026-08-15T17:06:45.167Z</time>
    <extensions>
        <provider>whs</provider>
    </extensions>
</trkpt>
<trkpt lat="42.42042406240523" lon="77.3126065192525">
    <time>2026-08-15T17:06:47.185Z</time>
    <extensions>
        <provider>whs</provider>
    </extensions>
</trkpt>
<trkpt lat="42.420412162405235" lon="77.3125833192525">
    <time>2026-08-15T17:06:49.203Z</time>
    <extensions>
        <provider>whs</provider>
    </extensions>
</trkpt>
<trkpt lat="42.420384162405234" lon="77.3125677192525">
    <time>2026-08-15T17:06:51.220Z</time>
    <extensions>
        <provider>whs</provider>
    </extensions>
</trkpt>
<trkpt lat="42.42041846240524" lon="77.31259921925249">
    <time>2026-08-15T17:06:57.272Z</time>
    <extensions>
        <provider>whs</provider>
    </extensions>
</trkpt>
<trkpt lat="42.42043056240524" lon="77.3126263192525">
    <time>2026-08-15T17:06:58.281Z</time>
    <extensions>
        <provider>whs</provider>
    </extensions>
</trkpt>
<trkpt lat="42.420425462405234" lon="77.3126598192525">
    <time>2026-08-15T17:06:59.288Z</time>
    <extensions>
        <provider>whs</provider>
    </extensions>
</trkpt>
<trkpt lat="42.420430362405234" lon="77.31269421925249">
    <time>2026-08-15T17:07:00.297Z</time>
    <extensions>
        <provider>whs</provider>
    </extensions>
</trkpt>
<trkpt lat="42.420423762405235" lon="77.3127272192525">
    <time>2026-08-15T17:07:01.307Z</time>
    <extensions>
        <provider>whs</provider>
    </extensions>
</trkpt>
<trkpt lat="42.42041256240523" lon="77.3127569192525">
    <time>2026-08-15T17:07:02.315Z</time>
    <extensions>
        <provider>whs</provider>
    </extensions>
</trkpt>
<trkpt lat="42.420401962405236" lon="77.3127831192525">
    <time>2026-08-15T17:07:03.325Z</time>
    <extensions>
        <provider>whs</provider>
    </extensions>
</trkpt>
<trkpt lat="42.420389762405236" lon="77.3128071192525">
    <time>2026-08-15T17:07:04.334Z</time>
    <extensions>
        <provider>whs</provider>
    </extensions>
</trkpt>
<trkpt lat="42.420385362405234" lon="77.31283211925249">
    <time>2026-08-15T17:07:05.344Z</time>
    <extensions>
        <provider>whs</provider>
    </extensions>
</trkpt>
<trkpt lat="42.420365262405234" lon="77.3128346192525">
    <time>2026-08-15T17:07:08.371Z</time>
    <extensions>
        <provider>whs</provider>
    </extensions>
</trkpt>
<trkpt lat="42.420348962405235" lon="77.31280461925249">
    <time>2026-08-15T17:07:11.398Z</time>
    <extensions>
        <provider>whs</provider>
    </extensions>
</trkpt>
<trkpt lat="42.42035466240524" lon="77.3127662192525">
    <time>2026-08-15T17:07:12.405Z</time>
    <extensions>
        <provider>whs</provider>
    </extensions>
</trkpt>
<trkpt lat="42.42035586240524" lon="77.31273611925249">
    <time>2026-08-15T17:07:13.405Z</time>
    <extensions>
        <provider>whs</provider>
    </extensions>
</trkpt>
<trkpt lat="42.42036066240524" lon="77.3126914192525">
    <time>2026-08-15T17:07:14.405Z</time>
    <extensions>
        <provider>whs</provider>
    </extensions>
</trkpt>
<trkpt lat="42.42036886240523" lon="77.3126343192525">
    <time>2026-08-15T17:07:15.407Z</time>
    <extensions>
        <provider>whs</provider>
    </extensions>
</trkpt>
<trkpt lat="42.42037706240524" lon="77.3125733192525">
    <time>2026-08-15T17:07:16.407Z</time>
    <extensions>
        <provider>whs</provider>
    </extensions>
</trkpt>
<trkpt lat="42.42039366240523" lon="77.3125266192525">
    <time>2026-08-15T17:07:17.408Z</time>
    <extensions>
        <provider>whs</provider>
    </extensions>
</trkpt>
<trkpt lat="42.420397662405236" lon="77.31249221925249">
    <time>2026-08-15T17:07:18.412Z</time>
    <extensions>
        <provider>whs</provider>
    </extensions>
</trkpt>
<trkpt lat="42.420402962405234" lon="77.3124564192525">
    <time>2026-08-15T17:07:19.416Z</time>
    <extensions>
        <provider>whs</provider>
    </extensions>
</trkpt>
<trkpt lat="42.42041246240523" lon="77.3124237192525">
    <time>2026-08-15T17:07:20.426Z</time>
    <extensions>
        <provider>whs</provider>
    </extensions>
</trkpt>
<trkpt lat="42.42039776240524" lon="77.31244861925249">
    <time>2026-08-15T17:07:22.445Z</time>
    <extensions>
        <provider>whs</provider>
    </extensions>
</trkpt>
<trkpt lat="42.420395862405236" lon="77.3125043192525">
    <time>2026-08-15T17:07:23.457Z</time>
    <extensions>
        <provider>whs</provider>
    </extensions>
</trkpt>
<trkpt lat="42.42038206240523" lon="77.31258481925249">
    <time>2026-08-15T17:07:24.463Z</time>
    <extensions>
        <provider>whs</provider>
    </extensions>
</trkpt>
<trkpt lat="42.42034486240524" lon="77.3126044192525">
    <time>2026-08-15T17:07:28.465Z</time>
    <extensions>
        <provider>whs</provider>
    </extensions>
</trkpt>
<trkpt lat="42.42036746240523" lon="77.3125687192525">
    <time>2026-08-15T17:07:30.466Z</time>
    <extensions>
        <provider>whs</provider>
    </extensions>
</trkpt>
<trkpt lat="42.42037546240523" lon="77.3125344192525">
    <time>2026-08-15T17:07:32.475Z</time>
    <extensions>
        <provider>whs</provider>
    </extensions>
</trkpt>
<trkpt lat="42.420388962405234" lon="77.31248361925249">
    <time>2026-08-15T17:07:34.485Z</time>
    <extensions>
        <provider>whs</provider>
    </extensions>
</trkpt>
<trkpt lat="42.42039806240523" lon="77.3124561192525">
    <time>2026-08-15T17:07:35.492Z</time>
    <extensions>
        <provider>whs</provider>
    </extensions>
</trkpt>
<trkpt lat="42.42037976240523" lon="77.3124387192525">
    <time>2026-08-15T17:07:36.501Z</time>
    <extensions>
        <provider>whs</provider>
    </extensions>
</trkpt>
<trkpt lat="42.420378162405235" lon="77.31241321925249">
    <time>2026-08-15T17:07:38.516Z</time>
    <extensions>
        <provider>whs</provider>
    </extensions>
</trkpt>
<trkpt lat="42.420368362405235" lon="77.3123815192525">
    <time>2026-08-15T17:07:42.554Z</time>
    <extensions>
        <provider>whs</provider>
    </extensions>
</trkpt>
<trkpt lat="42.42039076240523" lon="77.3123471192525">
    <time>2026-08-15T17:07:43.563Z</time>
    <extensions>
        <provider>whs</provider>
    </extensions>
</trkpt>
<trkpt lat="42.42040086240524" lon="77.3123135192525">
    <time>2026-08-15T17:07:45.582Z</time>
    <extensions>
        <provider>whs</provider>
    </extensions>
</trkpt>
<trkpt lat="42.42038216240523" lon="77.3122992192525">
    <time>2026-08-15T17:07:47.598Z</time>
    <extensions>
        <provider>whs</provider>
    </extensions>
</trkpt>
<trkpt lat="42.42037906240523" lon="77.31227461925249">
    <time>2026-08-15T17:07:50.606Z</time>
    <extensions>
        <provider>whs</provider>
    </extensions>
</trkpt>
<trkpt lat="42.420350062405234" lon="77.31227581925249">
    <time>2026-08-15T17:08:05.729Z</time>
    <extensions>
        <provider>whs</provider>
    </extensions>
</trkpt>
<trkpt lat="42.42033726240523" lon="77.3123072192525">
    <time>2026-08-15T17:08:07.746Z</time>
    <extensions>
        <provider>whs</provider>
    </extensions>
</trkpt>
<trkpt lat="42.420352062405236" lon="77.3122479192525">
    <time>2026-08-15T17:08:09.764Z</time>
    <extensions>
        <provider>whs</provider>
    </extensions>
</trkpt>
<trkpt lat="42.420368962405234" lon="77.3122137192525">
    <time>2026-08-15T17:08:11.781Z</time>
    <extensions>
        <provider>whs</provider>
    </extensions>
</trkpt>
<trkpt lat="42.42039126240523" lon="77.3121965192525">
    <time>2026-08-15T17:08:13.798Z</time>
    <extensions>
        <provider>whs</provider>
    </extensions>
</trkpt>
<trkpt lat="42.420409862405236" lon="77.3121855192525">
    <time>2026-08-15T17:08:14.808Z</time>
    <extensions>
        <provider>whs</provider>
    </extensions>
</trkpt>
<trkpt lat="42.420392062405234" lon="77.3121749192525">
    <time>2026-08-15T17:08:17.842Z</time>
    <extensions>
        <provider>whs</provider>
    </extensions>
</trkpt>
<trkpt lat="42.42037606240523" lon="77.31215491925249">
    <time>2026-08-15T17:08:19.847Z</time>
    <extensions>
        <provider>whs</provider>
    </extensions>
</trkpt>
<trkpt lat="42.42035886240524" lon="77.3121455192525">
    <time>2026-08-15T17:08:20.857Z</time>
    <extensions>
        <provider>whs</provider>
    </extensions>
</trkpt>
<trkpt lat="42.42038286240523" lon="77.3121697192525">
    <time>2026-08-15T17:08:25.905Z</time>
    <extensions>
        <provider>whs</provider>
    </extensions>
</trkpt>
<trkpt lat="42.42039226240524" lon="77.3121412192525">
    <time>2026-08-15T17:08:29.939Z</time>
    <extensions>
        <provider>whs</provider>
    </extensions>
</trkpt>
<trkpt lat="42.420418862405235" lon="77.31215711925249">
    <time>2026-08-15T17:08:31.958Z</time>
    <extensions>
        <provider>whs</provider>
    </extensions>
</trkpt>
<trkpt lat="42.42045126240524" lon="77.31216211925249">
    <time>2026-08-15T17:08:32.966Z</time>
    <extensions>
        <provider>whs</provider>
    </extensions>
</trkpt>
<trkpt lat="42.42046706240524" lon="77.31217621925249">
    <time>2026-08-15T17:08:33.977Z</time>
    <extensions>
        <provider>whs</provider>
    </extensions>
</trkpt>
<trkpt lat="42.420485762405235" lon="77.3121654192525">
    <time>2026-08-15T17:08:37.003Z</time>
    <extensions>
        <provider>whs</provider>
    </extensions>
</trkpt>
<trkpt lat="42.420485762405235" lon="77.3121136192525">
    <time>2026-08-15T17:08:40.028Z</time>
    <extensions>
        <provider>whs</provider>
    </extensions>
</trkpt>
<trkpt lat="42.420480962405236" lon="77.3120628192525">
    <time>2026-08-15T17:08:41.037Z</time>
    <extensions>
        <provider>whs</provider>
    </extensions>
</trkpt>
<trkpt lat="42.42046776240524" lon="77.3120449192525">
    <time>2026-08-15T17:08:42.050Z</time>
    <extensions>
        <provider>whs</provider>
    </extensions>
</trkpt>
<trkpt lat="42.42044726240523" lon="77.3120154192525">
    <time>2026-08-15T17:08:44.066Z</time>
    <extensions>
        <provider>whs</provider>
    </extensions>
</trkpt>
<trkpt lat="42.42041966240524" lon="77.3120269192525">
    <time>2026-08-15T17:08:48.108Z</time>
    <extensions>
        <provider>whs</provider>
    </extensions>
</trkpt>
<trkpt lat="42.420409162405235" lon="77.3120512192525">
    <time>2026-08-15T17:08:50.127Z</time>
    <extensions>
        <provider>whs</provider>
    </extensions>
</trkpt>
<trkpt lat="42.42042086240524" lon="77.3121103192525">
    <time>2026-08-15T17:08:54.163Z</time>
    <extensions>
        <provider>whs</provider>
    </extensions>
</trkpt>
<trkpt lat="42.42045076240523" lon="77.3121216192525">
    <time>2026-08-15T17:08:57.191Z</time>
    <extensions>
        <provider>whs</provider>
    </extensions>
</trkpt>
<trkpt lat="42.420460762405234" lon="77.3120912192525">
    <time>2026-08-15T17:09:06.216Z</time>
    <extensions>
        <provider>whs</provider>
    </extensions>
</trkpt>
<trkpt lat="42.42048376240523" lon="77.3120907192525">
    <time>2026-08-15T17:09:08.217Z</time>
    <extensions>
        <provider>whs</provider>
    </extensions>
</trkpt>
<trkpt lat="42.420488762405235" lon="77.3121192192525">
    <time>2026-08-15T17:09:12.219Z</time>
    <extensions>
        <provider>whs</provider>
    </extensions>
</trkpt>
<trkpt lat="42.42047276240523" lon="77.3121572192525">
    <time>2026-08-15T17:09:16.222Z</time>
    <extensions>
        <provider>whs</provider>
    </extensions>
</trkpt>
<trkpt lat="42.420495362405234" lon="77.31214941925249">
    <time>2026-08-15T17:09:32.285Z</time>
    <extensions>
        <provider>whs</provider>
    </extensions>
</trkpt>
<trkpt lat="42.420510562405234" lon="77.3121319192525">
    <time>2026-08-15T17:09:38.337Z</time>
    <extensions>
        <provider>whs</provider>
    </extensions>
</trkpt>
<trkpt lat="42.42049016240524" lon="77.3121318192525">
    <time>2026-08-15T17:09:41.362Z</time>
    <extensions>
        <provider>whs</provider>
    </extensions>
</trkpt>
<trkpt lat="42.420471662405234" lon="77.3121184192525">
    <time>2026-08-15T17:09:42.370Z</time>
    <extensions>
        <provider>whs</provider>
    </extensions>
</trkpt>
<trkpt lat="42.42044666240523" lon="77.3121153192525">
    <time>2026-08-15T17:09:43.380Z</time>
    <extensions>
        <provider>whs</provider>
    </extensions>
</trkpt>
<trkpt lat="42.42042356240523" lon="77.3121102192525">
    <time>2026-08-15T17:09:44.389Z</time>
    <extensions>
        <provider>whs</provider>
    </extensions>
</trkpt>
<trkpt lat="42.42040936240524" lon="77.3121278192525">
    <time>2026-08-15T17:09:46.405Z</time>
    <extensions>
        <provider>whs</provider>
    </extensions>
</trkpt>
<trkpt lat="42.420398162405235" lon="77.3121519192525">
    <time>2026-08-15T17:09:50.444Z</time>
    <extensions>
        <provider>whs</provider>
    </extensions>
</trkpt>
<trkpt lat="42.42041416240524" lon="77.3121230192525">
    <time>2026-08-15T17:09:51.454Z</time>
    <extensions>
        <provider>whs</provider>
    </extensions>
</trkpt>
<trkpt lat="42.42043876240523" lon="77.31210081925249">
    <time>2026-08-15T17:09:52.463Z</time>
    <extensions>
        <provider>whs</provider>
    </extensions>
</trkpt>
<trkpt lat="42.420476062405235" lon="77.3120779192525">
    <time>2026-08-15T17:09:53.470Z</time>
    <extensions>
        <provider>whs</provider>
    </extensions>
</trkpt>
<trkpt lat="42.420511162405234" lon="77.3120699192525">
    <time>2026-08-15T17:09:54.480Z</time>
    <extensions>
        <provider>whs</provider>
    </extensions>
</trkpt>
<trkpt lat="42.420560462405234" lon="77.31203551925249">
    <time>2026-08-15T17:09:55.490Z</time>
    <extensions>
        <provider>whs</provider>
    </extensions>
</trkpt>
<trkpt lat="42.42060266240524" lon="77.3120123192525">
    <time>2026-08-15T17:09:56.499Z</time>
    <extensions>
        <provider>whs</provider>
    </extensions>
</trkpt>
<trkpt lat="42.42063326240523" lon="77.3119994192525">
    <time>2026-08-15T17:09:57.510Z</time>
    <extensions>
        <provider>whs</provider>
    </extensions>
</trkpt>
<trkpt lat="42.420655962405235" lon="77.3120054192525">
    <time>2026-08-15T17:09:58.519Z</time>
    <extensions>
        <provider>whs</provider>
    </extensions>
</trkpt>
<trkpt lat="42.420683362405235" lon="77.3120265192525">
    <time>2026-08-15T17:09:59.527Z</time>
    <extensions>
        <provider>whs</provider>
    </extensions>
</trkpt>
<trkpt lat="42.42070736240523" lon="77.3120268192525">
    <time>2026-08-15T17:10:01.548Z</time>
    <extensions>
        <provider>whs</provider>
    </extensions>
</trkpt>
<trkpt lat="42.42072816240523" lon="77.3120037192525">
    <time>2026-08-15T17:10:02.557Z</time>
    <extensions>
        <provider>whs</provider>
    </extensions>
</trkpt>
<trkpt lat="42.42074446240523" lon="77.3119878192525">
    <time>2026-08-15T17:10:03.567Z</time>
    <extensions>
        <provider>whs</provider>
    </extensions>
</trkpt>
<trkpt lat="42.42076386240524" lon="77.3119546192525">
    <time>2026-08-15T17:10:04.576Z</time>
    <extensions>
        <provider>whs</provider>
    </extensions>
</trkpt>
<trkpt lat="42.42079446240523" lon="77.3119015192525">
    <time>2026-08-15T17:10:05.586Z</time>
    <extensions>
        <provider>whs</provider>
    </extensions>
</trkpt>
<trkpt lat="42.420805462405234" lon="77.3118448192525">
    <time>2026-08-15T17:10:06.596Z</time>
    <extensions>
        <provider>whs</provider>
    </extensions>
</trkpt>
<trkpt lat="42.42085506240524" lon="77.31180281925249">
    <time>2026-08-15T17:10:07.606Z</time>
    <extensions>
        <provider>whs</provider>
    </extensions>
</trkpt>
<trkpt lat="42.420902762405234" lon="77.3117501192525">
    <time>2026-08-15T17:10:08.616Z</time>
    <extensions>
        <provider>whs</provider>
    </extensions>
</trkpt>
<trkpt lat="42.420933862405235" lon="77.31171881925249">
    <time>2026-08-15T17:10:09.625Z</time>
    <extensions>
        <provider>whs</provider>
    </extensions>
</trkpt>
<trkpt lat="42.42098596240523" lon="77.3116814192525">
    <time>2026-08-15T17:10:10.634Z</time>
    <extensions>
        <provider>whs</provider>
    </extensions>
</trkpt>
<trkpt lat="42.421034262405236" lon="77.3116481192525">
    <time>2026-08-15T17:10:11.643Z</time>
    <extensions>
        <provider>whs</provider>
    </extensions>
</trkpt>
<trkpt lat="42.42110636240523" lon="77.3116140192525">
    <time>2026-08-15T17:10:12.650Z</time>
    <extensions>
        <provider>whs</provider>
    </extensions>
</trkpt>
<trkpt lat="42.421175962405236" lon="77.3115793192525">
    <time>2026-08-15T17:10:13.662Z</time>
    <extensions>
        <provider>whs</provider>
    </extensions>
</trkpt>
<trkpt lat="42.421236762405236" lon="77.3115181192525">
    <time>2026-08-15T17:10:14.670Z</time>
    <extensions>
        <provider>whs</provider>
    </extensions>
</trkpt>
<trkpt lat="42.42129406240524" lon="77.31147011925249">
    <time>2026-08-15T17:10:15.678Z</time>
    <extensions>
        <provider>whs</provider>
    </extensions>
</trkpt>
<trkpt lat="42.421344362405236" lon="77.3114055192525">
    <time>2026-08-15T17:10:16.687Z</time>
    <extensions>
        <provider>whs</provider>
    </extensions>
</trkpt>
<trkpt lat="42.42138836240523" lon="77.31133581925249">
    <time>2026-08-15T17:10:17.697Z</time>
    <extensions>
        <provider>whs</provider>
    </extensions>
</trkpt>
<trkpt lat="42.421423362405235" lon="77.3112593192525">
    <time>2026-08-15T17:10:18.706Z</time>
    <extensions>
        <provider>whs</provider>
    </extensions>
</trkpt>
<trkpt lat="42.421450562405234" lon="77.3111937192525">
    <time>2026-08-15T17:10:19.716Z</time>
    <extensions>
        <provider>whs</provider>
    </extensions>
</trkpt>
<trkpt lat="42.42148636240523" lon="77.3111161192525">
    <time>2026-08-15T17:10:20.725Z</time>
    <extensions>
        <provider>whs</provider>
    </extensions>
</trkpt>
<trkpt lat="42.421523562405234" lon="77.3110406192525">
    <time>2026-08-15T17:10:21.736Z</time>
    <extensions>
        <provider>whs</provider>
    </extensions>
</trkpt>
<trkpt lat="42.42157186240524" lon="77.3109702192525">
    <time>2026-08-15T17:10:22.745Z</time>
    <extensions>
        <provider>whs</provider>
    </extensions>
</trkpt>
<trkpt lat="42.42163026240524" lon="77.3109003192525">
    <time>2026-08-15T17:10:23.753Z</time>
    <extensions>
        <provider>whs</provider>
    </extensions>
</trkpt>
<trkpt lat="42.42169916240523" lon="77.3108122192525">
    <time>2026-08-15T17:10:24.763Z</time>
    <extensions>
        <provider>whs</provider>
    </extensions>
</trkpt>
<trkpt lat="42.421772962405235" lon="77.31071871925249">
    <time>2026-08-15T17:10:25.771Z</time>
    <extensions>
        <provider>whs</provider>
    </extensions>
</trkpt>
<trkpt lat="42.42184326240523" lon="77.3106255192525">
    <time>2026-08-15T17:10:26.781Z</time>
    <extensions>
        <provider>whs</provider>
    </extensions>
</trkpt>
<trkpt lat="42.42191676240523" lon="77.3105280192525">
    <time>2026-08-15T17:10:27.791Z</time>
    <extensions>
        <provider>whs</provider>
    </extensions>
</trkpt>
<trkpt lat="42.421982662405235" lon="77.3104198192525">
    <time>2026-08-15T17:10:28.800Z</time>
    <extensions>
        <provider>whs</provider>
    </extensions>
</trkpt>
<trkpt lat="42.422040562405236" lon="77.3103254192525">
    <time>2026-08-15T17:10:29.809Z</time>
    <extensions>
        <provider>whs</provider>
    </extensions>
</trkpt>
<trkpt lat="42.42210276240523" lon="77.31024501925249">
    <time>2026-08-15T17:10:30.819Z</time>
    <extensions>
        <provider>whs</provider>
    </extensions>
</trkpt>
<trkpt lat="42.42217686240524" lon="77.3101635192525">
    <time>2026-08-15T17:10:31.831Z</time>
    <extensions>
        <provider>whs</provider>
    </extensions>
</trkpt>
<trkpt lat="42.42225126240523" lon="77.3100766192525">
    <time>2026-08-15T17:10:32.839Z</time>
    <extensions>
        <provider>whs</provider>
    </extensions>
</trkpt>
<trkpt lat="42.42232966240523" lon="77.30999081925249">
    <time>2026-08-15T17:10:33.847Z</time>
    <extensions>
        <provider>whs</provider>
    </extensions>
</trkpt>
<trkpt lat="42.422412462405234" lon="77.3099210192525">
    <time>2026-08-15T17:10:34.856Z</time>
    <extensions>
        <provider>whs</provider>
    </extensions>
</trkpt>
<trkpt lat="42.42249326240523" lon="77.3098425192525">
    <time>2026-08-15T17:10:35.867Z</time>
    <extensions>
        <provider>whs</provider>
    </extensions>
</trkpt>
<trkpt lat="42.42256896240524" lon="77.3097687192525">
    <time>2026-08-15T17:10:36.877Z</time>
    <extensions>
        <provider>whs</provider>
    </extensions>
</trkpt>
<trkpt lat="42.42265006240523" lon="77.30967511925249">
    <time>2026-08-15T17:10:37.887Z</time>
    <extensions>
        <provider>whs</provider>
    </extensions>
</trkpt>
<trkpt lat="42.422719562405234" lon="77.3095821192525">
    <time>2026-08-15T17:10:38.896Z</time>
    <extensions>
        <provider>whs</provider>
    </extensions>
</trkpt>
<trkpt lat="42.42279336240524" lon="77.30947831925249">
    <time>2026-08-15T17:10:39.905Z</time>
    <extensions>
        <provider>whs</provider>
    </extensions>
</trkpt>
<trkpt lat="42.422864962405235" lon="77.3093632192525">
    <time>2026-08-15T17:10:40.915Z</time>
    <extensions>
        <provider>whs</provider>
    </extensions>
</trkpt>
<trkpt lat="42.422914762405235" lon="77.3092523192525">
    <time>2026-08-15T17:10:41.926Z</time>
    <extensions>
        <provider>whs</provider>
    </extensions>
</trkpt>
<trkpt lat="42.422991962405234" lon="77.30916091925249">
    <time>2026-08-15T17:10:42.936Z</time>
    <extensions>
        <provider>whs</provider>
    </extensions>
</trkpt>
<trkpt lat="42.423047262405234" lon="77.30904771925249">
    <time>2026-08-15T17:10:43.947Z</time>
    <extensions>
        <provider>whs</provider>
    </extensions>
</trkpt>
<trkpt lat="42.42310306240523" lon="77.3089324192525">
    <time>2026-08-15T17:10:44.955Z</time>
    <extensions>
        <provider>whs</provider>
    </extensions>
</trkpt>
<trkpt lat="42.423154462405236" lon="77.3088135192525">
    <time>2026-08-15T17:10:45.964Z</time>
    <extensions>
        <provider>whs</provider>
    </extensions>
</trkpt>
<trkpt lat="42.42320206240523" lon="77.3086961192525">
    <time>2026-08-15T17:10:46.971Z</time>
    <extensions>
        <provider>whs</provider>
    </extensions>
</trkpt>
<trkpt lat="42.423244962405235" lon="77.3085715192525">
    <time>2026-08-15T17:10:47.982Z</time>
    <extensions>
        <provider>whs</provider>
    </extensions>
</trkpt>
<trkpt lat="42.42327686240523" lon="77.30846031925249">
    <time>2026-08-15T17:10:48.989Z</time>
    <extensions>
        <provider>whs</provider>
    </extensions>
</trkpt>
<trkpt lat="42.42330866240523" lon="77.30837461925249">
    <time>2026-08-15T17:10:49.999Z</time>
    <extensions>
        <provider>whs</provider>
    </extensions>
</trkpt>
<trkpt lat="42.423339862405236" lon="77.3082722192525">
    <time>2026-08-15T17:10:51.010Z</time>
    <extensions>
        <provider>whs</provider>
    </extensions>
</trkpt>
<trkpt lat="42.42336996240523" lon="77.30817661925249">
    <time>2026-08-15T17:10:52.020Z</time>
    <extensions>
        <provider>whs</provider>
    </extensions>
</trkpt>
<trkpt lat="42.42341806240523" lon="77.3080786192525">
    <time>2026-08-15T17:10:53.024Z</time>
    <extensions>
        <provider>whs</provider>
    </extensions>
</trkpt>
<trkpt lat="42.42346536240523" lon="77.3079855192525">
    <time>2026-08-15T17:10:54.025Z</time>
    <extensions>
        <provider>whs</provider>
    </extensions>
</trkpt>
<trkpt lat="42.42352206240523" lon="77.3079187192525">
    <time>2026-08-15T17:10:55.025Z</time>
    <extensions>
        <provider>whs</provider>
    </extensions>
</trkpt>
<trkpt lat="42.423575062405234" lon="77.3078452192525">
    <time>2026-08-15T17:10:56.033Z</time>
    <extensions>
        <provider>whs</provider>
    </extensions>
</trkpt>
<trkpt lat="42.42361296240524" lon="77.30777021925249">
    <time>2026-08-15T17:10:57.043Z</time>
    <extensions>
        <provider>whs</provider>
    </extensions>
</trkpt>
<trkpt lat="42.42365026240523" lon="77.3077183192525">
    <time>2026-08-15T17:10:58.050Z</time>
    <extensions>
        <provider>whs</provider>
    </extensions>
</trkpt>
<trkpt lat="42.42368476240524" lon="77.30764091925249">
    <time>2026-08-15T17:10:59.058Z</time>
    <extensions>
        <provider>whs</provider>
    </extensions>
</trkpt>
<trkpt lat="42.42371936240524" lon="77.3075510192525">
    <time>2026-08-15T17:11:00.068Z</time>
    <extensions>
        <provider>whs</provider>
    </extensions>
</trkpt>
<trkpt lat="42.42376526240523" lon="77.3074373192525">
    <time>2026-08-15T17:11:01.078Z</time>
    <extensions>
        <provider>whs</provider>
    </extensions>
</trkpt>
<trkpt lat="42.423803062405234" lon="77.3073452192525">
    <time>2026-08-15T17:11:02.087Z</time>
    <extensions>
        <provider>whs</provider>
    </extensions>
</trkpt>
<trkpt lat="42.42383826240523" lon="77.3072301192525">
    <time>2026-08-15T17:11:03.095Z</time>
    <extensions>
        <provider>whs</provider>
    </extensions>
</trkpt>
<trkpt lat="42.42388366240523" lon="77.3071145192525">
    <time>2026-08-15T17:11:04.104Z</time>
    <extensions>
        <provider>whs</provider>
    </extensions>
</trkpt>
<trkpt lat="42.42392936240523" lon="77.3069863192525">
    <time>2026-08-15T17:11:05.113Z</time>
    <extensions>
        <provider>whs</provider>
    </extensions>
</trkpt>
<trkpt lat="42.42397196240523" lon="77.3068573192525">
    <time>2026-08-15T17:11:06.113Z</time>
    <extensions>
        <provider>whs</provider>
    </extensions>
</trkpt>
<trkpt lat="42.42401306240524" lon="77.3067376192525">
    <time>2026-08-15T17:11:07.117Z</time>
    <extensions>
        <provider>whs</provider>
    </extensions>
</trkpt>
<trkpt lat="42.42406046240524" lon="77.3066247192525">
    <time>2026-08-15T17:11:08.109Z</time>
    <extensions>
        <provider>whs</provider>
    </extensions>
</trkpt>
<trkpt lat="42.42410996240523" lon="77.3065115192525">
    <time>2026-08-15T17:11:09.115Z</time>
    <extensions>
        <provider>whs</provider>
    </extensions>
</trkpt>
<trkpt lat="42.42417676240523" lon="77.3063802192525">
    <time>2026-08-15T17:11:10.124Z</time>
    <extensions>
        <provider>whs</provider>
    </extensions>
</trkpt>
<trkpt lat="42.42422916240523" lon="77.3062919192525">
    <time>2026-08-15T17:11:11.134Z</time>
    <extensions>
        <provider>whs</provider>
    </extensions>
</trkpt>
<trkpt lat="42.42428546240524" lon="77.3061883192525">
    <time>2026-08-15T17:11:12.141Z</time>
    <extensions>
        <provider>whs</provider>
    </extensions>
</trkpt>
<trkpt lat="42.424343162405236" lon="77.3060719192525">
    <time>2026-08-15T17:11:13.150Z</time>
    <extensions>
        <provider>whs</provider>
    </extensions>
</trkpt>
<trkpt lat="42.424408662405234" lon="77.3059501192525">
    <time>2026-08-15T17:11:14.157Z</time>
    <extensions>
        <provider>whs</provider>
    </extensions>
</trkpt>
<trkpt lat="42.42448386240523" lon="77.3058436192525">
    <time>2026-08-15T17:11:15.166Z</time>
    <extensions>
        <provider>whs</provider>
    </extensions>
</trkpt>
<trkpt lat="42.42455796240523" lon="77.3057319192525">
    <time>2026-08-15T17:11:16.175Z</time>
    <extensions>
        <provider>whs</provider>
    </extensions>
</trkpt>
<trkpt lat="42.42463756240524" lon="77.3056194192525">
    <time>2026-08-15T17:11:17.184Z</time>
    <extensions>
        <provider>whs</provider>
    </extensions>
</trkpt>
<trkpt lat="42.424724962405236" lon="77.3055167192525">
    <time>2026-08-15T17:11:18.191Z</time>
    <extensions>
        <provider>whs</provider>
    </extensions>
</trkpt>
<trkpt lat="42.424797762405234" lon="77.3054386192525">
    <time>2026-08-15T17:11:19.201Z</time>
    <extensions>
        <provider>whs</provider>
    </extensions>
</trkpt>
<trkpt lat="42.42486496240524" lon="77.3053434192525">
    <time>2026-08-15T17:11:20.210Z</time>
    <extensions>
        <provider>whs</provider>
    </extensions>
</trkpt>
<trkpt lat="42.424939562405235" lon="77.3052696192525">
    <time>2026-08-15T17:11:21.220Z</time>
    <extensions>
        <provider>whs</provider>
    </extensions>
</trkpt>
<trkpt lat="42.42501566240524" lon="77.3051810192525">
    <time>2026-08-15T17:11:22.230Z</time>
    <extensions>
        <provider>whs</provider>
    </extensions>
</trkpt>
<trkpt lat="42.425081862405236" lon="77.3050911192525">
    <time>2026-08-15T17:11:23.243Z</time>
    <extensions>
        <provider>whs</provider>
    </extensions>
</trkpt>
<trkpt lat="42.425147462405235" lon="77.3050082192525">
    <time>2026-08-15T17:11:24.246Z</time>
    <extensions>
        <provider>whs</provider>
    </extensions>
</trkpt>
<trkpt lat="42.425215662405236" lon="77.3049158192525">
    <time>2026-08-15T17:11:25.254Z</time>
    <extensions>
        <provider>whs</provider>
    </extensions>
</trkpt>
<trkpt lat="42.42529246240523" lon="77.30480871925249">
    <time>2026-08-15T17:11:26.264Z</time>
    <extensions>
        <provider>whs</provider>
    </extensions>
</trkpt>
<trkpt lat="42.425367462405234" lon="77.30470721925249">
    <time>2026-08-15T17:11:27.272Z</time>
    <extensions>
        <provider>whs</provider>
    </extensions>
</trkpt>
<trkpt lat="42.42545236240523" lon="77.30459281925249">
    <time>2026-08-15T17:11:28.280Z</time>
    <extensions>
        <provider>whs</provider>
    </extensions>
</trkpt>
<trkpt lat="42.42553586240523" lon="77.3044814192525">
    <time>2026-08-15T17:11:29.289Z</time>
    <extensions>
        <provider>whs</provider>
    </extensions>
</trkpt>
<trkpt lat="42.425618162405236" lon="77.30437811925249">
    <time>2026-08-15T17:11:30.296Z</time>
    <extensions>
        <provider>whs</provider>
    </extensions>
</trkpt>
<trkpt lat="42.425694162405236" lon="77.3042815192525">
    <time>2026-08-15T17:11:31.304Z</time>
    <extensions>
        <provider>whs</provider>
    </extensions>
</trkpt>
<trkpt lat="42.42576376240523" lon="77.3041754192525">
    <time>2026-08-15T17:11:32.313Z</time>
    <extensions>
        <provider>whs</provider>
    </extensions>
</trkpt>
<trkpt lat="42.425837062405236" lon="77.3040707192525">
    <time>2026-08-15T17:11:33.320Z</time>
    <extensions>
        <provider>whs</provider>
    </extensions>
</trkpt>
<trkpt lat="42.425905162405236" lon="77.3039850192525">
    <time>2026-08-15T17:11:34.329Z</time>
    <extensions>
        <provider>whs</provider>
    </extensions>
</trkpt>
<trkpt lat="42.42597406240523" lon="77.3038918192525">
    <time>2026-08-15T17:11:35.338Z</time>
    <extensions>
        <provider>whs</provider>
    </extensions>
</trkpt>
<trkpt lat="42.42604386240524" lon="77.3038076192525">
    <time>2026-08-15T17:11:36.348Z</time>
    <extensions>
        <provider>whs</provider>
    </extensions>
</trkpt>
<trkpt lat="42.42611376240524" lon="77.3037149192525">
    <time>2026-08-15T17:11:37.356Z</time>
    <extensions>
        <provider>whs</provider>
    </extensions>
</trkpt>
<trkpt lat="42.42617786240523" lon="77.3036132192525">
    <time>2026-08-15T17:11:38.365Z</time>
    <extensions>
        <provider>whs</provider>
    </extensions>
</trkpt>
<trkpt lat="42.42624236240523" lon="77.3035160192525">
    <time>2026-08-15T17:11:39.374Z</time>
    <extensions>
        <provider>whs</provider>
    </extensions>
</trkpt>
<trkpt lat="42.426308162405235" lon="77.3034105192525">
    <time>2026-08-15T17:11:40.384Z</time>
    <extensions>
        <provider>whs</provider>
    </extensions>
</trkpt>
<trkpt lat="42.42637606240523" lon="77.30332391925249">
    <time>2026-08-15T17:11:41.393Z</time>
    <extensions>
        <provider>whs</provider>
    </extensions>
</trkpt>
<trkpt lat="42.426454762405235" lon="77.3032250192525">
    <time>2026-08-15T17:11:42.403Z</time>
    <extensions>
        <provider>whs</provider>
    </extensions>
</trkpt>
<trkpt lat="42.42653786240523" lon="77.3031120192525">
    <time>2026-08-15T17:11:43.411Z</time>
    <extensions>
        <provider>whs</provider>
    </extensions>
</trkpt>
<trkpt lat="42.426623162405235" lon="77.3029830192525">
    <time>2026-08-15T17:11:44.422Z</time>
    <extensions>
        <provider>whs</provider>
    </extensions>
</trkpt>
<trkpt lat="42.426713062405234" lon="77.3028516192525">
    <time>2026-08-15T17:11:45.432Z</time>
    <extensions>
        <provider>whs</provider>
    </extensions>
</trkpt>
<trkpt lat="42.42679616240523" lon="77.30272671925249">
    <time>2026-08-15T17:11:46.439Z</time>
    <extensions>
        <provider>whs</provider>
    </extensions>
</trkpt>
<trkpt lat="42.42688076240523" lon="77.3026109192525">
    <time>2026-08-15T17:11:47.448Z</time>
    <extensions>
        <provider>whs</provider>
    </extensions>
</trkpt>
<trkpt lat="42.427055962405234" lon="77.3023716192525">
    <time>2026-08-15T17:11:48.461Z</time>
    <extensions>
        <provider>whs</provider>
    </extensions>
</trkpt>
<trkpt lat="42.42713906240523" lon="77.3022428192525">
    <time>2026-08-15T17:11:49.471Z</time>
    <extensions>
        <provider>whs</provider>
    </extensions>
</trkpt>
<trkpt lat="42.42723456240523" lon="77.3021148192525">
    <time>2026-08-15T17:11:50.478Z</time>
    <extensions>
        <provider>whs</provider>
    </extensions>
</trkpt>
<trkpt lat="42.427329062405235" lon="77.3019894192525">
    <time>2026-08-15T17:11:51.487Z</time>
    <extensions>
        <provider>whs</provider>
    </extensions>
</trkpt>
<trkpt lat="42.427420162405234" lon="77.3018629192525">
    <time>2026-08-15T17:11:52.496Z</time>
    <extensions>
        <provider>whs</provider>
    </extensions>
</trkpt>
<trkpt lat="42.427516262405234" lon="77.3017334192525">
    <time>2026-08-15T17:11:53.504Z</time>
    <extensions>
        <provider>whs</provider>
    </extensions>
</trkpt>
<trkpt lat="42.427610462405234" lon="77.3015961192525">
    <time>2026-08-15T17:11:54.514Z</time>
    <extensions>
        <provider>whs</provider>
    </extensions>
</trkpt>
<trkpt lat="42.427711462405234" lon="77.3014477192525">
    <time>2026-08-15T17:11:55.523Z</time>
    <extensions>
        <provider>whs</provider>
    </extensions>
</trkpt>
<trkpt lat="42.42781096240523" lon="77.3013133192525">
    <time>2026-08-15T17:11:56.531Z</time>
    <extensions>
        <provider>whs</provider>
    </extensions>
</trkpt>
<trkpt lat="42.42789956240524" lon="77.3011776192525">
    <time>2026-08-15T17:11:57.539Z</time>
    <extensions>
        <provider>whs</provider>
    </extensions>
</trkpt>
<trkpt lat="42.427991162405235" lon="77.3010457192525">
    <time>2026-08-15T17:11:58.549Z</time>
    <extensions>
        <provider>whs</provider>
    </extensions>
</trkpt>
<trkpt lat="42.42808886240523" lon="77.3009059192525">
    <time>2026-08-15T17:11:59.559Z</time>
    <extensions>
        <provider>whs</provider>
    </extensions>
</trkpt>
<trkpt lat="42.42818986240523" lon="77.30075911925249">
    <time>2026-08-15T17:12:00.571Z</time>
    <extensions>
        <provider>whs</provider>
    </extensions>
</trkpt>
<trkpt lat="42.42828146240524" lon="77.3006338192525">
    <time>2026-08-15T17:12:01.580Z</time>
    <extensions>
        <provider>whs</provider>
    </extensions>
</trkpt>
<trkpt lat="42.42837626240524" lon="77.3005052192525">
    <time>2026-08-15T17:12:02.589Z</time>
    <extensions>
        <provider>whs</provider>
    </extensions>
</trkpt>
<trkpt lat="42.42847626240523" lon="77.3003762192525">
    <time>2026-08-15T17:12:03.597Z</time>
    <extensions>
        <provider>whs</provider>
    </extensions>
</trkpt>
<trkpt lat="42.42856866240523" lon="77.3002610192525">
    <time>2026-08-15T17:12:04.599Z</time>
    <extensions>
        <provider>whs</provider>
    </extensions>
</trkpt>
<trkpt lat="42.42865366240523" lon="77.3001423192525">
    <time>2026-08-15T17:12:05.605Z</time>
    <extensions>
        <provider>whs</provider>
    </extensions>
</trkpt>
<trkpt lat="42.428718962405235" lon="77.30000841925249">
    <time>2026-08-15T17:12:06.607Z</time>
    <extensions>
        <provider>whs</provider>
    </extensions>
</trkpt>
<trkpt lat="42.42879596240523" lon="77.2998784192525">
    <time>2026-08-15T17:12:07.608Z</time>
    <extensions>
        <provider>whs</provider>
    </extensions>
</trkpt>
<trkpt lat="42.42886756240524" lon="77.29975971925249">
    <time>2026-08-15T17:12:08.616Z</time>
    <extensions>
        <provider>whs</provider>
    </extensions>
</trkpt>
<trkpt lat="42.428945762405235" lon="77.2996505192525">
    <time>2026-08-15T17:12:09.625Z</time>
    <extensions>
        <provider>whs</provider>
    </extensions>
</trkpt>
<trkpt lat="42.429027862405235" lon="77.29953091925249">
    <time>2026-08-15T17:12:10.634Z</time>
    <extensions>
        <provider>whs</provider>
    </extensions>
</trkpt>
<trkpt lat="42.429112462405236" lon="77.29941791925249">
    <time>2026-08-15T17:12:11.644Z</time>
    <extensions>
        <provider>whs</provider>
    </extensions>
</trkpt>
<trkpt lat="42.42920036240523" lon="77.2992930192525">
    <time>2026-08-15T17:12:12.651Z</time>
    <extensions>
        <provider>whs</provider>
    </extensions>
</trkpt>
<trkpt lat="42.429290662405236" lon="77.2991786192525">
    <time>2026-08-15T17:12:13.660Z</time>
    <extensions>
        <provider>whs</provider>
    </extensions>
</trkpt>
<trkpt lat="42.429387162405234" lon="77.2990535192525">
    <time>2026-08-15T17:12:14.671Z</time>
    <extensions>
        <provider>whs</provider>
    </extensions>
</trkpt>
<trkpt lat="42.429487662405236" lon="77.2989106192525">
    <time>2026-08-15T17:12:15.679Z</time>
    <extensions>
        <provider>whs</provider>
    </extensions>
</trkpt>
<trkpt lat="42.429589662405235" lon="77.2987852192525">
    <time>2026-08-15T17:12:16.689Z</time>
    <extensions>
        <provider>whs</provider>
    </extensions>
</trkpt>
<trkpt lat="42.429693062405235" lon="77.2986585192525">
    <time>2026-08-15T17:12:17.698Z</time>
    <extensions>
        <provider>whs</provider>
    </extensions>
</trkpt>
<trkpt lat="42.42979486240524" lon="77.29851501925249">
    <time>2026-08-15T17:12:18.707Z</time>
    <extensions>
        <provider>whs</provider>
    </extensions>
</trkpt>
<trkpt lat="42.42989396240524" lon="77.2983674192525">
    <time>2026-08-15T17:12:19.715Z</time>
    <extensions>
        <provider>whs</provider>
    </extensions>
</trkpt>
<trkpt lat="42.43000406240523" lon="77.2982123192525">
    <time>2026-08-15T17:12:20.723Z</time>
    <extensions>
        <provider>whs</provider>
    </extensions>
</trkpt>
<trkpt lat="42.430101762405236" lon="77.29806881925249">
    <time>2026-08-15T17:12:21.730Z</time>
    <extensions>
        <provider>whs</provider>
    </extensions>
</trkpt>
<trkpt lat="42.430203162405235" lon="77.2979274192525">
    <time>2026-08-15T17:12:22.739Z</time>
    <extensions>
        <provider>whs</provider>
    </extensions>
</trkpt>
<trkpt lat="42.430308462405236" lon="77.2977772192525">
    <time>2026-08-15T17:12:23.747Z</time>
    <extensions>
        <provider>whs</provider>
    </extensions>
</trkpt>
<trkpt lat="42.430409362405236" lon="77.2976494192525">
    <time>2026-08-15T17:12:24.754Z</time>
    <extensions>
        <provider>whs</provider>
    </extensions>
</trkpt>
<trkpt lat="42.43050096240523" lon="77.29750991925249">
    <time>2026-08-15T17:12:25.762Z</time>
    <extensions>
        <provider>whs</provider>
    </extensions>
</trkpt>
<trkpt lat="42.430598462405236" lon="77.2973750192525">
    <time>2026-08-15T17:12:26.769Z</time>
    <extensions>
        <provider>whs</provider>
    </extensions>
</trkpt>
<trkpt lat="42.430687862405236" lon="77.2972282192525">
    <time>2026-08-15T17:12:27.778Z</time>
    <extensions>
        <provider>whs</provider>
    </extensions>
</trkpt>
<trkpt lat="42.43078216240524" lon="77.2970974192525">
    <time>2026-08-15T17:12:28.786Z</time>
    <extensions>
        <provider>whs</provider>
    </extensions>
</trkpt>
<trkpt lat="42.430869062405236" lon="77.2969739192525">
    <time>2026-08-15T17:12:29.796Z</time>
    <extensions>
        <provider>whs</provider>
    </extensions>
</trkpt>
<trkpt lat="42.43095556240524" lon="77.2968606192525">
    <time>2026-08-15T17:12:30.805Z</time>
    <extensions>
        <provider>whs</provider>
    </extensions>
</trkpt>
<trkpt lat="42.43104056240524" lon="77.2967288192525">
    <time>2026-08-15T17:12:31.813Z</time>
    <extensions>
        <provider>whs</provider>
    </extensions>
</trkpt>
<trkpt lat="42.43112996240524" lon="77.2966026192525">
    <time>2026-08-15T17:12:32.825Z</time>
    <extensions>
        <provider>whs</provider>
    </extensions>
</trkpt>
<trkpt lat="42.43122376240523" lon="77.2964695192525">
    <time>2026-08-15T17:12:33.834Z</time>
    <extensions>
        <provider>whs</provider>
    </extensions>
</trkpt>
<trkpt lat="42.431323762405235" lon="77.2963338192525">
    <time>2026-08-15T17:12:34.842Z</time>
    <extensions>
        <provider>whs</provider>
    </extensions>
</trkpt>
<trkpt lat="42.43141576240524" lon="77.2961930192525">
    <time>2026-08-15T17:12:35.851Z</time>
    <extensions>
        <provider>whs</provider>
    </extensions>
</trkpt>
<trkpt lat="42.43151326240523" lon="77.29605741925249">
    <time>2026-08-15T17:12:36.859Z</time>
    <extensions>
        <provider>whs</provider>
    </extensions>
</trkpt>
<trkpt lat="42.43161096240524" lon="77.2959221192525">
    <time>2026-08-15T17:12:37.867Z</time>
    <extensions>
        <provider>whs</provider>
    </extensions>
</trkpt>
<trkpt lat="42.431701462405236" lon="77.2957799192525">
    <time>2026-08-15T17:12:38.879Z</time>
    <extensions>
        <provider>whs</provider>
    </extensions>
</trkpt>
<trkpt lat="42.431795562405235" lon="77.29564091925249">
    <time>2026-08-15T17:12:39.888Z</time>
    <extensions>
        <provider>whs</provider>
    </extensions>
</trkpt>
<trkpt lat="42.431883062405234" lon="77.2955115192525">
    <time>2026-08-15T17:12:40.898Z</time>
    <extensions>
        <provider>whs</provider>
    </extensions>
</trkpt>
<trkpt lat="42.43196926240523" lon="77.2953708192525">
    <time>2026-08-15T17:12:41.907Z</time>
    <extensions>
        <provider>whs</provider>
    </extensions>
</trkpt>
<trkpt lat="42.43206336240524" lon="77.2952404192525">
    <time>2026-08-15T17:12:42.916Z</time>
    <extensions>
        <provider>whs</provider>
    </extensions>
</trkpt>
<trkpt lat="42.43215906240523" lon="77.2951054192525">
    <time>2026-08-15T17:12:43.925Z</time>
    <extensions>
        <provider>whs</provider>
    </extensions>
</trkpt>
<trkpt lat="42.432253562405236" lon="77.29497401925249">
    <time>2026-08-15T17:12:44.934Z</time>
    <extensions>
        <provider>whs</provider>
    </extensions>
</trkpt>
<trkpt lat="42.432351962405235" lon="77.2948444192525">
    <time>2026-08-15T17:12:45.945Z</time>
    <extensions>
        <provider>whs</provider>
    </extensions>
</trkpt>
<trkpt lat="42.43245006240524" lon="77.29471551925249">
    <time>2026-08-15T17:12:46.954Z</time>
    <extensions>
        <provider>whs</provider>
    </extensions>
</trkpt>
<trkpt lat="42.432542362405236" lon="77.29458721925249">
    <time>2026-08-15T17:12:47.963Z</time>
    <extensions>
        <provider>whs</provider>
    </extensions>
</trkpt>
<trkpt lat="42.43263936240523" lon="77.2944557192525">
    <time>2026-08-15T17:12:48.970Z</time>
    <extensions>
        <provider>whs</provider>
    </extensions>
</trkpt>
<trkpt lat="42.432720962405234" lon="77.2943297192525">
    <time>2026-08-15T17:12:49.979Z</time>
    <extensions>
        <provider>whs</provider>
    </extensions>
</trkpt>
<trkpt lat="42.43280326240524" lon="77.2942208192525">
    <time>2026-08-15T17:12:50.987Z</time>
    <extensions>
        <provider>whs</provider>
    </extensions>
</trkpt>
<trkpt lat="42.43288866240523" lon="77.2941086192525">
    <time>2026-08-15T17:12:51.996Z</time>
    <extensions>
        <provider>whs</provider>
    </extensions>
</trkpt>
<trkpt lat="42.432970862405234" lon="77.29399911925249">
    <time>2026-08-15T17:12:53.005Z</time>
    <extensions>
        <provider>whs</provider>
    </extensions>
</trkpt>
<trkpt lat="42.433062762405235" lon="77.29388851925249">
    <time>2026-08-15T17:12:54.014Z</time>
    <extensions>
        <provider>whs</provider>
    </extensions>
</trkpt>
<trkpt lat="42.43315486240523" lon="77.2937902192525">
    <time>2026-08-15T17:12:55.022Z</time>
    <extensions>
        <provider>whs</provider>
    </extensions>
</trkpt>
<trkpt lat="42.43323396240523" lon="77.2936814192525">
    <time>2026-08-15T17:12:56.032Z</time>
    <extensions>
        <provider>whs</provider>
    </extensions>
</trkpt>
<trkpt lat="42.433315062405235" lon="77.29358091925249">
    <time>2026-08-15T17:12:57.039Z</time>
    <extensions>
        <provider>whs</provider>
    </extensions>
</trkpt>
<trkpt lat="42.43337926240523" lon="77.29349761925249">
    <time>2026-08-15T17:12:58.049Z</time>
    <extensions>
        <provider>whs</provider>
    </extensions>
</trkpt>
<trkpt lat="42.433427662405236" lon="77.29343611925249">
    <time>2026-08-15T17:12:59.058Z</time>
    <extensions>
        <provider>whs</provider>
    </extensions>
</trkpt>
<trkpt lat="42.43347516240524" lon="77.2933636192525">
    <time>2026-08-15T17:13:00.066Z</time>
    <extensions>
        <provider>whs</provider>
    </extensions>
</trkpt>
<trkpt lat="42.43351826240524" lon="77.2933064192525">
    <time>2026-08-15T17:13:01.073Z</time>
    <extensions>
        <provider>whs</provider>
    </extensions>
</trkpt>
<trkpt lat="42.433541362405236" lon="77.2932792192525">
    <time>2026-08-15T17:13:02.081Z</time>
    <extensions>
        <provider>whs</provider>
    </extensions>
</trkpt>
<trkpt lat="42.43353746240523" lon="77.2932423192525">
    <time>2026-08-15T17:13:06.116Z</time>
    <extensions>
        <provider>whs</provider>
    </extensions>
</trkpt>
<trkpt lat="42.433528362405234" lon="77.2932079192525">
    <time>2026-08-15T17:13:07.125Z</time>
    <extensions>
        <provider>whs</provider>
    </extensions>
</trkpt>
<trkpt lat="42.433513262405235" lon="77.2931658192525">
    <time>2026-08-15T17:13:08.134Z</time>
    <extensions>
        <provider>whs</provider>
    </extensions>
</trkpt>
<trkpt lat="42.433493862405236" lon="77.2931332192525">
    <time>2026-08-15T17:13:09.144Z</time>
    <extensions>
        <provider>whs</provider>
    </extensions>
</trkpt>
<trkpt lat="42.43344916240523" lon="77.2930747192525">
    <time>2026-08-15T17:13:10.150Z</time>
    <extensions>
        <provider>whs</provider>
    </extensions>
</trkpt>
<trkpt lat="42.433407462405235" lon="77.29300501925249">
    <time>2026-08-15T17:13:11.163Z</time>
    <extensions>
        <provider>whs</provider>
    </extensions>
</trkpt>
<trkpt lat="42.43333356240524" lon="77.2929299192525">
    <time>2026-08-15T17:13:12.171Z</time>
    <extensions>
        <provider>whs</provider>
    </extensions>
</trkpt>
<trkpt lat="42.433276162405235" lon="77.2928660192525">
    <time>2026-08-15T17:13:13.179Z</time>
    <extensions>
        <provider>whs</provider>
    </extensions>
</trkpt>
<trkpt lat="42.43322156240524" lon="77.2928153192525">
    <time>2026-08-15T17:13:14.186Z</time>
    <extensions>
        <provider>whs</provider>
    </extensions>
</trkpt>
<trkpt lat="42.43316586240523" lon="77.2927818192525">
    <time>2026-08-15T17:13:15.196Z</time>
    <extensions>
        <provider>whs</provider>
    </extensions>
</trkpt>
<trkpt lat="42.43310426240524" lon="77.29275321925249">
    <time>2026-08-15T17:13:16.205Z</time>
    <extensions>
        <provider>whs</provider>
    </extensions>
</trkpt>
<trkpt lat="42.43305336240523" lon="77.29272901925249">
    <time>2026-08-15T17:13:17.215Z</time>
    <extensions>
        <provider>whs</provider>
    </extensions>
</trkpt>
<trkpt lat="42.43300656240523" lon="77.29268091925249">
    <time>2026-08-15T17:13:18.223Z</time>
    <extensions>
        <provider>whs</provider>
    </extensions>
</trkpt>
<trkpt lat="42.432983062405235" lon="77.2926071192525">
    <time>2026-08-15T17:13:19.233Z</time>
    <extensions>
        <provider>whs</provider>
    </extensions>
</trkpt>
<trkpt lat="42.432966062405235" lon="77.29253441925249">
    <time>2026-08-15T17:13:20.240Z</time>
    <extensions>
        <provider>whs</provider>
    </extensions>
</trkpt>
<trkpt lat="42.432951962405234" lon="77.2924437192525">
    <time>2026-08-15T17:13:21.253Z</time>
    <extensions>
        <provider>whs</provider>
    </extensions>
</trkpt>
<trkpt lat="42.43295306240523" lon="77.2923615192525">
    <time>2026-08-15T17:13:22.259Z</time>
    <extensions>
        <provider>whs</provider>
    </extensions>
</trkpt>
<trkpt lat="42.432960562405235" lon="77.29228261925249">
    <time>2026-08-15T17:13:23.267Z</time>
    <extensions>
        <provider>whs</provider>
    </extensions>
</trkpt>
<trkpt lat="42.432964762405234" lon="77.2922102192525">
    <time>2026-08-15T17:13:24.274Z</time>
    <extensions>
        <provider>whs</provider>
    </extensions>
</trkpt>
<trkpt lat="42.43293836240523" lon="77.29214761925249">
    <time>2026-08-15T17:13:25.284Z</time>
    <extensions>
        <provider>whs</provider>
    </extensions>
</trkpt>
<trkpt lat="42.432902862405236" lon="77.29208891925249">
    <time>2026-08-15T17:13:26.294Z</time>
    <extensions>
        <provider>whs</provider>
    </extensions>
</trkpt>
<trkpt lat="42.432838262405234" lon="77.2920316192525">
    <time>2026-08-15T17:13:27.301Z</time>
    <extensions>
        <provider>whs</provider>
    </extensions>
</trkpt>
<trkpt lat="42.43276876240523" lon="77.2919995192525">
    <time>2026-08-15T17:13:28.310Z</time>
    <extensions>
        <provider>whs</provider>
    </extensions>
</trkpt>
<trkpt lat="42.43266776240524" lon="77.2919612192525">
    <time>2026-08-15T17:13:29.319Z</time>
    <extensions>
        <provider>whs</provider>
    </extensions>
</trkpt>
<trkpt lat="42.432573962405236" lon="77.2919305192525">
    <time>2026-08-15T17:13:30.327Z</time>
    <extensions>
        <provider>whs</provider>
    </extensions>
</trkpt>
<trkpt lat="42.43249266240524" lon="77.2919061192525">
    <time>2026-08-15T17:13:31.336Z</time>
    <extensions>
        <provider>whs</provider>
    </extensions>
</trkpt>
<trkpt lat="42.43239736240523" lon="77.2918755192525">
    <time>2026-08-15T17:13:32.345Z</time>
    <extensions>
        <provider>whs</provider>
    </extensions>
</trkpt>
<trkpt lat="42.432278362405235" lon="77.2918342192525">
    <time>2026-08-15T17:13:33.354Z</time>
    <extensions>
        <provider>whs</provider>
    </extensions>
</trkpt>
<trkpt lat="42.43214676240523" lon="77.2917991192525">
    <time>2026-08-15T17:13:34.362Z</time>
    <extensions>
        <provider>whs</provider>
    </extensions>
</trkpt>
<trkpt lat="42.43204026240524" lon="77.2917606192525">
    <time>2026-08-15T17:13:35.369Z</time>
    <extensions>
        <provider>whs</provider>
    </extensions>
</trkpt>
<trkpt lat="42.431919562405234" lon="77.29170211925249">
    <time>2026-08-15T17:13:36.383Z</time>
    <extensions>
        <provider>whs</provider>
    </extensions>
</trkpt>
<trkpt lat="42.43180686240523" lon="77.2916340192525">
    <time>2026-08-15T17:13:37.389Z</time>
    <extensions>
        <provider>whs</provider>
    </extensions>
</trkpt>
<trkpt lat="42.43169116240524" lon="77.29159581925249">
    <time>2026-08-15T17:13:38.400Z</time>
    <extensions>
        <provider>whs</provider>
    </extensions>
</trkpt>
<trkpt lat="42.43158926240523" lon="77.29155321925249">
    <time>2026-08-15T17:13:39.407Z</time>
    <extensions>
        <provider>whs</provider>
    </extensions>
</trkpt>
<trkpt lat="42.43148836240523" lon="77.2915016192525">
    <time>2026-08-15T17:13:40.416Z</time>
    <extensions>
        <provider>whs</provider>
    </extensions>
</trkpt>
<trkpt lat="42.431378462405235" lon="77.29146441925249">
    <time>2026-08-15T17:13:41.427Z</time>
    <extensions>
        <provider>whs</provider>
    </extensions>
</trkpt>
<trkpt lat="42.43126376240524" lon="77.2914253192525">
    <time>2026-08-15T17:13:42.437Z</time>
    <extensions>
        <provider>whs</provider>
    </extensions>
</trkpt>
<trkpt lat="42.43114896240523" lon="77.2913786192525">
    <time>2026-08-15T17:13:43.445Z</time>
    <extensions>
        <provider>whs</provider>
    </extensions>
</trkpt>
<trkpt lat="42.43102986240523" lon="77.2913090192525">
    <time>2026-08-15T17:13:44.454Z</time>
    <extensions>
        <provider>whs</provider>
    </extensions>
</trkpt>
<trkpt lat="42.43091186240523" lon="77.2912566192525">
    <time>2026-08-15T17:13:45.461Z</time>
    <extensions>
        <provider>whs</provider>
    </extensions>
</trkpt>
<trkpt lat="42.43065886240524" lon="77.2911311192525">
    <time>2026-08-15T17:13:46.473Z</time>
    <extensions>
        <provider>whs</provider>
    </extensions>
</trkpt>
<trkpt lat="42.43053856240523" lon="77.29107351925249">
    <time>2026-08-15T17:13:47.480Z</time>
    <extensions>
        <provider>whs</provider>
    </extensions>
</trkpt>
<trkpt lat="42.430415962405235" lon="77.2910238192525">
    <time>2026-08-15T17:13:48.492Z</time>
    <extensions>
        <provider>whs</provider>
    </extensions>
</trkpt>
<trkpt lat="42.43028236240524" lon="77.29098041925249">
    <time>2026-08-15T17:13:49.500Z</time>
    <extensions>
        <provider>whs</provider>
    </extensions>
</trkpt>
<trkpt lat="42.43016656240523" lon="77.2909312192525">
    <time>2026-08-15T17:13:50.509Z</time>
    <extensions>
        <provider>whs</provider>
    </extensions>
</trkpt>
<trkpt lat="42.43005026240523" lon="77.2908979192525">
    <time>2026-08-15T17:13:51.518Z</time>
    <extensions>
        <provider>whs</provider>
    </extensions>
</trkpt>
<trkpt lat="42.429945462405236" lon="77.2908580192525">
    <time>2026-08-15T17:13:52.526Z</time>
    <extensions>
        <provider>whs</provider>
    </extensions>
</trkpt>
<trkpt lat="42.429844362405234" lon="77.29083631925249">
    <time>2026-08-15T17:13:53.534Z</time>
    <extensions>
        <provider>whs</provider>
    </extensions>
</trkpt>
<trkpt lat="42.42976076240524" lon="77.2908031192525">
    <time>2026-08-15T17:13:54.543Z</time>
    <extensions>
        <provider>whs</provider>
    </extensions>
</trkpt>
<trkpt lat="42.42970116240524" lon="77.2907687192525">
    <time>2026-08-15T17:13:55.552Z</time>
    <extensions>
        <provider>whs</provider>
    </extensions>
</trkpt>
<trkpt lat="42.429642062405236" lon="77.2907165192525">
    <time>2026-08-15T17:13:56.561Z</time>
    <extensions>
        <provider>whs</provider>
    </extensions>
</trkpt>
<trkpt lat="42.42958816240523" lon="77.29064891925249">
    <time>2026-08-15T17:13:57.569Z</time>
    <extensions>
        <provider>whs</provider>
    </extensions>
</trkpt>
<trkpt lat="42.42955886240524" lon="77.2905458192525">
    <time>2026-08-15T17:13:58.577Z</time>
    <extensions>
        <provider>whs</provider>
    </extensions>
</trkpt>
<trkpt lat="42.42954006240524" lon="77.2904154192525">
    <time>2026-08-15T17:13:59.585Z</time>
    <extensions>
        <provider>whs</provider>
    </extensions>
</trkpt>
<trkpt lat="42.42951816240524" lon="77.29028671925249">
    <time>2026-08-15T17:14:00.595Z</time>
    <extensions>
        <provider>whs</provider>
    </extensions>
</trkpt>
<trkpt lat="42.429533262405236" lon="77.2901311192525">
    <time>2026-08-15T17:14:01.603Z</time>
    <extensions>
        <provider>whs</provider>
    </extensions>
</trkpt>
<trkpt lat="42.42951476240523" lon="77.28994131925249">
    <time>2026-08-15T17:14:02.610Z</time>
    <extensions>
        <provider>whs</provider>
    </extensions>
</trkpt>
<trkpt lat="42.42949166240523" lon="77.2897655192525">
    <time>2026-08-15T17:14:03.619Z</time>
    <extensions>
        <provider>whs</provider>
    </extensions>
</trkpt>
<trkpt lat="42.42944176240523" lon="77.2895823192525">
    <time>2026-08-15T17:14:04.628Z</time>
    <extensions>
        <provider>whs</provider>
    </extensions>
</trkpt>
<trkpt lat="42.42938926240524" lon="77.2893782192525">
    <time>2026-08-15T17:14:05.638Z</time>
    <extensions>
        <provider>whs</provider>
    </extensions>
</trkpt>
<trkpt lat="42.42934076240523" lon="77.2891946192525">
    <time>2026-08-15T17:14:06.648Z</time>
    <extensions>
        <provider>whs</provider>
    </extensions>
</trkpt>
<trkpt lat="42.42930406240524" lon="77.2890205192525">
    <time>2026-08-15T17:14:07.657Z</time>
    <extensions>
        <provider>whs</provider>
    </extensions>
</trkpt>
<trkpt lat="42.429262462405234" lon="77.2888353192525">
    <time>2026-08-15T17:14:08.666Z</time>
    <extensions>
        <provider>whs</provider>
    </extensions>
</trkpt>
<trkpt lat="42.42921416240524" lon="77.28866141925249">
    <time>2026-08-15T17:14:09.675Z</time>
    <extensions>
        <provider>whs</provider>
    </extensions>
</trkpt>
<trkpt lat="42.42917286240523" lon="77.2885040192525">
    <time>2026-08-15T17:14:10.682Z</time>
    <extensions>
        <provider>whs</provider>
    </extensions>
</trkpt>
<trkpt lat="42.42911576240523" lon="77.28835621925249">
    <time>2026-08-15T17:14:11.693Z</time>
    <extensions>
        <provider>whs</provider>
    </extensions>
</trkpt>
<trkpt lat="42.429063262405236" lon="77.2882237192525">
    <time>2026-08-15T17:14:12.699Z</time>
    <extensions>
        <provider>whs</provider>
    </extensions>
</trkpt>
<trkpt lat="42.42900706240523" lon="77.2880889192525">
    <time>2026-08-15T17:14:13.708Z</time>
    <extensions>
        <provider>whs</provider>
    </extensions>
</trkpt>
<trkpt lat="42.42894926240523" lon="77.2879933192525">
    <time>2026-08-15T17:14:14.717Z</time>
    <extensions>
        <provider>whs</provider>
    </extensions>
</trkpt>
<trkpt lat="42.42887246240524" lon="77.28791701925249">
    <time>2026-08-15T17:14:15.727Z</time>
    <extensions>
        <provider>whs</provider>
    </extensions>
</trkpt>
<trkpt lat="42.42876806240523" lon="77.28787771925249">
    <time>2026-08-15T17:14:16.736Z</time>
    <extensions>
        <provider>whs</provider>
    </extensions>
</trkpt>
<trkpt lat="42.42864616240524" lon="77.2879037192525">
    <time>2026-08-15T17:14:17.744Z</time>
    <extensions>
        <provider>whs</provider>
    </extensions>
</trkpt>
<trkpt lat="42.428527562405236" lon="77.28797351925249">
    <time>2026-08-15T17:14:18.753Z</time>
    <extensions>
        <provider>whs</provider>
    </extensions>
</trkpt>
<trkpt lat="42.428442462405236" lon="77.2880396192525">
    <time>2026-08-15T17:14:19.760Z</time>
    <extensions>
        <provider>whs</provider>
    </extensions>
</trkpt>
<trkpt lat="42.42836956240524" lon="77.2881074192525">
    <time>2026-08-15T17:14:20.768Z</time>
    <extensions>
        <provider>whs</provider>
    </extensions>
</trkpt>
<trkpt lat="42.428274462405234" lon="77.2881646192525">
    <time>2026-08-15T17:14:21.776Z</time>
    <extensions>
        <provider>whs</provider>
    </extensions>
</trkpt>
<trkpt lat="42.42819516240523" lon="77.2882294192525">
    <time>2026-08-15T17:14:22.784Z</time>
    <extensions>
        <provider>whs</provider>
    </extensions>
</trkpt>
<trkpt lat="42.428113462405236" lon="77.28825931925249">
    <time>2026-08-15T17:14:23.794Z</time>
    <extensions>
        <provider>whs</provider>
    </extensions>
</trkpt>
<trkpt lat="42.428027162405236" lon="77.2882122192525">
    <time>2026-08-15T17:14:24.803Z</time>
    <extensions>
        <provider>whs</provider>
    </extensions>
</trkpt>
<trkpt lat="42.427973462405234" lon="77.2881065192525">
    <time>2026-08-15T17:14:25.810Z</time>
    <extensions>
        <provider>whs</provider>
    </extensions>
</trkpt>
<trkpt lat="42.427928562405235" lon="77.28793541925249">
    <time>2026-08-15T17:14:26.823Z</time>
    <extensions>
        <provider>whs</provider>
    </extensions>
</trkpt>
<trkpt lat="42.42791296240524" lon="77.2876660192525">
    <time>2026-08-15T17:14:27.832Z</time>
    <extensions>
        <provider>whs</provider>
    </extensions>
</trkpt>
<trkpt lat="42.42795746240523" lon="77.28743301925249">
    <time>2026-08-15T17:14:28.838Z</time>
    <extensions>
        <provider>whs</provider>
    </extensions>
</trkpt>
<trkpt lat="42.427977862405235" lon="77.2872059192525">
    <time>2026-08-15T17:14:29.846Z</time>
    <extensions>
        <provider>whs</provider>
    </extensions>
</trkpt>
<trkpt lat="42.427979762405236" lon="77.2870012192525">
    <time>2026-08-15T17:14:30.850Z</time>
    <extensions>
        <provider>whs</provider>
    </extensions>
</trkpt>
<trkpt lat="42.42801086240524" lon="77.2867945192525">
    <time>2026-08-15T17:14:31.853Z</time>
    <extensions>
        <provider>whs</provider>
    </extensions>
</trkpt>
<trkpt lat="42.42803416240523" lon="77.28661791925249">
    <time>2026-08-15T17:14:32.863Z</time>
    <extensions>
        <provider>whs</provider>
    </extensions>
</trkpt>
<trkpt lat="42.42808446240524" lon="77.2864392192525">
    <time>2026-08-15T17:14:33.872Z</time>
    <extensions>
        <provider>whs</provider>
    </extensions>
</trkpt>
<trkpt lat="42.428100062405235" lon="77.2862288192525">
    <time>2026-08-15T17:14:34.880Z</time>
    <extensions>
        <provider>whs</provider>
    </extensions>
</trkpt>
<trkpt lat="42.42811256240523" lon="77.2860558192525">
    <time>2026-08-15T17:14:35.889Z</time>
    <extensions>
        <provider>whs</provider>
    </extensions>
</trkpt>
<trkpt lat="42.428097662405236" lon="77.28588211925249">
    <time>2026-08-15T17:14:36.899Z</time>
    <extensions>
        <provider>whs</provider>
    </extensions>
</trkpt>
<trkpt lat="42.42808376240524" lon="77.2857047192525">
    <time>2026-08-15T17:14:37.909Z</time>
    <extensions>
        <provider>whs</provider>
    </extensions>
</trkpt>
<trkpt lat="42.428066662405236" lon="77.2855160192525">
    <time>2026-08-15T17:14:38.918Z</time>
    <extensions>
        <provider>whs</provider>
    </extensions>
</trkpt>
<trkpt lat="42.428035062405236" lon="77.2853094192525">
    <time>2026-08-15T17:14:39.926Z</time>
    <extensions>
        <provider>whs</provider>
    </extensions>
</trkpt>
<trkpt lat="42.42799266240524" lon="77.2851074192525">
    <time>2026-08-15T17:14:40.935Z</time>
    <extensions>
        <provider>whs</provider>
    </extensions>
</trkpt>
<trkpt lat="42.42796236240523" lon="77.2849218192525">
    <time>2026-08-15T17:14:41.944Z</time>
    <extensions>
        <provider>whs</provider>
    </extensions>
</trkpt>
<trkpt lat="42.42792506240524" lon="77.28471421925249">
    <time>2026-08-15T17:14:42.954Z</time>
    <extensions>
        <provider>whs</provider>
    </extensions>
</trkpt>
<trkpt lat="42.42788586240523" lon="77.2845192192525">
    <time>2026-08-15T17:14:43.961Z</time>
    <extensions>
        <provider>whs</provider>
    </extensions>
</trkpt>
<trkpt lat="42.42785396240524" lon="77.2843383192525">
    <time>2026-08-15T17:14:44.970Z</time>
    <extensions>
        <provider>whs</provider>
    </extensions>
</trkpt>
<trkpt lat="42.42782856240523" lon="77.2841648192525">
    <time>2026-08-15T17:14:45.980Z</time>
    <extensions>
        <provider>whs</provider>
    </extensions>
</trkpt>
<trkpt lat="42.42779566240524" lon="77.28400501925249">
    <time>2026-08-15T17:14:46.989Z</time>
    <extensions>
        <provider>whs</provider>
    </extensions>
</trkpt>
<trkpt lat="42.427776662405236" lon="77.28387381925249">
    <time>2026-08-15T17:14:47.998Z</time>
    <extensions>
        <provider>whs</provider>
    </extensions>
</trkpt>
<trkpt lat="42.427763262405236" lon="77.2837521192525">
    <time>2026-08-15T17:14:49.007Z</time>
    <extensions>
        <provider>whs</provider>
    </extensions>
</trkpt>
<trkpt lat="42.427736362405234" lon="77.2836592192525">
    <time>2026-08-15T17:14:50.017Z</time>
    <extensions>
        <provider>whs</provider>
    </extensions>
</trkpt>
<trkpt lat="42.42771256240523" lon="77.2835756192525">
    <time>2026-08-15T17:14:51.026Z</time>
    <extensions>
        <provider>whs</provider>
    </extensions>
</trkpt>
<trkpt lat="42.427677362405234" lon="77.28351331925249">
    <time>2026-08-15T17:14:52.035Z</time>
    <extensions>
        <provider>whs</provider>
    </extensions>
</trkpt>
<trkpt lat="42.427614862405235" lon="77.2834909192525">
    <time>2026-08-15T17:14:53.045Z</time>
    <extensions>
        <provider>whs</provider>
    </extensions>
</trkpt>
<trkpt lat="42.427537662405236" lon="77.2834742192525">
    <time>2026-08-15T17:14:54.052Z</time>
    <extensions>
        <provider>whs</provider>
    </extensions>
</trkpt>
<trkpt lat="42.42743156240523" lon="77.2834954192525">
    <time>2026-08-15T17:14:55.061Z</time>
    <extensions>
        <provider>whs</provider>
    </extensions>
</trkpt>
<trkpt lat="42.42733176240523" lon="77.28350901925249">
    <time>2026-08-15T17:14:56.068Z</time>
    <extensions>
        <provider>whs</provider>
    </extensions>
</trkpt>
<trkpt lat="42.427218462405236" lon="77.2835647192525">
    <time>2026-08-15T17:14:57.070Z</time>
    <extensions>
        <provider>whs</provider>
    </extensions>
</trkpt>
<trkpt lat="42.427100462405235" lon="77.2836510192525">
    <time>2026-08-15T17:14:58.070Z</time>
    <extensions>
        <provider>whs</provider>
    </extensions>
</trkpt>
<trkpt lat="42.426989762405235" lon="77.2837492192525">
    <time>2026-08-15T17:14:59.078Z</time>
    <extensions>
        <provider>whs</provider>
    </extensions>
</trkpt>
<trkpt lat="42.42686916240523" lon="77.2838394192525">
    <time>2026-08-15T17:15:00.088Z</time>
    <extensions>
        <provider>whs</provider>
    </extensions>
</trkpt>
<trkpt lat="42.426716862405236" lon="77.2839524192525">
    <time>2026-08-15T17:15:01.090Z</time>
    <extensions>
        <provider>whs</provider>
    </extensions>
</trkpt>
<trkpt lat="42.426600562405234" lon="77.2840468192525">
    <time>2026-08-15T17:15:02.099Z</time>
    <extensions>
        <provider>whs</provider>
    </extensions>
</trkpt>
<trkpt lat="42.42649936240524" lon="77.28412681925249">
    <time>2026-08-15T17:15:03.108Z</time>
    <extensions>
        <provider>whs</provider>
    </extensions>
</trkpt>
<trkpt lat="42.42640196240524" lon="77.2842050192525">
    <time>2026-08-15T17:15:04.118Z</time>
    <extensions>
        <provider>whs</provider>
    </extensions>
</trkpt>
<trkpt lat="42.426305862405236" lon="77.2842723192525">
    <time>2026-08-15T17:15:05.129Z</time>
    <extensions>
        <provider>whs</provider>
    </extensions>
</trkpt>
<trkpt lat="42.42620946240523" lon="77.28429561925249">
    <time>2026-08-15T17:15:06.136Z</time>
    <extensions>
        <provider>whs</provider>
    </extensions>
</trkpt>
<trkpt lat="42.42609996240523" lon="77.2842966192525">
    <time>2026-08-15T17:15:07.146Z</time>
    <extensions>
        <provider>whs</provider>
    </extensions>
</trkpt>
<trkpt lat="42.425964062405235" lon="77.2843138192525">
    <time>2026-08-15T17:15:08.157Z</time>
    <extensions>
        <provider>whs</provider>
    </extensions>
</trkpt>
<trkpt lat="42.42584516240523" lon="77.2843136192525">
    <time>2026-08-15T17:15:09.166Z</time>
    <extensions>
        <provider>whs</provider>
    </extensions>
</trkpt>
<trkpt lat="42.42573876240523" lon="77.2842827192525">
    <time>2026-08-15T17:15:10.175Z</time>
    <extensions>
        <provider>whs</provider>
    </extensions>
</trkpt>
<trkpt lat="42.425627862405236" lon="77.2842564192525">
    <time>2026-08-15T17:15:11.184Z</time>
    <extensions>
        <provider>whs</provider>
    </extensions>
</trkpt>
<trkpt lat="42.42550966240523" lon="77.2842889192525">
    <time>2026-08-15T17:15:12.191Z</time>
    <extensions>
        <provider>whs</provider>
    </extensions>
</trkpt>
<trkpt lat="42.425422962405236" lon="77.2843541192525">
    <time>2026-08-15T17:15:13.200Z</time>
    <extensions>
        <provider>whs</provider>
    </extensions>
</trkpt>
<trkpt lat="42.42535096240523" lon="77.2844450192525">
    <time>2026-08-15T17:15:14.210Z</time>
    <extensions>
        <provider>whs</provider>
    </extensions>
</trkpt>
<trkpt lat="42.42530036240523" lon="77.2845786192525">
    <time>2026-08-15T17:15:15.218Z</time>
    <extensions>
        <provider>whs</provider>
    </extensions>
</trkpt>
<trkpt lat="42.42527066240523" lon="77.2847556192525">
    <time>2026-08-15T17:15:16.227Z</time>
    <extensions>
        <provider>whs</provider>
    </extensions>
</trkpt>
<trkpt lat="42.425246662405236" lon="77.2849644192525">
    <time>2026-08-15T17:15:17.236Z</time>
    <extensions>
        <provider>whs</provider>
    </extensions>
</trkpt>
<trkpt lat="42.42520376240523" lon="77.28515301925249">
    <time>2026-08-15T17:15:18.246Z</time>
    <extensions>
        <provider>whs</provider>
    </extensions>
</trkpt>
<trkpt lat="42.425154662405234" lon="77.2853382192525">
    <time>2026-08-15T17:15:19.254Z</time>
    <extensions>
        <provider>whs</provider>
    </extensions>
</trkpt>
<trkpt lat="42.425106662405234" lon="77.2855248192525">
    <time>2026-08-15T17:15:20.262Z</time>
    <extensions>
        <provider>whs</provider>
    </extensions>
</trkpt>
<trkpt lat="42.425064862405236" lon="77.28571191925249">
    <time>2026-08-15T17:15:21.270Z</time>
    <extensions>
        <provider>whs</provider>
    </extensions>
</trkpt>
<trkpt lat="42.42501506240524" lon="77.2858813192525">
    <time>2026-08-15T17:15:22.278Z</time>
    <extensions>
        <provider>whs</provider>
    </extensions>
</trkpt>
<trkpt lat="42.424951762405236" lon="77.2860466192525">
    <time>2026-08-15T17:15:23.287Z</time>
    <extensions>
        <provider>whs</provider>
    </extensions>
</trkpt>
<trkpt lat="42.424882962405235" lon="77.28621511925249">
    <time>2026-08-15T17:15:24.296Z</time>
    <extensions>
        <provider>whs</provider>
    </extensions>
</trkpt>
<trkpt lat="42.42480286240524" lon="77.28635891925249">
    <time>2026-08-15T17:15:25.305Z</time>
    <extensions>
        <provider>whs</provider>
    </extensions>
</trkpt>
<trkpt lat="42.42471596240524" lon="77.2864733192525">
    <time>2026-08-15T17:15:26.310Z</time>
    <extensions>
        <provider>whs</provider>
    </extensions>
</trkpt>
<trkpt lat="42.42461286240523" lon="77.2865951192525">
    <time>2026-08-15T17:15:27.320Z</time>
    <extensions>
        <provider>whs</provider>
    </extensions>
</trkpt>
<trkpt lat="42.42451846240523" lon="77.2867018192525">
    <time>2026-08-15T17:15:28.330Z</time>
    <extensions>
        <provider>whs</provider>
    </extensions>
</trkpt>
<trkpt lat="42.42441806240524" lon="77.2868301192525">
    <time>2026-08-15T17:15:29.339Z</time>
    <extensions>
        <provider>whs</provider>
    </extensions>
</trkpt>
<trkpt lat="42.424302262405234" lon="77.2869481192525">
    <time>2026-08-15T17:15:30.349Z</time>
    <extensions>
        <provider>whs</provider>
    </extensions>
</trkpt>
<trkpt lat="42.424192162405234" lon="77.2870852192525">
    <time>2026-08-15T17:15:31.359Z</time>
    <extensions>
        <provider>whs</provider>
    </extensions>
</trkpt>
<trkpt lat="42.424077362405235" lon="77.28720701925249">
    <time>2026-08-15T17:15:32.368Z</time>
    <extensions>
        <provider>whs</provider>
    </extensions>
</trkpt>
<trkpt lat="42.42396896240523" lon="77.2873347192525">
    <time>2026-08-15T17:15:33.379Z</time>
    <extensions>
        <provider>whs</provider>
    </extensions>
</trkpt>
<trkpt lat="42.42385766240523" lon="77.2874630192525">
    <time>2026-08-15T17:15:34.390Z</time>
    <extensions>
        <provider>whs</provider>
    </extensions>
</trkpt>
<trkpt lat="42.42375056240523" lon="77.2876013192525">
    <time>2026-08-15T17:15:35.400Z</time>
    <extensions>
        <provider>whs</provider>
    </extensions>
</trkpt>
<trkpt lat="42.423638362405235" lon="77.2877114192525">
    <time>2026-08-15T17:15:36.410Z</time>
    <extensions>
        <provider>whs</provider>
    </extensions>
</trkpt>
<trkpt lat="42.42351996240524" lon="77.2878202192525">
    <time>2026-08-15T17:15:37.418Z</time>
    <extensions>
        <provider>whs</provider>
    </extensions>
</trkpt>
<trkpt lat="42.42340986240524" lon="77.2879431192525">
    <time>2026-08-15T17:15:38.428Z</time>
    <extensions>
        <provider>whs</provider>
    </extensions>
</trkpt>
<trkpt lat="42.42330196240523" lon="77.2880483192525">
    <time>2026-08-15T17:15:39.437Z</time>
    <extensions>
        <provider>whs</provider>
    </extensions>
</trkpt>
<trkpt lat="42.42319906240523" lon="77.2881572192525">
    <time>2026-08-15T17:15:40.445Z</time>
    <extensions>
        <provider>whs</provider>
    </extensions>
</trkpt>
<trkpt lat="42.42308406240524" lon="77.28825521925249">
    <time>2026-08-15T17:15:41.451Z</time>
    <extensions>
        <provider>whs</provider>
    </extensions>
</trkpt>
<trkpt lat="42.42284506240524" lon="77.2883889192525">
    <time>2026-08-15T17:15:42.460Z</time>
    <extensions>
        <provider>whs</provider>
    </extensions>
</trkpt>
<trkpt lat="42.42270666240523" lon="77.2884325192525">
    <time>2026-08-15T17:15:43.470Z</time>
    <extensions>
        <provider>whs</provider>
    </extensions>
</trkpt>
<trkpt lat="42.422574862405234" lon="77.2884741192525">
    <time>2026-08-15T17:15:44.478Z</time>
    <extensions>
        <provider>whs</provider>
    </extensions>
</trkpt>
<trkpt lat="42.42247066240523" lon="77.2884835192525">
    <time>2026-08-15T17:15:45.489Z</time>
    <extensions>
        <provider>whs</provider>
    </extensions>
</trkpt>
<trkpt lat="42.422361462405235" lon="77.2885086192525">
    <time>2026-08-15T17:15:46.498Z</time>
    <extensions>
        <provider>whs</provider>
    </extensions>
</trkpt>
<trkpt lat="42.42225116240523" lon="77.2885363192525">
    <time>2026-08-15T17:15:47.508Z</time>
    <extensions>
        <provider>whs</provider>
    </extensions>
</trkpt>
<trkpt lat="42.42214826240524" lon="77.28857021925249">
    <time>2026-08-15T17:15:48.518Z</time>
    <extensions>
        <provider>whs</provider>
    </extensions>
</trkpt>
<trkpt lat="42.42204246240524" lon="77.2886105192525">
    <time>2026-08-15T17:15:49.527Z</time>
    <extensions>
        <provider>whs</provider>
    </extensions>
</trkpt>
<trkpt lat="42.421953562405236" lon="77.2886448192525">
    <time>2026-08-15T17:15:50.536Z</time>
    <extensions>
        <provider>whs</provider>
    </extensions>
</trkpt>
<trkpt lat="42.42187836240524" lon="77.2886589192525">
    <time>2026-08-15T17:15:51.545Z</time>
    <extensions>
        <provider>whs</provider>
    </extensions>
</trkpt>
<trkpt lat="42.42180716240524" lon="77.2886379192525">
    <time>2026-08-15T17:15:52.554Z</time>
    <extensions>
        <provider>whs</provider>
    </extensions>
</trkpt>
<trkpt lat="42.42174576240524" lon="77.2886263192525">
    <time>2026-08-15T17:15:53.565Z</time>
    <extensions>
        <provider>whs</provider>
    </extensions>
</trkpt>
<trkpt lat="42.42169666240523" lon="77.28854411925249">
    <time>2026-08-15T17:15:54.572Z</time>
    <extensions>
        <provider>whs</provider>
    </extensions>
</trkpt>
<trkpt lat="42.42165776240523" lon="77.2884446192525">
    <time>2026-08-15T17:15:55.581Z</time>
    <extensions>
        <provider>whs</provider>
    </extensions>
</trkpt>
<trkpt lat="42.42166626240523" lon="77.2882862192525">
    <time>2026-08-15T17:15:56.590Z</time>
    <extensions>
        <provider>whs</provider>
    </extensions>
</trkpt>
<trkpt lat="42.421667862405236" lon="77.2881510192525">
    <time>2026-08-15T17:15:57.598Z</time>
    <extensions>
        <provider>whs</provider>
    </extensions>
</trkpt>
<trkpt lat="42.42169836240524" lon="77.2880045192525">
    <time>2026-08-15T17:15:58.608Z</time>
    <extensions>
        <provider>whs</provider>
    </extensions>
</trkpt>
<trkpt lat="42.42174836240523" lon="77.2878393192525">
    <time>2026-08-15T17:15:59.617Z</time>
    <extensions>
        <provider>whs</provider>
    </extensions>
</trkpt>
<trkpt lat="42.421800862405235" lon="77.2876950192525">
    <time>2026-08-15T17:16:00.627Z</time>
    <extensions>
        <provider>whs</provider>
    </extensions>
</trkpt>
<trkpt lat="42.421887262405235" lon="77.2875495192525">
    <time>2026-08-15T17:16:01.636Z</time>
    <extensions>
        <provider>whs</provider>
    </extensions>
</trkpt>
<trkpt lat="42.421938362405236" lon="77.2874348192525">
    <time>2026-08-15T17:16:02.645Z</time>
    <extensions>
        <provider>whs</provider>
    </extensions>
</trkpt>
<trkpt lat="42.42196826240524" lon="77.2873161192525">
    <time>2026-08-15T17:16:03.654Z</time>
    <extensions>
        <provider>whs</provider>
    </extensions>
</trkpt>
<trkpt lat="42.421987062405236" lon="77.2872042192525">
    <time>2026-08-15T17:16:04.663Z</time>
    <extensions>
        <provider>whs</provider>
    </extensions>
</trkpt>
<trkpt lat="42.422008162405234" lon="77.2870991192525">
    <time>2026-08-15T17:16:05.671Z</time>
    <extensions>
        <provider>whs</provider>
    </extensions>
</trkpt>
<trkpt lat="42.42201646240523" lon="77.2869907192525">
    <time>2026-08-15T17:16:06.679Z</time>
    <extensions>
        <provider>whs</provider>
    </extensions>
</trkpt>
<trkpt lat="42.42201326240524" lon="77.28690591925249">
    <time>2026-08-15T17:16:07.688Z</time>
    <extensions>
        <provider>whs</provider>
    </extensions>
</trkpt>
<trkpt lat="42.42202066240524" lon="77.2867998192525">
    <time>2026-08-15T17:16:08.698Z</time>
    <extensions>
        <provider>whs</provider>
    </extensions>
</trkpt>
<trkpt lat="42.42202966240524" lon="77.28669311925249">
    <time>2026-08-15T17:16:09.707Z</time>
    <extensions>
        <provider>whs</provider>
    </extensions>
</trkpt>
<trkpt lat="42.422069062405235" lon="77.2865728192525">
    <time>2026-08-15T17:16:10.717Z</time>
    <extensions>
        <provider>whs</provider>
    </extensions>
</trkpt>
<trkpt lat="42.42209566240523" lon="77.28646041925249">
    <time>2026-08-15T17:16:11.724Z</time>
    <extensions>
        <provider>whs</provider>
    </extensions>
</trkpt>
<trkpt lat="42.422110462405236" lon="77.2863356192525">
    <time>2026-08-15T17:16:12.733Z</time>
    <extensions>
        <provider>whs</provider>
    </extensions>
</trkpt>
<trkpt lat="42.422119462405234" lon="77.2862072192525">
    <time>2026-08-15T17:16:13.743Z</time>
    <extensions>
        <provider>whs</provider>
    </extensions>
</trkpt>
<trkpt lat="42.42213336240523" lon="77.2860781192525">
    <time>2026-08-15T17:16:14.750Z</time>
    <extensions>
        <provider>whs</provider>
    </extensions>
</trkpt>
<trkpt lat="42.422140162405235" lon="77.28594841925249">
    <time>2026-08-15T17:16:15.759Z</time>
    <extensions>
        <provider>whs</provider>
    </extensions>
</trkpt>
<trkpt lat="42.422116962405234" lon="77.2858222192525">
    <time>2026-08-15T17:16:16.767Z</time>
    <extensions>
        <provider>whs</provider>
    </extensions>
</trkpt>
<trkpt lat="42.42209126240523" lon="77.2856968192525">
    <time>2026-08-15T17:16:17.771Z</time>
    <extensions>
        <provider>whs</provider>
    </extensions>
</trkpt>
<trkpt lat="42.42205236240523" lon="77.28555611925249">
    <time>2026-08-15T17:16:18.779Z</time>
    <extensions>
        <provider>whs</provider>
    </extensions>
</trkpt>
<trkpt lat="42.42201566240524" lon="77.28543521925249">
    <time>2026-08-15T17:16:19.789Z</time>
    <extensions>
        <provider>whs</provider>
    </extensions>
</trkpt>
<trkpt lat="42.42198966240523" lon="77.2852969192525">
    <time>2026-08-15T17:16:20.789Z</time>
    <extensions>
        <provider>whs</provider>
    </extensions>
</trkpt>
<trkpt lat="42.42195946240523" lon="77.2851548192525">
    <time>2026-08-15T17:16:21.795Z</time>
    <extensions>
        <provider>whs</provider>
    </extensions>
</trkpt>
<trkpt lat="42.42192216240524" lon="77.2850255192525">
    <time>2026-08-15T17:16:22.806Z</time>
    <extensions>
        <provider>whs</provider>
    </extensions>
</trkpt>
<trkpt lat="42.42187036240524" lon="77.2849245192525">
    <time>2026-08-15T17:16:23.817Z</time>
    <extensions>
        <provider>whs</provider>
    </extensions>
</trkpt>
<trkpt lat="42.42182536240524" lon="77.2848457192525">
    <time>2026-08-15T17:16:24.824Z</time>
    <extensions>
        <provider>whs</provider>
    </extensions>
</trkpt>
<trkpt lat="42.421768762405236" lon="77.2847892192525">
    <time>2026-08-15T17:16:25.831Z</time>
    <extensions>
        <provider>whs</provider>
    </extensions>
</trkpt>
<trkpt lat="42.42170696240523" lon="77.2847390192525">
    <time>2026-08-15T17:16:26.842Z</time>
    <extensions>
        <provider>whs</provider>
    </extensions>
</trkpt>
<trkpt lat="42.421637262405234" lon="77.28468381925249">
    <time>2026-08-15T17:16:27.850Z</time>
    <extensions>
        <provider>whs</provider>
    </extensions>
</trkpt>
<trkpt lat="42.421551062405236" lon="77.2846476192525">
    <time>2026-08-15T17:16:28.859Z</time>
    <extensions>
        <provider>whs</provider>
    </extensions>
</trkpt>
<trkpt lat="42.42147726240523" lon="77.28460771925249">
    <time>2026-08-15T17:16:29.869Z</time>
    <extensions>
        <provider>whs</provider>
    </extensions>
</trkpt>
<trkpt lat="42.421418362405234" lon="77.2845562192525">
    <time>2026-08-15T17:16:30.878Z</time>
    <extensions>
        <provider>whs</provider>
    </extensions>
</trkpt>
<trkpt lat="42.421371062405235" lon="77.2845131192525">
    <time>2026-08-15T17:16:31.886Z</time>
    <extensions>
        <provider>whs</provider>
    </extensions>
</trkpt>
<trkpt lat="42.42133806240523" lon="77.2844401192525">
    <time>2026-08-15T17:16:32.894Z</time>
    <extensions>
        <provider>whs</provider>
    </extensions>
</trkpt>
<trkpt lat="42.421320662405236" lon="77.2843338192525">
    <time>2026-08-15T17:16:33.901Z</time>
    <extensions>
        <provider>whs</provider>
    </extensions>
</trkpt>
<trkpt lat="42.42133346240524" lon="77.2842129192525">
    <time>2026-08-15T17:16:34.911Z</time>
    <extensions>
        <provider>whs</provider>
    </extensions>
</trkpt>
<trkpt lat="42.42136466240523" lon="77.28407391925249">
    <time>2026-08-15T17:16:35.921Z</time>
    <extensions>
        <provider>whs</provider>
    </extensions>
</trkpt>
<trkpt lat="42.421442762405235" lon="77.28393651925249">
    <time>2026-08-15T17:16:36.930Z</time>
    <extensions>
        <provider>whs</provider>
    </extensions>
</trkpt>
<trkpt lat="42.421512162405236" lon="77.28380801925249">
    <time>2026-08-15T17:16:37.937Z</time>
    <extensions>
        <provider>whs</provider>
    </extensions>
</trkpt>
<trkpt lat="42.421574662405234" lon="77.2836894192525">
    <time>2026-08-15T17:16:38.945Z</time>
    <extensions>
        <provider>whs</provider>
    </extensions>
</trkpt>
<trkpt lat="42.42164566240523" lon="77.28356261925249">
    <time>2026-08-15T17:16:39.954Z</time>
    <extensions>
        <provider>whs</provider>
    </extensions>
</trkpt>
<trkpt lat="42.42167406240524" lon="77.2834357192525">
    <time>2026-08-15T17:16:40.961Z</time>
    <extensions>
        <provider>whs</provider>
    </extensions>
</trkpt>
<trkpt lat="42.421691362405234" lon="77.2833023192525">
    <time>2026-08-15T17:16:41.969Z</time>
    <extensions>
        <provider>whs</provider>
    </extensions>
</trkpt>
<trkpt lat="42.42169546240523" lon="77.2831652192525">
    <time>2026-08-15T17:16:42.979Z</time>
    <extensions>
        <provider>whs</provider>
    </extensions>
</trkpt>
<trkpt lat="42.42164786240524" lon="77.28304991925249">
    <time>2026-08-15T17:16:43.988Z</time>
    <extensions>
        <provider>whs</provider>
    </extensions>
</trkpt>
<trkpt lat="42.42156546240523" lon="77.28293691925249">
    <time>2026-08-15T17:16:44.996Z</time>
    <extensions>
        <provider>whs</provider>
    </extensions>
</trkpt>
<trkpt lat="42.42148266240523" lon="77.2828063192525">
    <time>2026-08-15T17:16:46.005Z</time>
    <extensions>
        <provider>whs</provider>
    </extensions>
</trkpt>
<trkpt lat="42.42137746240523" lon="77.2826898192525">
    <time>2026-08-15T17:16:47.013Z</time>
    <extensions>
        <provider>whs</provider>
    </extensions>
</trkpt>
<trkpt lat="42.42130266240523" lon="77.28257451925249">
    <time>2026-08-15T17:16:48.023Z</time>
    <extensions>
        <provider>whs</provider>
    </extensions>
</trkpt>
<trkpt lat="42.421237362405236" lon="77.2824650192525">
    <time>2026-08-15T17:16:49.034Z</time>
    <extensions>
        <provider>whs</provider>
    </extensions>
</trkpt>
<trkpt lat="42.42117256240523" lon="77.28232341925249">
    <time>2026-08-15T17:16:50.045Z</time>
    <extensions>
        <provider>whs</provider>
    </extensions>
</trkpt>
<trkpt lat="42.42115236240524" lon="77.2821646192525">
    <time>2026-08-15T17:16:51.050Z</time>
    <extensions>
        <provider>whs</provider>
    </extensions>
</trkpt>
<trkpt lat="42.42113116240523" lon="77.2820221192525">
    <time>2026-08-15T17:16:52.050Z</time>
    <extensions>
        <provider>whs</provider>
    </extensions>
</trkpt>
<trkpt lat="42.421113862405235" lon="77.2818646192525">
    <time>2026-08-15T17:16:53.051Z</time>
    <extensions>
        <provider>whs</provider>
    </extensions>
</trkpt>
<trkpt lat="42.421106562405235" lon="77.28171041925249">
    <time>2026-08-15T17:16:54.052Z</time>
    <extensions>
        <provider>whs</provider>
    </extensions>
</trkpt>
<trkpt lat="42.42111176240523" lon="77.2815645192525">
    <time>2026-08-15T17:16:55.052Z</time>
    <extensions>
        <provider>whs</provider>
    </extensions>
</trkpt>
<trkpt lat="42.421124662405234" lon="77.2814336192525">
    <time>2026-08-15T17:16:56.056Z</time>
    <extensions>
        <provider>whs</provider>
    </extensions>
</trkpt>
<trkpt lat="42.42113586240524" lon="77.2813051192525">
    <time>2026-08-15T17:16:57.066Z</time>
    <extensions>
        <provider>whs</provider>
    </extensions>
</trkpt>
<trkpt lat="42.421154062405236" lon="77.2811780192525">
    <time>2026-08-15T17:16:58.075Z</time>
    <extensions>
        <provider>whs</provider>
    </extensions>
</trkpt>
<trkpt lat="42.42120176240523" lon="77.2810554192525">
    <time>2026-08-15T17:16:59.084Z</time>
    <extensions>
        <provider>whs</provider>
    </extensions>
</trkpt>
<trkpt lat="42.42124716240524" lon="77.2809381192525">
    <time>2026-08-15T17:17:00.091Z</time>
    <extensions>
        <provider>whs</provider>
    </extensions>
</trkpt>
<trkpt lat="42.42126986240523" lon="77.2808588192525">
    <time>2026-08-15T17:17:01.101Z</time>
    <extensions>
        <provider>whs</provider>
    </extensions>
</trkpt>
<trkpt lat="42.42128996240523" lon="77.2807927192525">
    <time>2026-08-15T17:17:02.110Z</time>
    <extensions>
        <provider>whs</provider>
    </extensions>
</trkpt>
<trkpt lat="42.421286562405236" lon="77.2807179192525">
    <time>2026-08-15T17:17:03.117Z</time>
    <extensions>
        <provider>whs</provider>
    </extensions>
</trkpt>
<trkpt lat="42.421264662405235" lon="77.2806506192525">
    <time>2026-08-15T17:17:04.126Z</time>
    <extensions>
        <provider>whs</provider>
    </extensions>
</trkpt>
<trkpt lat="42.42125576240524" lon="77.28059181925249">
    <time>2026-08-15T17:17:05.132Z</time>
    <extensions>
        <provider>whs</provider>
    </extensions>
</trkpt>
<trkpt lat="42.421250562405234" lon="77.28055761925249">
    <time>2026-08-15T17:17:06.141Z</time>
    <extensions>
        <provider>whs</provider>
    </extensions>
</trkpt>
<trkpt lat="42.42125536240523" lon="77.2805293192525">
    <time>2026-08-15T17:17:07.148Z</time>
    <extensions>
        <provider>whs</provider>
    </extensions>
</trkpt>
<trkpt lat="42.42126426240524" lon="77.2804966192525">
    <time>2026-08-15T17:17:09.167Z</time>
    <extensions>
        <provider>whs</provider>
    </extensions>
</trkpt>
<trkpt lat="42.42128546240524" lon="77.2804749192525">
    <time>2026-08-15T17:17:10.176Z</time>
    <extensions>
        <provider>whs</provider>
    </extensions>
</trkpt>
<trkpt lat="42.421321162405235" lon="77.2804442192525">
    <time>2026-08-15T17:17:11.184Z</time>
    <extensions>
        <provider>whs</provider>
    </extensions>
</trkpt>
<trkpt lat="42.42136656240523" lon="77.28042741925249">
    <time>2026-08-15T17:17:12.191Z</time>
    <extensions>
        <provider>whs</provider>
    </extensions>
</trkpt>
<trkpt lat="42.42140916240523" lon="77.2803768192525">
    <time>2026-08-15T17:17:13.199Z</time>
    <extensions>
        <provider>whs</provider>
    </extensions>
</trkpt>
<trkpt lat="42.42145846240523" lon="77.2803054192525">
    <time>2026-08-15T17:17:14.208Z</time>
    <extensions>
        <provider>whs</provider>
    </extensions>
</trkpt>
<trkpt lat="42.421507262405235" lon="77.28024571925249">
    <time>2026-08-15T17:17:15.218Z</time>
    <extensions>
        <provider>whs</provider>
    </extensions>
</trkpt>
<trkpt lat="42.42156906240523" lon="77.2801647192525">
    <time>2026-08-15T17:17:16.227Z</time>
    <extensions>
        <provider>whs</provider>
    </extensions>
</trkpt>
<trkpt lat="42.421636662405234" lon="77.2800835192525">
    <time>2026-08-15T17:17:17.236Z</time>
    <extensions>
        <provider>whs</provider>
    </extensions>
</trkpt>
<trkpt lat="42.42171856240523" lon="77.2799957192525">
    <time>2026-08-15T17:17:18.248Z</time>
    <extensions>
        <provider>whs</provider>
    </extensions>
</trkpt>
<trkpt lat="42.421783162405234" lon="77.2799040192525">
    <time>2026-08-15T17:17:19.249Z</time>
    <extensions>
        <provider>whs</provider>
    </extensions>
</trkpt>
<trkpt lat="42.42184676240524" lon="77.2797876192525">
    <time>2026-08-15T17:17:20.249Z</time>
    <extensions>
        <provider>whs</provider>
    </extensions>
</trkpt>
<trkpt lat="42.42189986240523" lon="77.2796636192525">
    <time>2026-08-15T17:17:21.249Z</time>
    <extensions>
        <provider>whs</provider>
    </extensions>
</trkpt>
<trkpt lat="42.42196486240523" lon="77.2795219192525">
    <time>2026-08-15T17:17:22.250Z</time>
    <extensions>
        <provider>whs</provider>
    </extensions>
</trkpt>
<trkpt lat="42.42200916240523" lon="77.27937511925249">
    <time>2026-08-15T17:17:23.252Z</time>
    <extensions>
        <provider>whs</provider>
    </extensions>
</trkpt>
<trkpt lat="42.42206646240523" lon="77.2792431192525">
    <time>2026-08-15T17:17:24.252Z</time>
    <extensions>
        <provider>whs</provider>
    </extensions>
</trkpt>
<trkpt lat="42.422121362405235" lon="77.2791055192525">
    <time>2026-08-15T17:17:25.254Z</time>
    <extensions>
        <provider>whs</provider>
    </extensions>
</trkpt>
<trkpt lat="42.422163362405236" lon="77.2789415192525">
    <time>2026-08-15T17:17:26.254Z</time>
    <extensions>
        <provider>whs</provider>
    </extensions>
</trkpt>
<trkpt lat="42.42221936240524" lon="77.27879851925249">
    <time>2026-08-15T17:17:27.255Z</time>
    <extensions>
        <provider>whs</provider>
    </extensions>
</trkpt>
<trkpt lat="42.422273262405234" lon="77.2786538192525">
    <time>2026-08-15T17:17:28.256Z</time>
    <extensions>
        <provider>whs</provider>
    </extensions>
</trkpt>
<trkpt lat="42.422349362405235" lon="77.27851171925249">
    <time>2026-08-15T17:17:29.257Z</time>
    <extensions>
        <provider>whs</provider>
    </extensions>
</trkpt>
<trkpt lat="42.42241586240524" lon="77.2783841192525">
    <time>2026-08-15T17:17:30.259Z</time>
    <extensions>
        <provider>whs</provider>
    </extensions>
</trkpt>
<trkpt lat="42.42249016240523" lon="77.2782528192525">
    <time>2026-08-15T17:17:31.259Z</time>
    <extensions>
        <provider>whs</provider>
    </extensions>
</trkpt>
<trkpt lat="42.422546962405235" lon="77.2781313192525">
    <time>2026-08-15T17:17:32.260Z</time>
    <extensions>
        <provider>whs</provider>
    </extensions>
</trkpt>
<trkpt lat="42.42260026240523" lon="77.2780137192525">
    <time>2026-08-15T17:17:33.261Z</time>
    <extensions>
        <provider>whs</provider>
    </extensions>
</trkpt>
<trkpt lat="42.42265556240523" lon="77.2778785192525">
    <time>2026-08-15T17:17:34.266Z</time>
    <extensions>
        <provider>whs</provider>
    </extensions>
</trkpt>
<trkpt lat="42.422713062405236" lon="77.2777485192525">
    <time>2026-08-15T17:17:35.276Z</time>
    <extensions>
        <provider>whs</provider>
    </extensions>
</trkpt>
<trkpt lat="42.42276246240523" lon="77.2776305192525">
    <time>2026-08-15T17:17:36.285Z</time>
    <extensions>
        <provider>whs</provider>
    </extensions>
</trkpt>
<trkpt lat="42.422819962405235" lon="77.2775195192525">
    <time>2026-08-15T17:17:37.292Z</time>
    <extensions>
        <provider>whs</provider>
    </extensions>
</trkpt>
<trkpt lat="42.422858862405235" lon="77.2774356192525">
    <time>2026-08-15T17:17:38.301Z</time>
    <extensions>
        <provider>whs</provider>
    </extensions>
</trkpt>
<trkpt lat="42.42288716240523" lon="77.2773452192525">
    <time>2026-08-15T17:17:39.309Z</time>
    <extensions>
        <provider>whs</provider>
    </extensions>
</trkpt>
<trkpt lat="42.42290846240523" lon="77.2772784192525">
    <time>2026-08-15T17:17:40.319Z</time>
    <extensions>
        <provider>whs</provider>
    </extensions>
</trkpt>
<trkpt lat="42.42295096240523" lon="77.27722201925249">
    <time>2026-08-15T17:17:41.328Z</time>
    <extensions>
        <provider>whs</provider>
    </extensions>
</trkpt>
<trkpt lat="42.422984662405234" lon="77.2771646192525">
    <time>2026-08-15T17:17:42.337Z</time>
    <extensions>
        <provider>whs</provider>
    </extensions>
</trkpt>
<trkpt lat="42.423020662405236" lon="77.2771187192525">
    <time>2026-08-15T17:17:43.348Z</time>
    <extensions>
        <provider>whs</provider>
    </extensions>
</trkpt>
<trkpt lat="42.423062562405235" lon="77.27708031925249">
    <time>2026-08-15T17:17:44.357Z</time>
    <extensions>
        <provider>whs</provider>
    </extensions>
</trkpt>
<trkpt lat="42.42311316240524" lon="77.27706401925249">
    <time>2026-08-15T17:17:45.369Z</time>
    <extensions>
        <provider>whs</provider>
    </extensions>
</trkpt>
<trkpt lat="42.423177362405234" lon="77.2770780192525">
    <time>2026-08-15T17:17:46.378Z</time>
    <extensions>
        <provider>whs</provider>
    </extensions>
</trkpt>
<trkpt lat="42.42322996240524" lon="77.2770811192525">
    <time>2026-08-15T17:17:47.386Z</time>
    <extensions>
        <provider>whs</provider>
    </extensions>
</trkpt>
<trkpt lat="42.423274162405235" lon="77.2770651192525">
    <time>2026-08-15T17:17:48.395Z</time>
    <extensions>
        <provider>whs</provider>
    </extensions>
</trkpt>
<trkpt lat="42.423329362405234" lon="77.2770502192525">
    <time>2026-08-15T17:17:49.403Z</time>
    <extensions>
        <provider>whs</provider>
    </extensions>
</trkpt>
<trkpt lat="42.42339286240524" lon="77.27701661925249">
    <time>2026-08-15T17:17:50.412Z</time>
    <extensions>
        <provider>whs</provider>
    </extensions>
</trkpt>
<trkpt lat="42.423463262405235" lon="77.2769895192525">
    <time>2026-08-15T17:17:51.420Z</time>
    <extensions>
        <provider>whs</provider>
    </extensions>
</trkpt>
<trkpt lat="42.423541162405236" lon="77.2769523192525">
    <time>2026-08-15T17:17:52.429Z</time>
    <extensions>
        <provider>whs</provider>
    </extensions>
</trkpt>
<trkpt lat="42.42361126240523" lon="77.2769114192525">
    <time>2026-08-15T17:17:53.439Z</time>
    <extensions>
        <provider>whs</provider>
    </extensions>
</trkpt>
<trkpt lat="42.42366376240523" lon="77.2768594192525">
    <time>2026-08-15T17:17:54.448Z</time>
    <extensions>
        <provider>whs</provider>
    </extensions>
</trkpt>
<trkpt lat="42.42375126240523" lon="77.27674351925249">
    <time>2026-08-15T17:17:55.458Z</time>
    <extensions>
        <provider>whs</provider>
    </extensions>
</trkpt>
<trkpt lat="42.42378286240523" lon="77.2766690192525">
    <time>2026-08-15T17:17:56.467Z</time>
    <extensions>
        <provider>whs</provider>
    </extensions>
</trkpt>
<trkpt lat="42.42381756240523" lon="77.2765912192525">
    <time>2026-08-15T17:17:57.476Z</time>
    <extensions>
        <provider>whs</provider>
    </extensions>
</trkpt>
<trkpt lat="42.42385636240523" lon="77.2765066192525">
    <time>2026-08-15T17:17:58.485Z</time>
    <extensions>
        <provider>whs</provider>
    </extensions>
</trkpt>
<trkpt lat="42.42389396240524" lon="77.27641201925249">
    <time>2026-08-15T17:17:59.492Z</time>
    <extensions>
        <provider>whs</provider>
    </extensions>
</trkpt>
<trkpt lat="42.42393416240523" lon="77.27632441925249">
    <time>2026-08-15T17:18:00.500Z</time>
    <extensions>
        <provider>whs</provider>
    </extensions>
</trkpt>
<trkpt lat="42.42398146240524" lon="77.2762239192525">
    <time>2026-08-15T17:18:01.509Z</time>
    <extensions>
        <provider>whs</provider>
    </extensions>
</trkpt>
<trkpt lat="42.424026362405236" lon="77.27612951925249">
    <time>2026-08-15T17:18:02.519Z</time>
    <extensions>
        <provider>whs</provider>
    </extensions>
</trkpt>
<trkpt lat="42.424078462405234" lon="77.27603881925249">
    <time>2026-08-15T17:18:03.528Z</time>
    <extensions>
        <provider>whs</provider>
    </extensions>
</trkpt>
<trkpt lat="42.42412626240523" lon="77.2759636192525">
    <time>2026-08-15T17:18:04.539Z</time>
    <extensions>
        <provider>whs</provider>
    </extensions>
</trkpt>
<trkpt lat="42.42417446240523" lon="77.2759011192525">
    <time>2026-08-15T17:18:05.547Z</time>
    <extensions>
        <provider>whs</provider>
    </extensions>
</trkpt>
<trkpt lat="42.42422546240523" lon="77.2758736192525">
    <time>2026-08-15T17:18:06.558Z</time>
    <extensions>
        <provider>whs</provider>
    </extensions>
</trkpt>
<trkpt lat="42.424278062405236" lon="77.2758859192525">
    <time>2026-08-15T17:18:07.566Z</time>
    <extensions>
        <provider>whs</provider>
    </extensions>
</trkpt>
<trkpt lat="42.424335862405236" lon="77.2758805192525">
    <time>2026-08-15T17:18:08.575Z</time>
    <extensions>
        <provider>whs</provider>
    </extensions>
</trkpt>
<trkpt lat="42.424378262405234" lon="77.2758713192525">
    <time>2026-08-15T17:18:09.584Z</time>
    <extensions>
        <provider>whs</provider>
    </extensions>
</trkpt>
<trkpt lat="42.424409962405235" lon="77.2758554192525">
    <time>2026-08-15T17:18:10.591Z</time>
    <extensions>
        <provider>whs</provider>
    </extensions>
</trkpt>
<trkpt lat="42.42446616240523" lon="77.2758396192525">
    <time>2026-08-15T17:18:11.600Z</time>
    <extensions>
        <provider>whs</provider>
    </extensions>
</trkpt>
<trkpt lat="42.424513262405235" lon="77.27582051925249">
    <time>2026-08-15T17:18:12.609Z</time>
    <extensions>
        <provider>whs</provider>
    </extensions>
</trkpt>
<trkpt lat="42.424549862405236" lon="77.27580901925249">
    <time>2026-08-15T17:18:13.618Z</time>
    <extensions>
        <provider>whs</provider>
    </extensions>
</trkpt>
<trkpt lat="42.42457206240523" lon="77.2757943192525">
    <time>2026-08-15T17:18:14.627Z</time>
    <extensions>
        <provider>whs</provider>
    </extensions>
</trkpt>
<trkpt lat="42.42460176240523" lon="77.2757819192525">
    <time>2026-08-15T17:18:15.637Z</time>
    <extensions>
        <provider>whs</provider>
    </extensions>
</trkpt>
<trkpt lat="42.42462726240524" lon="77.2757749192525">
    <time>2026-08-15T17:18:16.647Z</time>
    <extensions>
        <provider>whs</provider>
    </extensions>
</trkpt>
<trkpt lat="42.424645162405234" lon="77.2757660192525">
    <time>2026-08-15T17:18:17.656Z</time>
    <extensions>
        <provider>whs</provider>
    </extensions>
</trkpt>
<trkpt lat="42.424659762405234" lon="77.2757467192525">
    <time>2026-08-15T17:18:19.677Z</time>
    <extensions>
        <provider>whs</provider>
    </extensions>
</trkpt>
<trkpt lat="42.424667662405234" lon="77.27572141925249">
    <time>2026-08-15T17:18:21.696Z</time>
    <extensions>
        <provider>whs</provider>
    </extensions>
</trkpt>
<trkpt lat="42.424642162405235" lon="77.2757232192525">
    <time>2026-08-15T17:18:25.731Z</time>
    <extensions>
        <provider>whs</provider>
    </extensions>
</trkpt>
<trkpt lat="42.42463686240524" lon="77.2757497192525">
    <time>2026-08-15T17:18:34.808Z</time>
    <extensions>
        <provider>whs</provider>
    </extensions>
</trkpt>
<trkpt lat="42.424656862405236" lon="77.2757598192525">
    <time>2026-08-15T17:18:37.834Z</time>
    <extensions>
        <provider>whs</provider>
    </extensions>
</trkpt>
<trkpt lat="42.424667162405235" lon="77.2757820192525">
    <time>2026-08-15T17:18:39.850Z</time>
    <extensions>
        <provider>whs</provider>
    </extensions>
</trkpt>
<trkpt lat="42.42467476240523" lon="77.2758218192525">
    <time>2026-08-15T17:18:43.887Z</time>
    <extensions>
        <provider>whs</provider>
    </extensions>
</trkpt>
<trkpt lat="42.42468136240524" lon="77.2758468192525">
    <time>2026-08-15T17:18:45.905Z</time>
    <extensions>
        <provider>whs</provider>
    </extensions>
</trkpt>
<trkpt lat="42.42465956240523" lon="77.2758306192525">
    <time>2026-08-15T17:18:53.980Z</time>
    <extensions>
        <provider>whs</provider>
    </extensions>
</trkpt>
<trkpt lat="42.42465906240523" lon="77.2757946192525">
    <time>2026-08-15T17:18:58.014Z</time>
    <extensions>
        <provider>whs</provider>
    </extensions>
</trkpt>
<trkpt lat="42.424665362405236" lon="77.2758263192525">
    <time>2026-08-15T17:19:03.063Z</time>
    <extensions>
        <provider>whs</provider>
    </extensions>
</trkpt>
<trkpt lat="42.424646362405234" lon="77.27583131925249">
    <time>2026-08-15T17:19:06.091Z</time>
    <extensions>
        <provider>whs</provider>
    </extensions>
</trkpt>
<trkpt lat="42.424646562405236" lon="77.27585931925249">
    <time>2026-08-15T17:19:09.121Z</time>
    <extensions>
        <provider>whs</provider>
    </extensions>
</trkpt>
<trkpt lat="42.424662962405236" lon="77.2758460192525">
    <time>2026-08-15T17:19:15.172Z</time>
    <extensions>
        <provider>whs</provider>
    </extensions>
</trkpt>
<trkpt lat="42.42466426240524" lon="77.2758196192525">
    <time>2026-08-15T17:19:16.181Z</time>
    <extensions>
        <provider>whs</provider>
    </extensions>
</trkpt>
<trkpt lat="42.424644562405234" lon="77.2758282192525">
    <time>2026-08-15T17:19:17.191Z</time>
    <extensions>
        <provider>whs</provider>
    </extensions>
</trkpt>
<trkpt lat="42.424649562405236" lon="77.2757939192525">
    <time>2026-08-15T17:19:49.472Z</time>
    <extensions>
        <provider>whs</provider>
    </extensions>
</trkpt>
<trkpt lat="42.42462896240524" lon="77.2757981192525">
    <time>2026-08-15T17:19:50.481Z</time>
    <extensions>
        <provider>whs</provider>
    </extensions>
</trkpt>
<trkpt lat="42.424608662405234" lon="77.2758104192525">
    <time>2026-08-15T17:19:51.490Z</time>
    <extensions>
        <provider>whs</provider>
    </extensions>
</trkpt>
<trkpt lat="42.424581462405236" lon="77.2758330192525">
    <time>2026-08-15T17:19:52.498Z</time>
    <extensions>
        <provider>whs</provider>
    </extensions>
</trkpt>
<trkpt lat="42.424550362405235" lon="77.2758484192525">
    <time>2026-08-15T17:19:53.507Z</time>
    <extensions>
        <provider>whs</provider>
    </extensions>
</trkpt>
<trkpt lat="42.424519462405236" lon="77.27586621925249">
    <time>2026-08-15T17:19:54.514Z</time>
    <extensions>
        <provider>whs</provider>
    </extensions>
</trkpt>
<trkpt lat="42.424481762405236" lon="77.2758865192525">
    <time>2026-08-15T17:19:55.522Z</time>
    <extensions>
        <provider>whs</provider>
    </extensions>
</trkpt>
<trkpt lat="42.424448262405235" lon="77.2759113192525">
    <time>2026-08-15T17:19:56.531Z</time>
    <extensions>
        <provider>whs</provider>
    </extensions>
</trkpt>
<trkpt lat="42.42441886240523" lon="77.2759274192525">
    <time>2026-08-15T17:19:57.540Z</time>
    <extensions>
        <provider>whs</provider>
    </extensions>
</trkpt>
<trkpt lat="42.42439136240523" lon="77.27595721925249">
    <time>2026-08-15T17:19:58.549Z</time>
    <extensions>
        <provider>whs</provider>
    </extensions>
</trkpt>
<trkpt lat="42.424365662405236" lon="77.2759805192525">
    <time>2026-08-15T17:19:59.559Z</time>
    <extensions>
        <provider>whs</provider>
    </extensions>
</trkpt>
<trkpt lat="42.42434466240523" lon="77.27599501925249">
    <time>2026-08-15T17:20:00.569Z</time>
    <extensions>
        <provider>whs</provider>
    </extensions>
</trkpt>
<trkpt lat="42.42432996240523" lon="77.27597081925249">
    <time>2026-08-15T17:20:03.599Z</time>
    <extensions>
        <provider>whs</provider>
    </extensions>
</trkpt>
<trkpt lat="42.42432206240523" lon="77.2759480192525">
    <time>2026-08-15T17:20:10.656Z</time>
    <extensions>
        <provider>whs</provider>
    </extensions>
</trkpt>
<trkpt lat="42.42429956240523" lon="77.27594691925249">
    <time>2026-08-15T17:20:12.674Z</time>
    <extensions>
        <provider>whs</provider>
    </extensions>
</trkpt>
<trkpt lat="42.42428006240524" lon="77.2759436192525">
    <time>2026-08-15T17:20:17.721Z</time>
    <extensions>
        <provider>whs</provider>
    </extensions>
</trkpt>
<trkpt lat="42.424259162405235" lon="77.2759102192525">
    <time>2026-08-15T17:20:19.741Z</time>
    <extensions>
        <provider>whs</provider>
    </extensions>
</trkpt>
<trkpt lat="42.42423886240523" lon="77.2759011192525">
    <time>2026-08-15T17:20:21.761Z</time>
    <extensions>
        <provider>whs</provider>
    </extensions>
</trkpt>
<trkpt lat="42.424232462405236" lon="77.2759274192525">
    <time>2026-08-15T17:20:25.798Z</time>
    <extensions>
        <provider>whs</provider>
    </extensions>
</trkpt>
<trkpt lat="42.42425946240523" lon="77.27594211925249">
    <time>2026-08-15T17:20:29.833Z</time>
    <extensions>
        <provider>whs</provider>
    </extensions>
</trkpt>
<trkpt lat="42.42428386240523" lon="77.27596961925249">
    <time>2026-08-15T17:20:31.850Z</time>
    <extensions>
        <provider>whs</provider>
    </extensions>
</trkpt>
<trkpt lat="42.42431066240523" lon="77.2759690192525">
    <time>2026-08-15T17:20:33.868Z</time>
    <extensions>
        <provider>whs</provider>
    </extensions>
</trkpt>
<trkpt lat="42.42433246240523" lon="77.2759791192525">
    <time>2026-08-15T17:20:34.875Z</time>
    <extensions>
        <provider>whs</provider>
    </extensions>
</trkpt>
<trkpt lat="42.42435076240523" lon="77.2759856192525">
    <time>2026-08-15T17:20:35.880Z</time>
    <extensions>
        <provider>whs</provider>
    </extensions>
</trkpt>
<trkpt lat="42.42433106240524" lon="77.2759867192525">
    <time>2026-08-15T17:20:38.908Z</time>
    <extensions>
        <provider>whs</provider>
    </extensions>
</trkpt>
<trkpt lat="42.424316962405236" lon="77.2759699192525">
    <time>2026-08-15T17:20:39.917Z</time>
    <extensions>
        <provider>whs</provider>
    </extensions>
</trkpt>
<trkpt lat="42.42431006240523" lon="77.27594521925249">
    <time>2026-08-15T17:20:40.926Z</time>
    <extensions>
        <provider>whs</provider>
    </extensions>
</trkpt>
<trkpt lat="42.424281762405236" lon="77.2759365192525">
    <time>2026-08-15T17:20:41.935Z</time>
    <extensions>
        <provider>whs</provider>
    </extensions>
</trkpt>
<trkpt lat="42.42426416240524" lon="77.27590981925249">
    <time>2026-08-15T17:20:42.942Z</time>
    <extensions>
        <provider>whs</provider>
    </extensions>
</trkpt>
<trkpt lat="42.42425336240523" lon="77.2758895192525">
    <time>2026-08-15T17:20:44.951Z</time>
    <extensions>
        <provider>whs</provider>
    </extensions>
</trkpt>
<trkpt lat="42.42424306240523" lon="77.2758586192525">
    <time>2026-08-15T17:20:47.973Z</time>
    <extensions>
        <provider>whs</provider>
    </extensions>
</trkpt>
<trkpt lat="42.42421806240524" lon="77.27584611925249">
    <time>2026-08-15T17:20:49.992Z</time>
    <extensions>
        <provider>whs</provider>
    </extensions>
</trkpt>
<trkpt lat="42.424207462405235" lon="77.2758159192525">
    <time>2026-08-15T17:20:52.011Z</time>
    <extensions>
        <provider>whs</provider>
    </extensions>
</trkpt>
<trkpt lat="42.424192362405236" lon="77.27579251925249">
    <time>2026-08-15T17:20:53.021Z</time>
    <extensions>
        <provider>whs</provider>
    </extensions>
</trkpt>
<trkpt lat="42.424177562405234" lon="77.2758194192525">
    <time>2026-08-15T17:20:56.050Z</time>
    <extensions>
        <provider>whs</provider>
    </extensions>
</trkpt>
<trkpt lat="42.424186762405235" lon="77.2758568192525">
    <time>2026-08-15T17:20:58.066Z</time>
    <extensions>
        <provider>whs</provider>
    </extensions>
</trkpt>
<trkpt lat="42.42419396240523" lon="77.2758811192525">
    <time>2026-08-15T17:20:59.075Z</time>
    <extensions>
        <provider>whs</provider>
    </extensions>
</trkpt>
<trkpt lat="42.424208562405234" lon="77.2759016192525">
    <time>2026-08-15T17:21:00.082Z</time>
    <extensions>
        <provider>whs</provider>
    </extensions>
</trkpt>
<trkpt lat="42.42423456240523" lon="77.27590071925249">
    <time>2026-08-15T17:21:02.090Z</time>
    <extensions>
        <provider>whs</provider>
    </extensions>
</trkpt>
<trkpt lat="42.42425996240524" lon="77.2759101192525">
    <time>2026-08-15T17:21:04.107Z</time>
    <extensions>
        <provider>whs</provider>
    </extensions>
</trkpt>
<trkpt lat="42.424249462405236" lon="77.2758840192525">
    <time>2026-08-15T17:21:18.200Z</time>
    <extensions>
        <provider>whs</provider>
    </extensions>
</trkpt>
<trkpt lat="42.424239062405235" lon="77.27590571925249">
    <time>2026-08-15T17:21:24.232Z</time>
    <extensions>
        <provider>whs</provider>
    </extensions>
</trkpt>
<trkpt lat="42.42424416240524" lon="77.2759427192525">
    <time>2026-08-15T17:21:26.233Z</time>
    <extensions>
        <provider>whs</provider>
    </extensions>
</trkpt>
<trkpt lat="42.424225762405236" lon="77.2759288192525">
    <time>2026-08-15T17:21:28.233Z</time>
    <extensions>
        <provider>whs</provider>
    </extensions>
</trkpt>
<trkpt lat="42.424232462405236" lon="77.2758972192525">
    <time>2026-08-15T17:21:32.234Z</time>
    <extensions>
        <provider>whs</provider>
    </extensions>
</trkpt>
<trkpt lat="42.42421306240524" lon="77.2758735192525">
    <time>2026-08-15T17:21:34.235Z</time>
    <extensions>
        <provider>whs</provider>
    </extensions>
</trkpt>
<trkpt lat="42.42423446240524" lon="77.2758730192525">
    <time>2026-08-15T17:21:38.268Z</time>
    <extensions>
        <provider>whs</provider>
    </extensions>
</trkpt>
<trkpt lat="42.42420846240523" lon="77.2758877192525">
    <time>2026-08-15T17:21:43.311Z</time>
    <extensions>
        <provider>whs</provider>
    </extensions>
</trkpt>
<trkpt lat="42.424184262405234" lon="77.27589451925249">
    <time>2026-08-15T17:21:45.331Z</time>
    <extensions>
        <provider>whs</provider>
    </extensions>
</trkpt>
<trkpt lat="42.424167962405235" lon="77.2759101192525">
    <time>2026-08-15T17:21:46.340Z</time>
    <extensions>
        <provider>whs</provider>
    </extensions>
</trkpt>
<trkpt lat="42.42415976240523" lon="77.27587391925249">
    <time>2026-08-15T17:21:50.376Z</time>
    <extensions>
        <provider>whs</provider>
    </extensions>
</trkpt>
<trkpt lat="42.424149162405236" lon="77.27585281925249">
    <time>2026-08-15T17:21:51.387Z</time>
    <extensions>
        <provider>whs</provider>
    </extensions>
</trkpt>
<trkpt lat="42.42414766240523" lon="77.2758235192525">
    <time>2026-08-15T17:21:54.416Z</time>
    <extensions>
        <provider>whs</provider>
    </extensions>
</trkpt>
<trkpt lat="42.42415306240523" lon="77.2757938192525">
    <time>2026-08-15T17:21:56.433Z</time>
    <extensions>
        <provider>whs</provider>
    </extensions>
</trkpt>
<trkpt lat="42.424160562405234" lon="77.27576811925249">
    <time>2026-08-15T17:21:57.441Z</time>
    <extensions>
        <provider>whs</provider>
    </extensions>
</trkpt>
<trkpt lat="42.42412996240523" lon="77.2757888192525">
    <time>2026-08-15T17:22:00.468Z</time>
    <extensions>
        <provider>whs</provider>
    </extensions>
</trkpt>
<trkpt lat="42.42419386240523" lon="77.2758070192525">
    <time>2026-08-15T17:22:05.517Z</time>
    <extensions>
        <provider>whs</provider>
    </extensions>
</trkpt>
<trkpt lat="42.42421686240523" lon="77.27583371925249">
    <time>2026-08-15T17:22:08.543Z</time>
    <extensions>
        <provider>whs</provider>
    </extensions>
</trkpt>
<trkpt lat="42.424240862405235" lon="77.27584801925249">
    <time>2026-08-15T17:22:09.553Z</time>
    <extensions>
        <provider>whs</provider>
    </extensions>
</trkpt>
<trkpt lat="42.42425866240524" lon="77.27587961925249">
    <time>2026-08-15T17:22:12.580Z</time>
    <extensions>
        <provider>whs</provider>
    </extensions>
</trkpt>
<trkpt lat="42.42424536240524" lon="77.2758994192525">
    <time>2026-08-15T17:22:33.805Z</time>
    <extensions>
        <provider>whs</provider>
    </extensions>
</trkpt>
<trkpt lat="42.424263362405235" lon="77.27588611925249">
    <time>2026-08-15T17:22:45.875Z</time>
    <extensions>
        <provider>whs</provider>
    </extensions>
</trkpt>
<trkpt lat="42.42424076240523" lon="77.2758826192525">
    <time>2026-08-15T17:22:50.883Z</time>
    <extensions>
        <provider>whs</provider>
    </extensions>
</trkpt>
<trkpt lat="42.42422976240523" lon="77.2759094192525">
    <time>2026-08-15T17:22:51.883Z</time>
    <extensions>
        <provider>whs</provider>
    </extensions>
</trkpt>
<trkpt lat="42.424240262405235" lon="77.2759331192525">
    <time>2026-08-15T17:22:55.908Z</time>
    <extensions>
        <provider>whs</provider>
    </extensions>
</trkpt>
<trkpt lat="42.42425876240524" lon="77.2759116192525">
    <time>2026-08-15T17:22:58.933Z</time>
    <extensions>
        <provider>whs</provider>
    </extensions>
</trkpt>
<trkpt lat="42.42426326240523" lon="77.27588731925249">
    <time>2026-08-15T17:23:04.992Z</time>
    <extensions>
        <provider>whs</provider>
    </extensions>
</trkpt>
<trkpt lat="42.424270762405236" lon="77.2758640192525">
    <time>2026-08-15T17:23:07.013Z</time>
    <extensions>
        <provider>whs</provider>
    </extensions>
</trkpt>
<trkpt lat="42.424279162405234" lon="77.2759120192525">
    <time>2026-08-15T17:23:10.041Z</time>
    <extensions>
        <provider>whs</provider>
    </extensions>
</trkpt>
<trkpt lat="42.424246362405235" lon="77.2759052192525">
    <time>2026-08-15T17:23:18.109Z</time>
    <extensions>
        <provider>whs</provider>
    </extensions>
</trkpt>
<trkpt lat="42.42424926240523" lon="77.2758573192525">
    <time>2026-08-15T17:23:21.111Z</time>
    <extensions>
        <provider>whs</provider>
    </extensions>
</trkpt>
<trkpt lat="42.424274362405235" lon="77.2758464192525">
    <time>2026-08-15T17:23:23.113Z</time>
    <extensions>
        <provider>whs</provider>
    </extensions>
</trkpt>
<trkpt lat="42.42427086240524" lon="77.2758748192525">
    <time>2026-08-15T17:23:25.114Z</time>
    <extensions>
        <provider>whs</provider>
    </extensions>
</trkpt>
<trkpt lat="42.42424596240524" lon="77.2758733192525">
    <time>2026-08-15T17:23:30.114Z</time>
    <extensions>
        <provider>whs</provider>
    </extensions>
</trkpt>
<trkpt lat="42.424267162405236" lon="77.2758432192525">
    <time>2026-08-15T17:23:32.116Z</time>
    <extensions>
        <provider>whs</provider>
    </extensions>
</trkpt>
<trkpt lat="42.42427106240523" lon="77.2758144192525">
    <time>2026-08-15T17:23:35.118Z</time>
    <extensions>
        <provider>whs</provider>
    </extensions>
</trkpt>
<trkpt lat="42.424276162405235" lon="77.2757635192525">
    <time>2026-08-15T17:23:38.119Z</time>
    <extensions>
        <provider>whs</provider>
    </extensions>
</trkpt>
<trkpt lat="42.42425536240523" lon="77.2757637192525">
    <time>2026-08-15T17:23:40.120Z</time>
    <extensions>
        <provider>whs</provider>
    </extensions>
</trkpt>
<trkpt lat="42.424244062405236" lon="77.2757428192525">
    <time>2026-08-15T17:23:48.136Z</time>
    <extensions>
        <provider>whs</provider>
    </extensions>
</trkpt>
<trkpt lat="42.42420976240523" lon="77.2757753192525">
    <time>2026-08-15T17:23:50.137Z</time>
    <extensions>
        <provider>whs</provider>
    </extensions>
</trkpt>
<trkpt lat="42.424200862405236" lon="77.27580471925249">
    <time>2026-08-15T17:23:52.139Z</time>
    <extensions>
        <provider>whs</provider>
    </extensions>
</trkpt>
        </trkseg>
    </trk>
</gpx>
