<?xml version="1.0" encoding="UTF-8"?>
<gpx version="1.1"
     creator="FoilTracker"
     xmlns="http://www.topografix.com/GPX/1/1">
    <trk>
        <name>FoilTracker WHS</name>
        <trkseg>
<trkpt lat="42.42413246240523" lon="77.2760976192525">
    <time>2026-08-27T13:46:40.180Z</time>
    <extensions>
        <provider>whs</provider>
    </extensions>
</trkpt>
<trkpt lat="42.42414186240523" lon="77.27598421925249">
    <time>2026-08-27T13:46:41.186Z</time>
    <extensions>
        <provider>whs</provider>
    </extensions>
</trkpt>
<trkpt lat="42.42411766240523" lon="77.2760080192525">
    <time>2026-08-27T13:46:43.201Z</time>
    <extensions>
        <provider>whs</provider>
    </extensions>
</trkpt>
<trkpt lat="42.42414336240523" lon="77.27603211925249">
    <time>2026-08-27T13:46:48.252Z</time>
    <extensions>
        <provider>whs</provider>
    </extensions>
</trkpt>
<trkpt lat="42.42393086240523" lon="77.27618721925249">
    <time>2026-08-27T13:46:52.277Z</time>
    <extensions>
        <provider>whs</provider>
    </extensions>
</trkpt>
<trkpt lat="42.42394526240523" lon="77.2760189192525">
    <time>2026-08-27T13:46:53.283Z</time>
    <extensions>
        <provider>whs</provider>
    </extensions>
</trkpt>
<trkpt lat="42.42395586240523" lon="77.2758939192525">
    <time>2026-08-27T13:46:54.292Z</time>
    <extensions>
        <provider>whs</provider>
    </extensions>
</trkpt>
<trkpt lat="42.42390896240523" lon="77.2758487192525">
    <time>2026-08-27T13:46:55.303Z</time>
    <extensions>
        <provider>whs</provider>
    </extensions>
</trkpt>
<trkpt lat="42.42385066240523" lon="77.2757584192525">
    <time>2026-08-27T13:46:56.316Z</time>
    <extensions>
        <provider>whs</provider>
    </extensions>
</trkpt>
<trkpt lat="42.42382406240523" lon="77.2756829192525">
    <time>2026-08-27T13:46:57.326Z</time>
    <extensions>
        <provider>whs</provider>
    </extensions>
</trkpt>
<trkpt lat="42.42380716240523" lon="77.2756067192525">
    <time>2026-08-27T13:46:58.336Z</time>
    <extensions>
        <provider>whs</provider>
    </extensions>
</trkpt>
<trkpt lat="42.42363846240523" lon="77.2753366192525">
    <time>2026-08-27T13:47:00.356Z</time>
    <extensions>
        <provider>whs</provider>
    </extensions>
</trkpt>
<trkpt lat="42.42353056240523" lon="77.27514811925249">
    <time>2026-08-27T13:47:01.366Z</time>
    <extensions>
        <provider>whs</provider>
    </extensions>
</trkpt>
<trkpt lat="42.42328606240523" lon="77.2746578192525">
    <time>2026-08-27T13:47:02.378Z</time>
    <extensions>
        <provider>whs</provider>
    </extensions>
</trkpt>
<trkpt lat="42.42392476240523" lon="77.27488891925249">
    <time>2026-08-27T13:47:03.389Z</time>
    <extensions>
        <provider>whs</provider>
    </extensions>
</trkpt>
<trkpt lat="42.42432386240523" lon="77.2753385192525">
    <time>2026-08-27T13:47:04.399Z</time>
    <extensions>
        <provider>whs</provider>
    </extensions>
</trkpt>
<trkpt lat="42.42436706240523" lon="77.2754441192525">
    <time>2026-08-27T13:47:05.411Z</time>
    <extensions>
        <provider>whs</provider>
    </extensions>
</trkpt>
<trkpt lat="42.42438826240523" lon="77.2755708192525">
    <time>2026-08-27T13:47:06.421Z</time>
    <extensions>
        <provider>whs</provider>
    </extensions>
</trkpt>
<trkpt lat="42.42438166240523" lon="77.2756310192525">
    <time>2026-08-27T13:47:07.432Z</time>
    <extensions>
        <provider>whs</provider>
    </extensions>
</trkpt>
<trkpt lat="42.42434276240523" lon="77.2756576192525">
    <time>2026-08-27T13:47:08.442Z</time>
    <extensions>
        <provider>whs</provider>
    </extensions>
</trkpt>
<trkpt lat="42.42430746240523" lon="77.27566301925249">
    <time>2026-08-27T13:47:09.453Z</time>
    <extensions>
        <provider>whs</provider>
    </extensions>
</trkpt>
<trkpt lat="42.42427806240523" lon="77.27566801925249">
    <time>2026-08-27T13:47:10.465Z</time>
    <extensions>
        <provider>whs</provider>
    </extensions>
</trkpt>
<trkpt lat="42.42424666240523" lon="77.2756880192525">
    <time>2026-08-27T13:47:11.475Z</time>
    <extensions>
        <provider>whs</provider>
    </extensions>
</trkpt>
<trkpt lat="42.42423086240523" lon="77.2757242192525">
    <time>2026-08-27T13:47:21.583Z</time>
    <extensions>
        <provider>whs</provider>
    </extensions>
</trkpt>
<trkpt lat="42.42422406240523" lon="77.2757528192525">
    <time>2026-08-27T13:47:22.593Z</time>
    <extensions>
        <provider>whs</provider>
    </extensions>
</trkpt>
<trkpt lat="42.42421156240523" lon="77.2757924192525">
    <time>2026-08-27T13:47:23.604Z</time>
    <extensions>
        <provider>whs</provider>
    </extensions>
</trkpt>
<trkpt lat="42.42420526240523" lon="77.2758448192525">
    <time>2026-08-27T13:47:24.617Z</time>
    <extensions>
        <provider>whs</provider>
    </extensions>
</trkpt>
<trkpt lat="42.42418776240523" lon="77.2758659192525">
    <time>2026-08-27T13:47:41.800Z</time>
    <extensions>
        <provider>whs</provider>
    </extensions>
</trkpt>
<trkpt lat="42.42418506240523" lon="77.2758975192525">
    <time>2026-08-27T13:47:43.818Z</time>
    <extensions>
        <provider>whs</provider>
    </extensions>
</trkpt>
<trkpt lat="42.42417246240523" lon="77.2759295192525">
    <time>2026-08-27T13:47:47.835Z</time>
    <extensions>
        <provider>whs</provider>
    </extensions>
</trkpt>
<trkpt lat="42.42408956240523" lon="77.2759913192525">
    <time>2026-08-27T13:47:59.857Z</time>
    <extensions>
        <provider>whs</provider>
    </extensions>
</trkpt>
<trkpt lat="42.42408466240523" lon="77.2760174192525">
    <time>2026-08-27T13:48:17.000Z</time>
    <extensions>
        <provider>whs</provider>
    </extensions>
</trkpt>
<trkpt lat="42.424062062405234" lon="77.2759865192525">
    <time>2026-08-27T13:48:21.042Z</time>
    <extensions>
        <provider>whs</provider>
    </extensions>
</trkpt>
<trkpt lat="42.42405066240523" lon="77.2759643192525">
    <time>2026-08-27T13:48:23.066Z</time>
    <extensions>
        <provider>whs</provider>
    </extensions>
</trkpt>
<trkpt lat="42.42403976240523" lon="77.2759936192525">
    <time>2026-08-27T13:48:40.263Z</time>
    <extensions>
        <provider>whs</provider>
    </extensions>
</trkpt>
<trkpt lat="42.424057862405235" lon="77.2760015192525">
    <time>2026-08-27T13:48:44.310Z</time>
    <extensions>
        <provider>whs</provider>
    </extensions>
</trkpt>
<trkpt lat="42.42405396240523" lon="77.2760310192525">
    <time>2026-08-27T13:48:58.442Z</time>
    <extensions>
        <provider>whs</provider>
    </extensions>
</trkpt>
<trkpt lat="42.424079662405234" lon="77.2760080192525">
    <time>2026-08-27T13:49:18.570Z</time>
    <extensions>
        <provider>whs</provider>
    </extensions>
</trkpt>
<trkpt lat="42.42409176240523" lon="77.2759893192525">
    <time>2026-08-27T13:49:20.582Z</time>
    <extensions>
        <provider>whs</provider>
    </extensions>
</trkpt>
<trkpt lat="42.42407326240523" lon="77.27600171925249">
    <time>2026-08-27T13:49:35.692Z</time>
    <extensions>
        <provider>whs</provider>
    </extensions>
</trkpt>
<trkpt lat="42.42405466240523" lon="77.2760276192525">
    <time>2026-08-27T13:49:37.717Z</time>
    <extensions>
        <provider>whs</provider>
    </extensions>
</trkpt>
<trkpt lat="42.42406666240523" lon="77.2760517192525">
    <time>2026-08-27T13:49:50.855Z</time>
    <extensions>
        <provider>whs</provider>
    </extensions>
</trkpt>
<trkpt lat="42.42404046240523" lon="77.2760202192525">
    <time>2026-08-27T13:49:53.886Z</time>
    <extensions>
        <provider>whs</provider>
    </extensions>
</trkpt>
<trkpt lat="42.42404096240523" lon="77.2759904192525">
    <time>2026-08-27T13:50:07.022Z</time>
    <extensions>
        <provider>whs</provider>
    </extensions>
</trkpt>
<trkpt lat="42.42406076240523" lon="77.2760090192525">
    <time>2026-08-27T13:50:12.074Z</time>
    <extensions>
        <provider>whs</provider>
    </extensions>
</trkpt>
<trkpt lat="42.424044462405234" lon="77.27598781925249">
    <time>2026-08-27T13:50:32.293Z</time>
    <extensions>
        <provider>whs</provider>
    </extensions>
</trkpt>
<trkpt lat="42.42401256240523" lon="77.27598161925249">
    <time>2026-08-27T13:50:33.303Z</time>
    <extensions>
        <provider>whs</provider>
    </extensions>
</trkpt>
<trkpt lat="42.42398216240523" lon="77.2759678192525">
    <time>2026-08-27T13:50:34.313Z</time>
    <extensions>
        <provider>whs</provider>
    </extensions>
</trkpt>
<trkpt lat="42.42395356240523" lon="77.27595911925249">
    <time>2026-08-27T13:50:35.323Z</time>
    <extensions>
        <provider>whs</provider>
    </extensions>
</trkpt>
<trkpt lat="42.42396446240523" lon="77.2760370192525">
    <time>2026-08-27T13:50:38.346Z</time>
    <extensions>
        <provider>whs</provider>
    </extensions>
</trkpt>
<trkpt lat="42.423983062405235" lon="77.2760547192525">
    <time>2026-08-27T13:50:41.364Z</time>
    <extensions>
        <provider>whs</provider>
    </extensions>
</trkpt>
<trkpt lat="42.42399906240523" lon="77.2760409192525">
    <time>2026-08-27T13:50:44.383Z</time>
    <extensions>
        <provider>whs</provider>
    </extensions>
</trkpt>
<trkpt lat="42.42400396240523" lon="77.2760134192525">
    <time>2026-08-27T13:50:47.405Z</time>
    <extensions>
        <provider>whs</provider>
    </extensions>
</trkpt>
<trkpt lat="42.42402366240523" lon="77.2759934192525">
    <time>2026-08-27T13:50:58.507Z</time>
    <extensions>
        <provider>whs</provider>
    </extensions>
</trkpt>
<trkpt lat="42.42404856240523" lon="77.2760057192525">
    <time>2026-08-27T13:51:07.579Z</time>
    <extensions>
        <provider>whs</provider>
    </extensions>
</trkpt>
<trkpt lat="42.424060862405234" lon="77.27597631925249">
    <time>2026-08-27T13:51:12.633Z</time>
    <extensions>
        <provider>whs</provider>
    </extensions>
</trkpt>
<trkpt lat="42.42405426240523" lon="77.2759494192525">
    <time>2026-08-27T13:51:13.644Z</time>
    <extensions>
        <provider>whs</provider>
    </extensions>
</trkpt>
<trkpt lat="42.424054762405234" lon="77.27597751925249">
    <time>2026-08-27T13:51:25.780Z</time>
    <extensions>
        <provider>whs</provider>
    </extensions>
</trkpt>
<trkpt lat="42.424038962405234" lon="77.2759461192525">
    <time>2026-08-27T13:51:44.992Z</time>
    <extensions>
        <provider>whs</provider>
    </extensions>
</trkpt>
<trkpt lat="42.42399806240523" lon="77.2759240192525">
    <time>2026-08-27T13:51:46.002Z</time>
    <extensions>
        <provider>whs</provider>
    </extensions>
</trkpt>
<trkpt lat="42.42396306240523" lon="77.2759035192525">
    <time>2026-08-27T13:51:47.013Z</time>
    <extensions>
        <provider>whs</provider>
    </extensions>
</trkpt>
<trkpt lat="42.42395786240523" lon="77.2758775192525">
    <time>2026-08-27T13:51:48.023Z</time>
    <extensions>
        <provider>whs</provider>
    </extensions>
</trkpt>
<trkpt lat="42.42394576240523" lon="77.2758477192525">
    <time>2026-08-27T13:51:50.047Z</time>
    <extensions>
        <provider>whs</provider>
    </extensions>
</trkpt>
<trkpt lat="42.42396516240523" lon="77.2758549192525">
    <time>2026-08-27T13:51:52.070Z</time>
    <extensions>
        <provider>whs</provider>
    </extensions>
</trkpt>
<trkpt lat="42.42396406240523" lon="77.27588441925249">
    <time>2026-08-27T13:51:53.081Z</time>
    <extensions>
        <provider>whs</provider>
    </extensions>
</trkpt>
<trkpt lat="42.42398196240523" lon="77.27591961925249">
    <time>2026-08-27T13:51:54.094Z</time>
    <extensions>
        <provider>whs</provider>
    </extensions>
</trkpt>
<trkpt lat="42.42398386240523" lon="77.27595741925249">
    <time>2026-08-27T13:51:55.104Z</time>
    <extensions>
        <provider>whs</provider>
    </extensions>
</trkpt>
<trkpt lat="42.42398526240523" lon="77.2759913192525">
    <time>2026-08-27T13:51:56.112Z</time>
    <extensions>
        <provider>whs</provider>
    </extensions>
</trkpt>
<trkpt lat="42.42398736240523" lon="77.2760258192525">
    <time>2026-08-27T13:51:57.123Z</time>
    <extensions>
        <provider>whs</provider>
    </extensions>
</trkpt>
<trkpt lat="42.42398316240523" lon="77.27606181925249">
    <time>2026-08-27T13:51:58.133Z</time>
    <extensions>
        <provider>whs</provider>
    </extensions>
</trkpt>
<trkpt lat="42.423988462405234" lon="77.2761220192525">
    <time>2026-08-27T13:51:59.143Z</time>
    <extensions>
        <provider>whs</provider>
    </extensions>
</trkpt>
<trkpt lat="42.42398946240523" lon="77.2761820192525">
    <time>2026-08-27T13:52:00.155Z</time>
    <extensions>
        <provider>whs</provider>
    </extensions>
</trkpt>
<trkpt lat="42.42398746240523" lon="77.27623221925249">
    <time>2026-08-27T13:52:01.166Z</time>
    <extensions>
        <provider>whs</provider>
    </extensions>
</trkpt>
<trkpt lat="42.42396446240523" lon="77.2762967192525">
    <time>2026-08-27T13:52:02.177Z</time>
    <extensions>
        <provider>whs</provider>
    </extensions>
</trkpt>
<trkpt lat="42.423931362405234" lon="77.2763812192525">
    <time>2026-08-27T13:52:03.188Z</time>
    <extensions>
        <provider>whs</provider>
    </extensions>
</trkpt>
<trkpt lat="42.42412236240523" lon="77.27596771925249">
    <time>2026-08-27T13:52:29.437Z</time>
    <extensions>
        <provider>whs</provider>
    </extensions>
</trkpt>
<trkpt lat="42.42408076240523" lon="77.2759723192525">
    <time>2026-08-27T13:52:30.443Z</time>
    <extensions>
        <provider>whs</provider>
    </extensions>
</trkpt>
<trkpt lat="42.42408606240523" lon="77.2759420192525">
    <time>2026-08-27T13:52:34.475Z</time>
    <extensions>
        <provider>whs</provider>
    </extensions>
</trkpt>
<trkpt lat="42.424089462405234" lon="77.2759734192525">
    <time>2026-08-27T13:52:39.506Z</time>
    <extensions>
        <provider>whs</provider>
    </extensions>
</trkpt>
<trkpt lat="42.42407616240523" lon="77.2759904192525">
    <time>2026-08-27T13:52:44.536Z</time>
    <extensions>
        <provider>whs</provider>
    </extensions>
</trkpt>
<trkpt lat="42.42406286240523" lon="77.2760078192525">
    <time>2026-08-27T13:53:37.864Z</time>
    <extensions>
        <provider>whs</provider>
    </extensions>
</trkpt>
<trkpt lat="42.42402186240523" lon="77.2759818192525">
    <time>2026-08-27T13:53:39.877Z</time>
    <extensions>
        <provider>whs</provider>
    </extensions>
</trkpt>
<trkpt lat="42.42399506240523" lon="77.2759731192525">
    <time>2026-08-27T13:53:40.883Z</time>
    <extensions>
        <provider>whs</provider>
    </extensions>
</trkpt>
<trkpt lat="42.42397346240523" lon="77.27595861925249">
    <time>2026-08-27T13:53:41.888Z</time>
    <extensions>
        <provider>whs</provider>
    </extensions>
</trkpt>
<trkpt lat="42.42394906240523" lon="77.2759575192525">
    <time>2026-08-27T13:53:42.895Z</time>
    <extensions>
        <provider>whs</provider>
    </extensions>
</trkpt>
<trkpt lat="42.42392946240523" lon="77.27594041925249">
    <time>2026-08-27T13:53:43.901Z</time>
    <extensions>
        <provider>whs</provider>
    </extensions>
</trkpt>
<trkpt lat="42.42391176240523" lon="77.27591001925249">
    <time>2026-08-27T13:53:44.912Z</time>
    <extensions>
        <provider>whs</provider>
    </extensions>
</trkpt>
<trkpt lat="42.42386616240523" lon="77.2758254192525">
    <time>2026-08-27T13:53:45.923Z</time>
    <extensions>
        <provider>whs</provider>
    </extensions>
</trkpt>
<trkpt lat="42.423859562405234" lon="77.2757847192525">
    <time>2026-08-27T13:53:46.935Z</time>
    <extensions>
        <provider>whs</provider>
    </extensions>
</trkpt>
<trkpt lat="42.42382486240523" lon="77.2756363192525">
    <time>2026-08-27T13:53:48.960Z</time>
    <extensions>
        <provider>whs</provider>
    </extensions>
</trkpt>
<trkpt lat="42.42381116240523" lon="77.27554501925249">
    <time>2026-08-27T13:53:49.972Z</time>
    <extensions>
        <provider>whs</provider>
    </extensions>
</trkpt>
<trkpt lat="42.423861462405235" lon="77.2755314192525">
    <time>2026-08-27T13:53:50.982Z</time>
    <extensions>
        <provider>whs</provider>
    </extensions>
</trkpt>
<trkpt lat="42.42392666240523" lon="77.2754910192525">
    <time>2026-08-27T13:53:51.995Z</time>
    <extensions>
        <provider>whs</provider>
    </extensions>
</trkpt>
<trkpt lat="42.42387706240523" lon="77.2753981192525">
    <time>2026-08-27T13:53:53.009Z</time>
    <extensions>
        <provider>whs</provider>
    </extensions>
</trkpt>
<trkpt lat="42.42379526240523" lon="77.2752603192525">
    <time>2026-08-27T13:53:54.020Z</time>
    <extensions>
        <provider>whs</provider>
    </extensions>
</trkpt>
<trkpt lat="42.42368416240523" lon="77.2751516192525">
    <time>2026-08-27T13:53:55.031Z</time>
    <extensions>
        <provider>whs</provider>
    </extensions>
</trkpt>
<trkpt lat="42.42359216240523" lon="77.2750654192525">
    <time>2026-08-27T13:53:56.041Z</time>
    <extensions>
        <provider>whs</provider>
    </extensions>
</trkpt>
<trkpt lat="42.423548262405234" lon="77.27497171925249">
    <time>2026-08-27T13:53:57.054Z</time>
    <extensions>
        <provider>whs</provider>
    </extensions>
</trkpt>
<trkpt lat="42.42362896240523" lon="77.2749567192525">
    <time>2026-08-27T13:53:58.066Z</time>
    <extensions>
        <provider>whs</provider>
    </extensions>
</trkpt>
<trkpt lat="42.42371826240523" lon="77.2750536192525">
    <time>2026-08-27T13:53:59.079Z</time>
    <extensions>
        <provider>whs</provider>
    </extensions>
</trkpt>
<trkpt lat="42.423793962405234" lon="77.2751349192525">
    <time>2026-08-27T13:54:00.090Z</time>
    <extensions>
        <provider>whs</provider>
    </extensions>
</trkpt>
<trkpt lat="42.42382746240523" lon="77.2752100192525">
    <time>2026-08-27T13:54:01.101Z</time>
    <extensions>
        <provider>whs</provider>
    </extensions>
</trkpt>
<trkpt lat="42.42385996240523" lon="77.2752299192525">
    <time>2026-08-27T13:54:02.112Z</time>
    <extensions>
        <provider>whs</provider>
    </extensions>
</trkpt>
<trkpt lat="42.42388706240523" lon="77.2752862192525">
    <time>2026-08-27T13:54:03.123Z</time>
    <extensions>
        <provider>whs</provider>
    </extensions>
</trkpt>
<trkpt lat="42.42391286240523" lon="77.2753440192525">
    <time>2026-08-27T13:54:04.134Z</time>
    <extensions>
        <provider>whs</provider>
    </extensions>
</trkpt>
<trkpt lat="42.42393116240523" lon="77.2753752192525">
    <time>2026-08-27T13:54:05.145Z</time>
    <extensions>
        <provider>whs</provider>
    </extensions>
</trkpt>
<trkpt lat="42.42393676240523" lon="77.2755163192525">
    <time>2026-08-27T13:54:06.156Z</time>
    <extensions>
        <provider>whs</provider>
    </extensions>
</trkpt>
<trkpt lat="42.42395036240523" lon="77.2755424192525">
    <time>2026-08-27T13:54:07.169Z</time>
    <extensions>
        <provider>whs</provider>
    </extensions>
</trkpt>
<trkpt lat="42.42396986240523" lon="77.2756016192525">
    <time>2026-08-27T13:54:09.189Z</time>
    <extensions>
        <provider>whs</provider>
    </extensions>
</trkpt>
<trkpt lat="42.42398886240523" lon="77.2756256192525">
    <time>2026-08-27T13:54:12.223Z</time>
    <extensions>
        <provider>whs</provider>
    </extensions>
</trkpt>
<trkpt lat="42.42400506240523" lon="77.27564481925249">
    <time>2026-08-27T13:54:15.256Z</time>
    <extensions>
        <provider>whs</provider>
    </extensions>
</trkpt>
<trkpt lat="42.42398556240523" lon="77.2757373192525">
    <time>2026-08-27T13:54:24.355Z</time>
    <extensions>
        <provider>whs</provider>
    </extensions>
</trkpt>
<trkpt lat="42.42398356240523" lon="77.27578531925249">
    <time>2026-08-27T13:54:25.366Z</time>
    <extensions>
        <provider>whs</provider>
    </extensions>
</trkpt>
<trkpt lat="42.42397416240523" lon="77.2758147192525">
    <time>2026-08-27T13:54:26.377Z</time>
    <extensions>
        <provider>whs</provider>
    </extensions>
</trkpt>
<trkpt lat="42.42399136240523" lon="77.2758646192525">
    <time>2026-08-27T13:54:28.401Z</time>
    <extensions>
        <provider>whs</provider>
    </extensions>
</trkpt>
<trkpt lat="42.42415546240523" lon="77.2761298192525">
    <time>2026-08-27T13:54:33.453Z</time>
    <extensions>
        <provider>whs</provider>
    </extensions>
</trkpt>
<trkpt lat="42.42418836240523" lon="77.2760708192525">
    <time>2026-08-27T13:54:34.464Z</time>
    <extensions>
        <provider>whs</provider>
    </extensions>
</trkpt>
<trkpt lat="42.424200762405235" lon="77.2760347192525">
    <time>2026-08-27T13:54:35.475Z</time>
    <extensions>
        <provider>whs</provider>
    </extensions>
</trkpt>
<trkpt lat="42.42423146240523" lon="77.2760186192525">
    <time>2026-08-27T13:54:36.486Z</time>
    <extensions>
        <provider>whs</provider>
    </extensions>
</trkpt>
<trkpt lat="42.42425926240523" lon="77.2759996192525">
    <time>2026-08-27T13:54:37.497Z</time>
    <extensions>
        <provider>whs</provider>
    </extensions>
</trkpt>
<trkpt lat="42.424280362405234" lon="77.27598041925249">
    <time>2026-08-27T13:54:38.511Z</time>
    <extensions>
        <provider>whs</provider>
    </extensions>
</trkpt>
<trkpt lat="42.42430066240523" lon="77.2759699192525">
    <time>2026-08-27T13:54:39.522Z</time>
    <extensions>
        <provider>whs</provider>
    </extensions>
</trkpt>
<trkpt lat="42.42434856240523" lon="77.2759451192525">
    <time>2026-08-27T13:54:40.533Z</time>
    <extensions>
        <provider>whs</provider>
    </extensions>
</trkpt>
<trkpt lat="42.42438106240523" lon="77.2759118192525">
    <time>2026-08-27T13:54:41.544Z</time>
    <extensions>
        <provider>whs</provider>
    </extensions>
</trkpt>
<trkpt lat="42.42465926240523" lon="77.2751106192525">
    <time>2026-08-27T13:54:49.637Z</time>
    <extensions>
        <provider>whs</provider>
    </extensions>
</trkpt>
<trkpt lat="42.42449346240523" lon="77.2753727192525">
    <time>2026-08-27T13:54:50.649Z</time>
    <extensions>
        <provider>whs</provider>
    </extensions>
</trkpt>
<trkpt lat="42.42444136240523" lon="77.2754826192525">
    <time>2026-08-27T13:54:51.660Z</time>
    <extensions>
        <provider>whs</provider>
    </extensions>
</trkpt>
<trkpt lat="42.42440776240523" lon="77.2755616192525">
    <time>2026-08-27T13:54:52.671Z</time>
    <extensions>
        <provider>whs</provider>
    </extensions>
</trkpt>
<trkpt lat="42.42437426240523" lon="77.2755818192525">
    <time>2026-08-27T13:54:53.682Z</time>
    <extensions>
        <provider>whs</provider>
    </extensions>
</trkpt>
<trkpt lat="42.424342362405234" lon="77.2756262192525">
    <time>2026-08-27T13:54:55.709Z</time>
    <extensions>
        <provider>whs</provider>
    </extensions>
</trkpt>
<trkpt lat="42.42430856240523" lon="77.2756940192525">
    <time>2026-08-27T13:54:56.720Z</time>
    <extensions>
        <provider>whs</provider>
    </extensions>
</trkpt>
<trkpt lat="42.42426236240523" lon="77.2757619192525">
    <time>2026-08-27T13:54:58.742Z</time>
    <extensions>
        <provider>whs</provider>
    </extensions>
</trkpt>
<trkpt lat="42.424232962405235" lon="77.2757670192525">
    <time>2026-08-27T13:54:59.756Z</time>
    <extensions>
        <provider>whs</provider>
    </extensions>
</trkpt>
<trkpt lat="42.424204362405234" lon="77.27581311925249">
    <time>2026-08-27T13:55:02.791Z</time>
    <extensions>
        <provider>whs</provider>
    </extensions>
</trkpt>
<trkpt lat="42.42419026240523" lon="77.2758488192525">
    <time>2026-08-27T13:55:04.813Z</time>
    <extensions>
        <provider>whs</provider>
    </extensions>
</trkpt>
<trkpt lat="42.424189762405234" lon="77.2758799192525">
    <time>2026-08-27T13:55:12.912Z</time>
    <extensions>
        <provider>whs</provider>
    </extensions>
</trkpt>
<trkpt lat="42.42418416240523" lon="77.2759140192525">
    <time>2026-08-27T13:55:15.944Z</time>
    <extensions>
        <provider>whs</provider>
    </extensions>
</trkpt>
<trkpt lat="42.42416716240523" lon="77.2759231192525">
    <time>2026-08-27T13:55:17.964Z</time>
    <extensions>
        <provider>whs</provider>
    </extensions>
</trkpt>
<trkpt lat="42.42414316240523" lon="77.27594041925249">
    <time>2026-08-27T13:55:30.101Z</time>
    <extensions>
        <provider>whs</provider>
    </extensions>
</trkpt>
<trkpt lat="42.42410116240523" lon="77.27593111925249">
    <time>2026-08-27T13:55:35.152Z</time>
    <extensions>
        <provider>whs</provider>
    </extensions>
</trkpt>
<trkpt lat="42.424067562405234" lon="77.2759158192525">
    <time>2026-08-27T13:55:36.162Z</time>
    <extensions>
        <provider>whs</provider>
    </extensions>
</trkpt>
<trkpt lat="42.42402366240523" lon="77.2759144192525">
    <time>2026-08-27T13:55:37.171Z</time>
    <extensions>
        <provider>whs</provider>
    </extensions>
</trkpt>
<trkpt lat="42.42396896240523" lon="77.27590791925249">
    <time>2026-08-27T13:55:38.181Z</time>
    <extensions>
        <provider>whs</provider>
    </extensions>
</trkpt>
<trkpt lat="42.42393546240523" lon="77.2759090192525">
    <time>2026-08-27T13:55:39.192Z</time>
    <extensions>
        <provider>whs</provider>
    </extensions>
</trkpt>
<trkpt lat="42.42389656240523" lon="77.2759097192525">
    <time>2026-08-27T13:55:40.205Z</time>
    <extensions>
        <provider>whs</provider>
    </extensions>
</trkpt>
<trkpt lat="42.42386316240523" lon="77.2758956192525">
    <time>2026-08-27T13:55:41.216Z</time>
    <extensions>
        <provider>whs</provider>
    </extensions>
</trkpt>
<trkpt lat="42.42382746240523" lon="77.2759032192525">
    <time>2026-08-27T13:55:42.226Z</time>
    <extensions>
        <provider>whs</provider>
    </extensions>
</trkpt>
<trkpt lat="42.423787862405234" lon="77.2759085192525">
    <time>2026-08-27T13:55:43.237Z</time>
    <extensions>
        <provider>whs</provider>
    </extensions>
</trkpt>
<trkpt lat="42.42375476240523" lon="77.2759064192525">
    <time>2026-08-27T13:55:44.249Z</time>
    <extensions>
        <provider>whs</provider>
    </extensions>
</trkpt>
<trkpt lat="42.423725262405235" lon="77.2759052192525">
    <time>2026-08-27T13:55:45.258Z</time>
    <extensions>
        <provider>whs</provider>
    </extensions>
</trkpt>
<trkpt lat="42.423671762405235" lon="77.2759149192525">
    <time>2026-08-27T13:55:46.272Z</time>
    <extensions>
        <provider>whs</provider>
    </extensions>
</trkpt>
<trkpt lat="42.42363756240523" lon="77.2759166192525">
    <time>2026-08-27T13:55:47.283Z</time>
    <extensions>
        <provider>whs</provider>
    </extensions>
</trkpt>
<trkpt lat="42.42358226240523" lon="77.2759279192525">
    <time>2026-08-27T13:55:48.294Z</time>
    <extensions>
        <provider>whs</provider>
    </extensions>
</trkpt>
<trkpt lat="42.42353746240523" lon="77.2759455192525">
    <time>2026-08-27T13:55:49.307Z</time>
    <extensions>
        <provider>whs</provider>
    </extensions>
</trkpt>
<trkpt lat="42.42349956240523" lon="77.2759436192525">
    <time>2026-08-27T13:55:50.317Z</time>
    <extensions>
        <provider>whs</provider>
    </extensions>
</trkpt>
<trkpt lat="42.42345196240523" lon="77.2759387192525">
    <time>2026-08-27T13:55:51.327Z</time>
    <extensions>
        <provider>whs</provider>
    </extensions>
</trkpt>
<trkpt lat="42.42340856240523" lon="77.27593421925249">
    <time>2026-08-27T13:55:52.337Z</time>
    <extensions>
        <provider>whs</provider>
    </extensions>
</trkpt>
<trkpt lat="42.42337126240523" lon="77.2759360192525">
    <time>2026-08-27T13:55:53.349Z</time>
    <extensions>
        <provider>whs</provider>
    </extensions>
</trkpt>
<trkpt lat="42.42333836240523" lon="77.2759346192525">
    <time>2026-08-27T13:55:54.362Z</time>
    <extensions>
        <provider>whs</provider>
    </extensions>
</trkpt>
<trkpt lat="42.42329816240523" lon="77.2759271192525">
    <time>2026-08-27T13:55:55.371Z</time>
    <extensions>
        <provider>whs</provider>
    </extensions>
</trkpt>
<trkpt lat="42.42326046240523" lon="77.2759161192525">
    <time>2026-08-27T13:55:56.382Z</time>
    <extensions>
        <provider>whs</provider>
    </extensions>
</trkpt>
<trkpt lat="42.42321546240523" lon="77.2759073192525">
    <time>2026-08-27T13:55:57.392Z</time>
    <extensions>
        <provider>whs</provider>
    </extensions>
</trkpt>
<trkpt lat="42.42317656240523" lon="77.2758898192525">
    <time>2026-08-27T13:55:58.403Z</time>
    <extensions>
        <provider>whs</provider>
    </extensions>
</trkpt>
<trkpt lat="42.42313266240523" lon="77.2758731192525">
    <time>2026-08-27T13:55:59.415Z</time>
    <extensions>
        <provider>whs</provider>
    </extensions>
</trkpt>
<trkpt lat="42.423085562405234" lon="77.2758653192525">
    <time>2026-08-27T13:56:00.424Z</time>
    <extensions>
        <provider>whs</provider>
    </extensions>
</trkpt>
<trkpt lat="42.42304136240523" lon="77.27585811925249">
    <time>2026-08-27T13:56:01.435Z</time>
    <extensions>
        <provider>whs</provider>
    </extensions>
</trkpt>
<trkpt lat="42.42299306240523" lon="77.2758553192525">
    <time>2026-08-27T13:56:02.444Z</time>
    <extensions>
        <provider>whs</provider>
    </extensions>
</trkpt>
<trkpt lat="42.42295756240523" lon="77.2758586192525">
    <time>2026-08-27T13:56:03.455Z</time>
    <extensions>
        <provider>whs</provider>
    </extensions>
</trkpt>
<trkpt lat="42.42292596240523" lon="77.2758839192525">
    <time>2026-08-27T13:56:04.465Z</time>
    <extensions>
        <provider>whs</provider>
    </extensions>
</trkpt>
<trkpt lat="42.422901362405234" lon="77.2759226192525">
    <time>2026-08-27T13:56:05.476Z</time>
    <extensions>
        <provider>whs</provider>
    </extensions>
</trkpt>
<trkpt lat="42.42287056240523" lon="77.2759752192525">
    <time>2026-08-27T13:56:06.487Z</time>
    <extensions>
        <provider>whs</provider>
    </extensions>
</trkpt>
<trkpt lat="42.42284126240523" lon="77.2760104192525">
    <time>2026-08-27T13:56:07.496Z</time>
    <extensions>
        <provider>whs</provider>
    </extensions>
</trkpt>
<trkpt lat="42.42280616240523" lon="77.27605581925249">
    <time>2026-08-27T13:56:08.508Z</time>
    <extensions>
        <provider>whs</provider>
    </extensions>
</trkpt>
<trkpt lat="42.42278326240523" lon="77.2761041192525">
    <time>2026-08-27T13:56:09.517Z</time>
    <extensions>
        <provider>whs</provider>
    </extensions>
</trkpt>
<trkpt lat="42.42276776240523" lon="77.2761516192525">
    <time>2026-08-27T13:56:10.527Z</time>
    <extensions>
        <provider>whs</provider>
    </extensions>
</trkpt>
<trkpt lat="42.42275946240523" lon="77.2762143192525">
    <time>2026-08-27T13:56:11.537Z</time>
    <extensions>
        <provider>whs</provider>
    </extensions>
</trkpt>
<trkpt lat="42.42274886240523" lon="77.27626571925249">
    <time>2026-08-27T13:56:12.547Z</time>
    <extensions>
        <provider>whs</provider>
    </extensions>
</trkpt>
<trkpt lat="42.42274036240523" lon="77.27631601925249">
    <time>2026-08-27T13:56:13.558Z</time>
    <extensions>
        <provider>whs</provider>
    </extensions>
</trkpt>
<trkpt lat="42.42273586240523" lon="77.2763609192525">
    <time>2026-08-27T13:56:14.568Z</time>
    <extensions>
        <provider>whs</provider>
    </extensions>
</trkpt>
<trkpt lat="42.42274496240523" lon="77.2763994192525">
    <time>2026-08-27T13:56:15.578Z</time>
    <extensions>
        <provider>whs</provider>
    </extensions>
</trkpt>
<trkpt lat="42.42276956240523" lon="77.2764293192525">
    <time>2026-08-27T13:56:16.589Z</time>
    <extensions>
        <provider>whs</provider>
    </extensions>
</trkpt>
<trkpt lat="42.422783362405234" lon="77.2764500192525">
    <time>2026-08-27T13:56:17.602Z</time>
    <extensions>
        <provider>whs</provider>
    </extensions>
</trkpt>
<trkpt lat="42.42282086240523" lon="77.2764887192525">
    <time>2026-08-27T13:56:18.612Z</time>
    <extensions>
        <provider>whs</provider>
    </extensions>
</trkpt>
<trkpt lat="42.42286556240523" lon="77.27652231925249">
    <time>2026-08-27T13:56:19.623Z</time>
    <extensions>
        <provider>whs</provider>
    </extensions>
</trkpt>
<trkpt lat="42.422903162405234" lon="77.2765620192525">
    <time>2026-08-27T13:56:20.633Z</time>
    <extensions>
        <provider>whs</provider>
    </extensions>
</trkpt>
<trkpt lat="42.42294426240523" lon="77.27659101925249">
    <time>2026-08-27T13:56:21.643Z</time>
    <extensions>
        <provider>whs</provider>
    </extensions>
</trkpt>
<trkpt lat="42.42298876240523" lon="77.2766347192525">
    <time>2026-08-27T13:56:22.656Z</time>
    <extensions>
        <provider>whs</provider>
    </extensions>
</trkpt>
<trkpt lat="42.42303116240523" lon="77.2766874192525">
    <time>2026-08-27T13:56:23.667Z</time>
    <extensions>
        <provider>whs</provider>
    </extensions>
</trkpt>
<trkpt lat="42.42305496240523" lon="77.27674181925249">
    <time>2026-08-27T13:56:24.677Z</time>
    <extensions>
        <provider>whs</provider>
    </extensions>
</trkpt>
<trkpt lat="42.423027262405235" lon="77.2765790192525">
    <time>2026-08-27T13:56:49.937Z</time>
    <extensions>
        <provider>whs</provider>
    </extensions>
</trkpt>
<trkpt lat="42.42303096240523" lon="77.2766160192525">
    <time>2026-08-27T13:56:50.947Z</time>
    <extensions>
        <provider>whs</provider>
    </extensions>
</trkpt>
<trkpt lat="42.42297626240523" lon="77.2766175192525">
    <time>2026-08-27T13:56:52.967Z</time>
    <extensions>
        <provider>whs</provider>
    </extensions>
</trkpt>
<trkpt lat="42.42295676240523" lon="77.2766211192525">
    <time>2026-08-27T13:56:53.977Z</time>
    <extensions>
        <provider>whs</provider>
    </extensions>
</trkpt>
<trkpt lat="42.42293426240523" lon="77.2766254192525">
    <time>2026-08-27T13:56:58.008Z</time>
    <extensions>
        <provider>whs</provider>
    </extensions>
</trkpt>
<trkpt lat="42.42291146240523" lon="77.2766206192525">
    <time>2026-08-27T13:57:00.020Z</time>
    <extensions>
        <provider>whs</provider>
    </extensions>
</trkpt>
<trkpt lat="42.42287756240523" lon="77.27662381925249">
    <time>2026-08-27T13:57:09.073Z</time>
    <extensions>
        <provider>whs</provider>
    </extensions>
</trkpt>
<trkpt lat="42.422859462405235" lon="77.2766402192525">
    <time>2026-08-27T13:57:11.085Z</time>
    <extensions>
        <provider>whs</provider>
    </extensions>
</trkpt>
<trkpt lat="42.42285096240523" lon="77.27667001925249">
    <time>2026-08-27T13:57:19.133Z</time>
    <extensions>
        <provider>whs</provider>
    </extensions>
</trkpt>
<trkpt lat="42.42283586240523" lon="77.2767161192525">
    <time>2026-08-27T13:57:21.145Z</time>
    <extensions>
        <provider>whs</provider>
    </extensions>
</trkpt>
<trkpt lat="42.42283316240523" lon="77.27674901925249">
    <time>2026-08-27T13:57:24.164Z</time>
    <extensions>
        <provider>whs</provider>
    </extensions>
</trkpt>
<trkpt lat="42.42282706240523" lon="77.2767789192525">
    <time>2026-08-27T13:57:26.176Z</time>
    <extensions>
        <provider>whs</provider>
    </extensions>
</trkpt>
<trkpt lat="42.42280966240523" lon="77.2767996192525">
    <time>2026-08-27T13:57:48.352Z</time>
    <extensions>
        <provider>whs</provider>
    </extensions>
</trkpt>
<trkpt lat="42.42279216240523" lon="77.2768088192525">
    <time>2026-08-27T13:57:49.362Z</time>
    <extensions>
        <provider>whs</provider>
    </extensions>
</trkpt>
<trkpt lat="42.422799262405235" lon="77.27686341925249">
    <time>2026-08-27T13:57:51.383Z</time>
    <extensions>
        <provider>whs</provider>
    </extensions>
</trkpt>
<trkpt lat="42.42278926240523" lon="77.2768916192525">
    <time>2026-08-27T13:57:55.424Z</time>
    <extensions>
        <provider>whs</provider>
    </extensions>
</trkpt>
<trkpt lat="42.42276686240523" lon="77.27690221925249">
    <time>2026-08-27T13:58:07.553Z</time>
    <extensions>
        <provider>whs</provider>
    </extensions>
</trkpt>
<trkpt lat="42.42274906240523" lon="77.2769086192525">
    <time>2026-08-27T13:58:09.574Z</time>
    <extensions>
        <provider>whs</provider>
    </extensions>
</trkpt>
<trkpt lat="42.42273546240523" lon="77.2769268192525">
    <time>2026-08-27T13:58:12.608Z</time>
    <extensions>
        <provider>whs</provider>
    </extensions>
</trkpt>
<trkpt lat="42.42271006240523" lon="77.27695801925249">
    <time>2026-08-27T13:58:21.712Z</time>
    <extensions>
        <provider>whs</provider>
    </extensions>
</trkpt>
<trkpt lat="42.42269046240523" lon="77.2769743192525">
    <time>2026-08-27T13:58:23.733Z</time>
    <extensions>
        <provider>whs</provider>
    </extensions>
</trkpt>
<trkpt lat="42.42268086240523" lon="77.27702621925249">
    <time>2026-08-27T13:58:28.786Z</time>
    <extensions>
        <provider>whs</provider>
    </extensions>
</trkpt>
<trkpt lat="42.42267496240523" lon="77.2770728192525">
    <time>2026-08-27T13:58:30.806Z</time>
    <extensions>
        <provider>whs</provider>
    </extensions>
</trkpt>
<trkpt lat="42.42267476240523" lon="77.2771084192525">
    <time>2026-08-27T13:58:31.818Z</time>
    <extensions>
        <provider>whs</provider>
    </extensions>
</trkpt>
<trkpt lat="42.42267256240523" lon="77.2771620192525">
    <time>2026-08-27T13:58:37.885Z</time>
    <extensions>
        <provider>whs</provider>
    </extensions>
</trkpt>
<trkpt lat="42.42267086240523" lon="77.2771883192525">
    <time>2026-08-27T13:58:40.915Z</time>
    <extensions>
        <provider>whs</provider>
    </extensions>
</trkpt>
<trkpt lat="42.42268206240523" lon="77.27724401925249">
    <time>2026-08-27T13:58:43.945Z</time>
    <extensions>
        <provider>whs</provider>
    </extensions>
</trkpt>
<trkpt lat="42.42268356240523" lon="77.2772693192525">
    <time>2026-08-27T13:58:45.965Z</time>
    <extensions>
        <provider>whs</provider>
    </extensions>
</trkpt>
<trkpt lat="42.422691562405234" lon="77.2772947192525">
    <time>2026-08-27T13:58:48.987Z</time>
    <extensions>
        <provider>whs</provider>
    </extensions>
</trkpt>
<trkpt lat="42.42271086240523" lon="77.27730051925249">
    <time>2026-08-27T13:58:49.998Z</time>
    <extensions>
        <provider>whs</provider>
    </extensions>
</trkpt>
<trkpt lat="42.42275166240523" lon="77.2773095192525">
    <time>2026-08-27T13:58:52.023Z</time>
    <extensions>
        <provider>whs</provider>
    </extensions>
</trkpt>
<trkpt lat="42.42278076240523" lon="77.2773178192525">
    <time>2026-08-27T13:58:54.045Z</time>
    <extensions>
        <provider>whs</provider>
    </extensions>
</trkpt>
<trkpt lat="42.42279946240523" lon="77.2773348192525">
    <time>2026-08-27T13:58:57.077Z</time>
    <extensions>
        <provider>whs</provider>
    </extensions>
</trkpt>
<trkpt lat="42.422825962405234" lon="77.2773372192525">
    <time>2026-08-27T13:59:01.118Z</time>
    <extensions>
        <provider>whs</provider>
    </extensions>
</trkpt>
<trkpt lat="42.42286906240523" lon="77.27735321925249">
    <time>2026-08-27T13:59:06.174Z</time>
    <extensions>
        <provider>whs</provider>
    </extensions>
</trkpt>
<trkpt lat="42.42288836240523" lon="77.2773497192525">
    <time>2026-08-27T13:59:08.198Z</time>
    <extensions>
        <provider>whs</provider>
    </extensions>
</trkpt>
<trkpt lat="42.42290516240523" lon="77.2773655192525">
    <time>2026-08-27T13:59:09.208Z</time>
    <extensions>
        <provider>whs</provider>
    </extensions>
</trkpt>
<trkpt lat="42.42292376240523" lon="77.2773840192525">
    <time>2026-08-27T13:59:10.218Z</time>
    <extensions>
        <provider>whs</provider>
    </extensions>
</trkpt>
<trkpt lat="42.42292766240523" lon="77.2774237192525">
    <time>2026-08-27T13:59:13.250Z</time>
    <extensions>
        <provider>whs</provider>
    </extensions>
</trkpt>
<trkpt lat="42.42294156240523" lon="77.27744031925249">
    <time>2026-08-27T13:59:14.260Z</time>
    <extensions>
        <provider>whs</provider>
    </extensions>
</trkpt>
<trkpt lat="42.42297036240523" lon="77.27747141925249">
    <time>2026-08-27T13:59:16.284Z</time>
    <extensions>
        <provider>whs</provider>
    </extensions>
</trkpt>
<trkpt lat="42.42298976240523" lon="77.2774823192525">
    <time>2026-08-27T13:59:18.306Z</time>
    <extensions>
        <provider>whs</provider>
    </extensions>
</trkpt>
<trkpt lat="42.422988362405235" lon="77.27751811925249">
    <time>2026-08-27T13:59:27.406Z</time>
    <extensions>
        <provider>whs</provider>
    </extensions>
</trkpt>
<trkpt lat="42.422984062405234" lon="77.2775445192525">
    <time>2026-08-27T13:59:30.438Z</time>
    <extensions>
        <provider>whs</provider>
    </extensions>
</trkpt>
<trkpt lat="42.42300296240523" lon="77.27754921925249">
    <time>2026-08-27T13:59:31.449Z</time>
    <extensions>
        <provider>whs</provider>
    </extensions>
</trkpt>
<trkpt lat="42.423026662405235" lon="77.27755711925249">
    <time>2026-08-27T13:59:32.457Z</time>
    <extensions>
        <provider>whs</provider>
    </extensions>
</trkpt>
<trkpt lat="42.42306046240523" lon="77.2775666192525">
    <time>2026-08-27T13:59:34.469Z</time>
    <extensions>
        <provider>whs</provider>
    </extensions>
</trkpt>
<trkpt lat="42.42308636240523" lon="77.2775622192525">
    <time>2026-08-27T13:59:35.475Z</time>
    <extensions>
        <provider>whs</provider>
    </extensions>
</trkpt>
<trkpt lat="42.42313526240523" lon="77.2775903192525">
    <time>2026-08-27T13:59:40.531Z</time>
    <extensions>
        <provider>whs</provider>
    </extensions>
</trkpt>
<trkpt lat="42.42316936240523" lon="77.2776147192525">
    <time>2026-08-27T13:59:42.553Z</time>
    <extensions>
        <provider>whs</provider>
    </extensions>
</trkpt>
<trkpt lat="42.42319456240523" lon="77.2776198192525">
    <time>2026-08-27T13:59:43.564Z</time>
    <extensions>
        <provider>whs</provider>
    </extensions>
</trkpt>
<trkpt lat="42.42322006240523" lon="77.2776296192525">
    <time>2026-08-27T13:59:44.575Z</time>
    <extensions>
        <provider>whs</provider>
    </extensions>
</trkpt>
<trkpt lat="42.423243062405234" lon="77.2776381192525">
    <time>2026-08-27T13:59:45.586Z</time>
    <extensions>
        <provider>whs</provider>
    </extensions>
</trkpt>
<trkpt lat="42.42329186240523" lon="77.2776382192525">
    <time>2026-08-27T13:59:50.639Z</time>
    <extensions>
        <provider>whs</provider>
    </extensions>
</trkpt>
<trkpt lat="42.423310562405234" lon="77.2776387192525">
    <time>2026-08-27T13:59:52.664Z</time>
    <extensions>
        <provider>whs</provider>
    </extensions>
</trkpt>
<trkpt lat="42.423345162405234" lon="77.2776352192525">
    <time>2026-08-27T13:59:55.683Z</time>
    <extensions>
        <provider>whs</provider>
    </extensions>
</trkpt>
<trkpt lat="42.42336366240523" lon="77.2776432192525">
    <time>2026-08-27T13:59:57.704Z</time>
    <extensions>
        <provider>whs</provider>
    </extensions>
</trkpt>
<trkpt lat="42.42340266240523" lon="77.2776802192525">
    <time>2026-08-27T14:00:03.756Z</time>
    <extensions>
        <provider>whs</provider>
    </extensions>
</trkpt>
<trkpt lat="42.423424262405234" lon="77.27768351925249">
    <time>2026-08-27T14:00:06.788Z</time>
    <extensions>
        <provider>whs</provider>
    </extensions>
</trkpt>
<trkpt lat="42.423461362405234" lon="77.27769501925249">
    <time>2026-08-27T14:00:11.843Z</time>
    <extensions>
        <provider>whs</provider>
    </extensions>
</trkpt>
<trkpt lat="42.42347566240523" lon="77.27771151925249">
    <time>2026-08-27T14:00:12.854Z</time>
    <extensions>
        <provider>whs</provider>
    </extensions>
</trkpt>
<trkpt lat="42.423500262405234" lon="77.2777250192525">
    <time>2026-08-27T14:00:14.878Z</time>
    <extensions>
        <provider>whs</provider>
    </extensions>
</trkpt>
<trkpt lat="42.42352226240523" lon="77.2777480192525">
    <time>2026-08-27T14:00:18.913Z</time>
    <extensions>
        <provider>whs</provider>
    </extensions>
</trkpt>
<trkpt lat="42.42354916240523" lon="77.2777519192525">
    <time>2026-08-27T14:00:20.934Z</time>
    <extensions>
        <provider>whs</provider>
    </extensions>
</trkpt>
<trkpt lat="42.42361406240523" lon="77.27776321925249">
    <time>2026-08-27T14:00:23.968Z</time>
    <extensions>
        <provider>whs</provider>
    </extensions>
</trkpt>
<trkpt lat="42.423637062405234" lon="77.27777541925249">
    <time>2026-08-27T14:00:27.000Z</time>
    <extensions>
        <provider>whs</provider>
    </extensions>
</trkpt>
<trkpt lat="42.42368066240523" lon="77.2777952192525">
    <time>2026-08-27T14:00:29.025Z</time>
    <extensions>
        <provider>whs</provider>
    </extensions>
</trkpt>
<trkpt lat="42.42370916240523" lon="77.2778017192525">
    <time>2026-08-27T14:00:30.036Z</time>
    <extensions>
        <provider>whs</provider>
    </extensions>
</trkpt>
<trkpt lat="42.423729462405234" lon="77.2778182192525">
    <time>2026-08-27T14:00:31.048Z</time>
    <extensions>
        <provider>whs</provider>
    </extensions>
</trkpt>
<trkpt lat="42.423764762405234" lon="77.2778424192525">
    <time>2026-08-27T14:00:33.070Z</time>
    <extensions>
        <provider>whs</provider>
    </extensions>
</trkpt>
<trkpt lat="42.423784262405235" lon="77.2778498192525">
    <time>2026-08-27T14:00:34.084Z</time>
    <extensions>
        <provider>whs</provider>
    </extensions>
</trkpt>
<trkpt lat="42.42381206240523" lon="77.2778472192525">
    <time>2026-08-27T14:00:42.163Z</time>
    <extensions>
        <provider>whs</provider>
    </extensions>
</trkpt>
<trkpt lat="42.42384486240523" lon="77.27783861925249">
    <time>2026-08-27T14:00:43.174Z</time>
    <extensions>
        <provider>whs</provider>
    </extensions>
</trkpt>
<trkpt lat="42.42386226240523" lon="77.2777998192525">
    <time>2026-08-27T14:00:45.196Z</time>
    <extensions>
        <provider>whs</provider>
    </extensions>
</trkpt>
<trkpt lat="42.423885762405234" lon="77.2777591192525">
    <time>2026-08-27T14:00:50.249Z</time>
    <extensions>
        <provider>whs</provider>
    </extensions>
</trkpt>
<trkpt lat="42.42389506240523" lon="77.27773261925249">
    <time>2026-08-27T14:00:51.260Z</time>
    <extensions>
        <provider>whs</provider>
    </extensions>
</trkpt>
<trkpt lat="42.42391416240523" lon="77.2777031192525">
    <time>2026-08-27T14:00:53.284Z</time>
    <extensions>
        <provider>whs</provider>
    </extensions>
</trkpt>
<trkpt lat="42.42391166240523" lon="77.27767251925249">
    <time>2026-08-27T14:00:55.305Z</time>
    <extensions>
        <provider>whs</provider>
    </extensions>
</trkpt>
<trkpt lat="42.42392306240523" lon="77.2776376192525">
    <time>2026-08-27T14:00:57.327Z</time>
    <extensions>
        <provider>whs</provider>
    </extensions>
</trkpt>
<trkpt lat="42.42393056240523" lon="77.2776003192525">
    <time>2026-08-27T14:01:02.376Z</time>
    <extensions>
        <provider>whs</provider>
    </extensions>
</trkpt>
<trkpt lat="42.42393416240523" lon="77.2775716192525">
    <time>2026-08-27T14:01:04.396Z</time>
    <extensions>
        <provider>whs</provider>
    </extensions>
</trkpt>
<trkpt lat="42.42395226240523" lon="77.2775438192525">
    <time>2026-08-27T14:01:07.429Z</time>
    <extensions>
        <provider>whs</provider>
    </extensions>
</trkpt>
<trkpt lat="42.423984262405234" lon="77.27748581925249">
    <time>2026-08-27T14:01:10.464Z</time>
    <extensions>
        <provider>whs</provider>
    </extensions>
</trkpt>
<trkpt lat="42.42399496240523" lon="77.2774603192525">
    <time>2026-08-27T14:01:12.484Z</time>
    <extensions>
        <provider>whs</provider>
    </extensions>
</trkpt>
<trkpt lat="42.424012262405235" lon="77.27744321925249">
    <time>2026-08-27T14:01:15.516Z</time>
    <extensions>
        <provider>whs</provider>
    </extensions>
</trkpt>
<trkpt lat="42.42402796240523" lon="77.27739651925249">
    <time>2026-08-27T14:01:18.548Z</time>
    <extensions>
        <provider>whs</provider>
    </extensions>
</trkpt>
<trkpt lat="42.42404216240523" lon="77.2773549192525">
    <time>2026-08-27T14:01:21.584Z</time>
    <extensions>
        <provider>whs</provider>
    </extensions>
</trkpt>
<trkpt lat="42.42405606240523" lon="77.27731941925249">
    <time>2026-08-27T14:01:23.605Z</time>
    <extensions>
        <provider>whs</provider>
    </extensions>
</trkpt>
<trkpt lat="42.42406306240523" lon="77.2772779192525">
    <time>2026-08-27T14:01:26.636Z</time>
    <extensions>
        <provider>whs</provider>
    </extensions>
</trkpt>
<trkpt lat="42.42406626240523" lon="77.2772085192525">
    <time>2026-08-27T14:01:30.683Z</time>
    <extensions>
        <provider>whs</provider>
    </extensions>
</trkpt>
<trkpt lat="42.42406836240523" lon="77.2771814192525">
    <time>2026-08-27T14:01:32.704Z</time>
    <extensions>
        <provider>whs</provider>
    </extensions>
</trkpt>
<trkpt lat="42.42408966240523" lon="77.2771549192525">
    <time>2026-08-27T14:01:36.749Z</time>
    <extensions>
        <provider>whs</provider>
    </extensions>
</trkpt>
<trkpt lat="42.42409596240523" lon="77.27711811925249">
    <time>2026-08-27T14:01:38.773Z</time>
    <extensions>
        <provider>whs</provider>
    </extensions>
</trkpt>
<trkpt lat="42.42410476240523" lon="77.2770831192525">
    <time>2026-08-27T14:01:39.782Z</time>
    <extensions>
        <provider>whs</provider>
    </extensions>
</trkpt>
<trkpt lat="42.42411576240523" lon="77.2770453192525">
    <time>2026-08-27T14:01:42.817Z</time>
    <extensions>
        <provider>whs</provider>
    </extensions>
</trkpt>
<trkpt lat="42.42412856240523" lon="77.2770256192525">
    <time>2026-08-27T14:01:44.839Z</time>
    <extensions>
        <provider>whs</provider>
    </extensions>
</trkpt>
<trkpt lat="42.42412256240523" lon="77.2769838192525">
    <time>2026-08-27T14:01:47.872Z</time>
    <extensions>
        <provider>whs</provider>
    </extensions>
</trkpt>
<trkpt lat="42.42411916240523" lon="77.2769444192525">
    <time>2026-08-27T14:01:49.896Z</time>
    <extensions>
        <provider>whs</provider>
    </extensions>
</trkpt>
<trkpt lat="42.42409816240523" lon="77.2769112192525">
    <time>2026-08-27T14:01:51.910Z</time>
    <extensions>
        <provider>whs</provider>
    </extensions>
</trkpt>
<trkpt lat="42.42407556240523" lon="77.27687921925249">
    <time>2026-08-27T14:01:53.933Z</time>
    <extensions>
        <provider>whs</provider>
    </extensions>
</trkpt>
<trkpt lat="42.424079162405235" lon="77.27685001925249">
    <time>2026-08-27T14:02:02.025Z</time>
    <extensions>
        <provider>whs</provider>
    </extensions>
</trkpt>
<trkpt lat="42.42407046240523" lon="77.27680791925249">
    <time>2026-08-27T14:02:04.047Z</time>
    <extensions>
        <provider>whs</provider>
    </extensions>
</trkpt>
<trkpt lat="42.42404276240523" lon="77.2767692192525">
    <time>2026-08-27T14:02:06.068Z</time>
    <extensions>
        <provider>whs</provider>
    </extensions>
</trkpt>
<trkpt lat="42.424018862405234" lon="77.2767571192525">
    <time>2026-08-27T14:02:10.114Z</time>
    <extensions>
        <provider>whs</provider>
    </extensions>
</trkpt>
<trkpt lat="42.42399416240523" lon="77.27674091925249">
    <time>2026-08-27T14:02:14.156Z</time>
    <extensions>
        <provider>whs</provider>
    </extensions>
</trkpt>
<trkpt lat="42.42397276240523" lon="77.2767281192525">
    <time>2026-08-27T14:02:16.179Z</time>
    <extensions>
        <provider>whs</provider>
    </extensions>
</trkpt>
<trkpt lat="42.423963562405234" lon="77.2767018192525">
    <time>2026-08-27T14:02:19.215Z</time>
    <extensions>
        <provider>whs</provider>
    </extensions>
</trkpt>
<trkpt lat="42.42394426240523" lon="77.27668631925249">
    <time>2026-08-27T14:02:20.226Z</time>
    <extensions>
        <provider>whs</provider>
    </extensions>
</trkpt>
<trkpt lat="42.42394266240523" lon="77.2766465192525">
    <time>2026-08-27T14:02:22.254Z</time>
    <extensions>
        <provider>whs</provider>
    </extensions>
</trkpt>
<trkpt lat="42.42394266240523" lon="77.27660731925249">
    <time>2026-08-27T14:02:25.286Z</time>
    <extensions>
        <provider>whs</provider>
    </extensions>
</trkpt>
<trkpt lat="42.42395036240523" lon="77.2765807192525">
    <time>2026-08-27T14:02:26.296Z</time>
    <extensions>
        <provider>whs</provider>
    </extensions>
</trkpt>
<trkpt lat="42.42393946240523" lon="77.27654961925249">
    <time>2026-08-27T14:02:29.328Z</time>
    <extensions>
        <provider>whs</provider>
    </extensions>
</trkpt>
<trkpt lat="42.42392846240523" lon="77.27651441925249">
    <time>2026-08-27T14:02:33.366Z</time>
    <extensions>
        <provider>whs</provider>
    </extensions>
</trkpt>
<trkpt lat="42.42390536240523" lon="77.27650581925249">
    <time>2026-08-27T14:02:37.403Z</time>
    <extensions>
        <provider>whs</provider>
    </extensions>
</trkpt>
<trkpt lat="42.42390816240523" lon="77.2764796192525">
    <time>2026-08-27T14:02:41.447Z</time>
    <extensions>
        <provider>whs</provider>
    </extensions>
</trkpt>
<trkpt lat="42.42390996240523" lon="77.2764535192525">
    <time>2026-08-27T14:02:45.472Z</time>
    <extensions>
        <provider>whs</provider>
    </extensions>
</trkpt>
<trkpt lat="42.42388006240523" lon="77.27640841925249">
    <time>2026-08-27T14:02:50.522Z</time>
    <extensions>
        <provider>whs</provider>
    </extensions>
</trkpt>
<trkpt lat="42.42387326240523" lon="77.2763776192525">
    <time>2026-08-27T14:02:54.557Z</time>
    <extensions>
        <provider>whs</provider>
    </extensions>
</trkpt>
<trkpt lat="42.42385396240523" lon="77.2763413192525">
    <time>2026-08-27T14:02:56.581Z</time>
    <extensions>
        <provider>whs</provider>
    </extensions>
</trkpt>
<trkpt lat="42.42384226240523" lon="77.2763189192525">
    <time>2026-08-27T14:02:58.605Z</time>
    <extensions>
        <provider>whs</provider>
    </extensions>
</trkpt>
<trkpt lat="42.42382696240523" lon="77.2762929192525">
    <time>2026-08-27T14:03:00.627Z</time>
    <extensions>
        <provider>whs</provider>
    </extensions>
</trkpt>
<trkpt lat="42.42381836240523" lon="77.2762680192525">
    <time>2026-08-27T14:03:02.648Z</time>
    <extensions>
        <provider>whs</provider>
    </extensions>
</trkpt>
<trkpt lat="42.42383396240523" lon="77.27628611925249">
    <time>2026-08-27T14:03:14.743Z</time>
    <extensions>
        <provider>whs</provider>
    </extensions>
</trkpt>
<trkpt lat="42.42385466240523" lon="77.2763012192525">
    <time>2026-08-27T14:03:16.755Z</time>
    <extensions>
        <provider>whs</provider>
    </extensions>
</trkpt>
<trkpt lat="42.42387386240523" lon="77.27629181925249">
    <time>2026-08-27T14:03:22.794Z</time>
    <extensions>
        <provider>whs</provider>
    </extensions>
</trkpt>
<trkpt lat="42.42386726240523" lon="77.27626261925249">
    <time>2026-08-27T14:03:25.829Z</time>
    <extensions>
        <provider>whs</provider>
    </extensions>
</trkpt>
<trkpt lat="42.42388836240523" lon="77.2762550192525">
    <time>2026-08-27T14:03:28.854Z</time>
    <extensions>
        <provider>whs</provider>
    </extensions>
</trkpt>
<trkpt lat="42.42390126240523" lon="77.27622481925249">
    <time>2026-08-27T14:03:31.890Z</time>
    <extensions>
        <provider>whs</provider>
    </extensions>
</trkpt>
<trkpt lat="42.42392636240523" lon="77.2761947192525">
    <time>2026-08-27T14:03:35.936Z</time>
    <extensions>
        <provider>whs</provider>
    </extensions>
</trkpt>
<trkpt lat="42.42394316240523" lon="77.2761790192525">
    <time>2026-08-27T14:03:37.959Z</time>
    <extensions>
        <provider>whs</provider>
    </extensions>
</trkpt>
<trkpt lat="42.423964762405234" lon="77.2761732192525">
    <time>2026-08-27T14:03:45.038Z</time>
    <extensions>
        <provider>whs</provider>
    </extensions>
</trkpt>
<trkpt lat="42.42399016240523" lon="77.2761839192525">
    <time>2026-08-27T14:03:47.060Z</time>
    <extensions>
        <provider>whs</provider>
    </extensions>
</trkpt>
<trkpt lat="42.42399856240523" lon="77.27615131925249">
    <time>2026-08-27T14:03:49.084Z</time>
    <extensions>
        <provider>whs</provider>
    </extensions>
</trkpt>
<trkpt lat="42.42399416240523" lon="77.2761211192525">
    <time>2026-08-27T14:03:52.112Z</time>
    <extensions>
        <provider>whs</provider>
    </extensions>
</trkpt>
<trkpt lat="42.42401196240523" lon="77.2761338192525">
    <time>2026-08-27T14:03:58.177Z</time>
    <extensions>
        <provider>whs</provider>
    </extensions>
</trkpt>
<trkpt lat="42.424018962405235" lon="77.27609721925249">
    <time>2026-08-27T14:04:04.243Z</time>
    <extensions>
        <provider>whs</provider>
    </extensions>
</trkpt>
<trkpt lat="42.424032262405234" lon="77.2760621192525">
    <time>2026-08-27T14:04:07.278Z</time>
    <extensions>
        <provider>whs</provider>
    </extensions>
</trkpt>
<trkpt lat="42.42404546240523" lon="77.2760425192525">
    <time>2026-08-27T14:04:13.344Z</time>
    <extensions>
        <provider>whs</provider>
    </extensions>
</trkpt>
<trkpt lat="42.42405156240523" lon="77.2760185192525">
    <time>2026-08-27T14:04:16.375Z</time>
    <extensions>
        <provider>whs</provider>
    </extensions>
</trkpt>
<trkpt lat="42.42403426240523" lon="77.2759735192525">
    <time>2026-08-27T14:04:18.397Z</time>
    <extensions>
        <provider>whs</provider>
    </extensions>
</trkpt>
<trkpt lat="42.424001262405234" lon="77.2759668192525">
    <time>2026-08-27T14:04:22.438Z</time>
    <extensions>
        <provider>whs</provider>
    </extensions>
</trkpt>
<trkpt lat="42.42397916240523" lon="77.2759885192525">
    <time>2026-08-27T14:04:25.471Z</time>
    <extensions>
        <provider>whs</provider>
    </extensions>
</trkpt>
<trkpt lat="42.42397646240523" lon="77.2760147192525">
    <time>2026-08-27T14:04:26.482Z</time>
    <extensions>
        <provider>whs</provider>
    </extensions>
</trkpt>
<trkpt lat="42.42394546240523" lon="77.2759984192525">
    <time>2026-08-27T14:04:28.502Z</time>
    <extensions>
        <provider>whs</provider>
    </extensions>
</trkpt>
<trkpt lat="42.42397826240523" lon="77.2759678192525">
    <time>2026-08-27T14:04:30.526Z</time>
    <extensions>
        <provider>whs</provider>
    </extensions>
</trkpt>
<trkpt lat="42.42399466240523" lon="77.27599121925249">
    <time>2026-08-27T14:04:32.547Z</time>
    <extensions>
        <provider>whs</provider>
    </extensions>
</trkpt>
<trkpt lat="42.42402106240523" lon="77.2760224192525">
    <time>2026-08-27T14:04:36.594Z</time>
    <extensions>
        <provider>whs</provider>
    </extensions>
</trkpt>
<trkpt lat="42.42400136240523" lon="77.2760174192525">
    <time>2026-08-27T14:04:45.697Z</time>
    <extensions>
        <provider>whs</provider>
    </extensions>
</trkpt>
<trkpt lat="42.42401486240523" lon="77.2760495192525">
    <time>2026-08-27T14:04:49.747Z</time>
    <extensions>
        <provider>whs</provider>
    </extensions>
</trkpt>
<trkpt lat="42.42402506240523" lon="77.2760756192525">
    <time>2026-08-27T14:04:51.769Z</time>
    <extensions>
        <provider>whs</provider>
    </extensions>
</trkpt>
<trkpt lat="42.42402946240523" lon="77.2761060192525">
    <time>2026-08-27T14:04:57.839Z</time>
    <extensions>
        <provider>whs</provider>
    </extensions>
</trkpt>
<trkpt lat="42.42404396240523" lon="77.27612451925249">
    <time>2026-08-27T14:05:01.887Z</time>
    <extensions>
        <provider>whs</provider>
    </extensions>
</trkpt>
<trkpt lat="42.424041362405234" lon="77.2761602192525">
    <time>2026-08-27T14:05:04.920Z</time>
    <extensions>
        <provider>whs</provider>
    </extensions>
</trkpt>
<trkpt lat="42.42402336240523" lon="77.2761900192525">
    <time>2026-08-27T14:05:06.944Z</time>
    <extensions>
        <provider>whs</provider>
    </extensions>
</trkpt>
<trkpt lat="42.42402656240523" lon="77.2762388192525">
    <time>2026-08-27T14:05:13.014Z</time>
    <extensions>
        <provider>whs</provider>
    </extensions>
</trkpt>
<trkpt lat="42.42400906240523" lon="77.27626361925249">
    <time>2026-08-27T14:05:16.047Z</time>
    <extensions>
        <provider>whs</provider>
    </extensions>
</trkpt>
<trkpt lat="42.423998862405234" lon="77.2762867192525">
    <time>2026-08-27T14:05:18.071Z</time>
    <extensions>
        <provider>whs</provider>
    </extensions>
</trkpt>
<trkpt lat="42.42400756240523" lon="77.2763281192525">
    <time>2026-08-27T14:05:21.105Z</time>
    <extensions>
        <provider>whs</provider>
    </extensions>
</trkpt>
<trkpt lat="42.424023162405234" lon="77.2763418192525">
    <time>2026-08-27T14:05:22.117Z</time>
    <extensions>
        <provider>whs</provider>
    </extensions>
</trkpt>
<trkpt lat="42.42401986240523" lon="77.2763819192525">
    <time>2026-08-27T14:05:25.153Z</time>
    <extensions>
        <provider>whs</provider>
    </extensions>
</trkpt>
<trkpt lat="42.42399316240523" lon="77.27639741925249">
    <time>2026-08-27T14:05:28.184Z</time>
    <extensions>
        <provider>whs</provider>
    </extensions>
</trkpt>
<trkpt lat="42.423969062405234" lon="77.27639381925249">
    <time>2026-08-27T14:05:30.208Z</time>
    <extensions>
        <provider>whs</provider>
    </extensions>
</trkpt>
<trkpt lat="42.423936162405234" lon="77.2763901192525">
    <time>2026-08-27T14:05:41.331Z</time>
    <extensions>
        <provider>whs</provider>
    </extensions>
</trkpt>
<trkpt lat="42.42392256240523" lon="77.2763619192525">
    <time>2026-08-27T14:05:51.446Z</time>
    <extensions>
        <provider>whs</provider>
    </extensions>
</trkpt>
<trkpt lat="42.42389376240523" lon="77.2763571192525">
    <time>2026-08-27T14:05:56.502Z</time>
    <extensions>
        <provider>whs</provider>
    </extensions>
</trkpt>
<trkpt lat="42.42387196240523" lon="77.2763414192525">
    <time>2026-08-27T14:05:59.532Z</time>
    <extensions>
        <provider>whs</provider>
    </extensions>
</trkpt>
<trkpt lat="42.42385986240523" lon="77.2763687192525">
    <time>2026-08-27T14:06:02.568Z</time>
    <extensions>
        <provider>whs</provider>
    </extensions>
</trkpt>
<trkpt lat="42.42383966240523" lon="77.2763424192525">
    <time>2026-08-27T14:06:07.620Z</time>
    <extensions>
        <provider>whs</provider>
    </extensions>
</trkpt>
<trkpt lat="42.423866962405235" lon="77.2763619192525">
    <time>2026-08-27T14:06:13.684Z</time>
    <extensions>
        <provider>whs</provider>
    </extensions>
</trkpt>
<trkpt lat="42.42388316240523" lon="77.27633971925249">
    <time>2026-08-27T14:06:15.708Z</time>
    <extensions>
        <provider>whs</provider>
    </extensions>
</trkpt>
<trkpt lat="42.42386526240523" lon="77.2763079192525">
    <time>2026-08-27T14:06:20.762Z</time>
    <extensions>
        <provider>whs</provider>
    </extensions>
</trkpt>
<trkpt lat="42.42384176240523" lon="77.2763024192525">
    <time>2026-08-27T14:06:23.796Z</time>
    <extensions>
        <provider>whs</provider>
    </extensions>
</trkpt>
<trkpt lat="42.42382016240523" lon="77.2762795192525">
    <time>2026-08-27T14:06:24.805Z</time>
    <extensions>
        <provider>whs</provider>
    </extensions>
</trkpt>
<trkpt lat="42.42378936240523" lon="77.27624201925249">
    <time>2026-08-27T14:06:25.816Z</time>
    <extensions>
        <provider>whs</provider>
    </extensions>
</trkpt>
<trkpt lat="42.42380136240523" lon="77.2762910192525">
    <time>2026-08-27T14:06:27.838Z</time>
    <extensions>
        <provider>whs</provider>
    </extensions>
</trkpt>
<trkpt lat="42.42379476240523" lon="77.27631911925249">
    <time>2026-08-27T14:06:28.850Z</time>
    <extensions>
        <provider>whs</provider>
    </extensions>
</trkpt>
<trkpt lat="42.423775662405234" lon="77.2763369192525">
    <time>2026-08-27T14:06:29.861Z</time>
    <extensions>
        <provider>whs</provider>
    </extensions>
</trkpt>
<trkpt lat="42.423793962405234" lon="77.27637681925249">
    <time>2026-08-27T14:06:30.872Z</time>
    <extensions>
        <provider>whs</provider>
    </extensions>
</trkpt>
<trkpt lat="42.42380336240523" lon="77.27642561925249">
    <time>2026-08-27T14:06:31.883Z</time>
    <extensions>
        <provider>whs</provider>
    </extensions>
</trkpt>
<trkpt lat="42.424079062405234" lon="77.2764921192525">
    <time>2026-08-27T14:06:32.896Z</time>
    <extensions>
        <provider>whs</provider>
    </extensions>
</trkpt>
<trkpt lat="42.42413756240523" lon="77.2765182192525">
    <time>2026-08-27T14:06:34.920Z</time>
    <extensions>
        <provider>whs</provider>
    </extensions>
</trkpt>
<trkpt lat="42.42402456240523" lon="77.2764152192525">
    <time>2026-08-27T14:06:35.931Z</time>
    <extensions>
        <provider>whs</provider>
    </extensions>
</trkpt>
<trkpt lat="42.42398686240523" lon="77.2763755192525">
    <time>2026-08-27T14:06:36.942Z</time>
    <extensions>
        <provider>whs</provider>
    </extensions>
</trkpt>
<trkpt lat="42.42395786240523" lon="77.27634451925249">
    <time>2026-08-27T14:06:37.955Z</time>
    <extensions>
        <provider>whs</provider>
    </extensions>
</trkpt>
<trkpt lat="42.42392906240523" lon="77.2763305192525">
    <time>2026-08-27T14:06:38.967Z</time>
    <extensions>
        <provider>whs</provider>
    </extensions>
</trkpt>
<trkpt lat="42.42390746240523" lon="77.2763248192525">
    <time>2026-08-27T14:06:43.017Z</time>
    <extensions>
        <provider>whs</provider>
    </extensions>
</trkpt>
<trkpt lat="42.42387156240523" lon="77.2763242192525">
    <time>2026-08-27T14:06:49.082Z</time>
    <extensions>
        <provider>whs</provider>
    </extensions>
</trkpt>
<trkpt lat="42.42385086240523" lon="77.2763475192525">
    <time>2026-08-27T14:06:58.171Z</time>
    <extensions>
        <provider>whs</provider>
    </extensions>
</trkpt>
<trkpt lat="42.42386906240523" lon="77.2763430192525">
    <time>2026-08-27T14:07:08.232Z</time>
    <extensions>
        <provider>whs</provider>
    </extensions>
</trkpt>
<trkpt lat="42.423862662405234" lon="77.2763697192525">
    <time>2026-08-27T14:07:11.250Z</time>
    <extensions>
        <provider>whs</provider>
    </extensions>
</trkpt>
<trkpt lat="42.42385026240523" lon="77.2763891192525">
    <time>2026-08-27T14:07:14.269Z</time>
    <extensions>
        <provider>whs</provider>
    </extensions>
</trkpt>
<trkpt lat="42.42385686240523" lon="77.2764169192525">
    <time>2026-08-27T14:07:18.294Z</time>
    <extensions>
        <provider>whs</provider>
    </extensions>
</trkpt>
<trkpt lat="42.42387366240523" lon="77.2764274192525">
    <time>2026-08-27T14:07:21.312Z</time>
    <extensions>
        <provider>whs</provider>
    </extensions>
</trkpt>
<trkpt lat="42.42389966240523" lon="77.2764325192525">
    <time>2026-08-27T14:07:23.325Z</time>
    <extensions>
        <provider>whs</provider>
    </extensions>
</trkpt>
<trkpt lat="42.42392006240523" lon="77.2764408192525">
    <time>2026-08-27T14:07:25.337Z</time>
    <extensions>
        <provider>whs</provider>
    </extensions>
</trkpt>
<trkpt lat="42.42394146240523" lon="77.27643901925249">
    <time>2026-08-27T14:07:27.349Z</time>
    <extensions>
        <provider>whs</provider>
    </extensions>
</trkpt>
<trkpt lat="42.42393216240523" lon="77.2764101192525">
    <time>2026-08-27T14:07:34.392Z</time>
    <extensions>
        <provider>whs</provider>
    </extensions>
</trkpt>
<trkpt lat="42.42390476240523" lon="77.27640911925249">
    <time>2026-08-27T14:07:36.405Z</time>
    <extensions>
        <provider>whs</provider>
    </extensions>
</trkpt>
<trkpt lat="42.42388826240523" lon="77.2763857192525">
    <time>2026-08-27T14:07:39.423Z</time>
    <extensions>
        <provider>whs</provider>
    </extensions>
</trkpt>
<trkpt lat="42.42387066240523" lon="77.2763802192525">
    <time>2026-08-27T14:07:42.442Z</time>
    <extensions>
        <provider>whs</provider>
    </extensions>
</trkpt>
<trkpt lat="42.423846262405235" lon="77.2763702192525">
    <time>2026-08-27T14:07:46.467Z</time>
    <extensions>
        <provider>whs</provider>
    </extensions>
</trkpt>
<trkpt lat="42.42382996240523" lon="77.2763489192525">
    <time>2026-08-27T14:07:58.541Z</time>
    <extensions>
        <provider>whs</provider>
    </extensions>
</trkpt>
<trkpt lat="42.423848062405234" lon="77.2763406192525">
    <time>2026-08-27T14:08:24.708Z</time>
    <extensions>
        <provider>whs</provider>
    </extensions>
</trkpt>
<trkpt lat="42.42382806240523" lon="77.2763379192525">
    <time>2026-08-27T14:08:30.747Z</time>
    <extensions>
        <provider>whs</provider>
    </extensions>
</trkpt>
<trkpt lat="42.423845062405235" lon="77.27632821925249">
    <time>2026-08-27T14:08:44.838Z</time>
    <extensions>
        <provider>whs</provider>
    </extensions>
</trkpt>
<trkpt lat="42.423828562405234" lon="77.2763451192525">
    <time>2026-08-27T14:09:04.968Z</time>
    <extensions>
        <provider>whs</provider>
    </extensions>
</trkpt>
<trkpt lat="42.423807362405235" lon="77.2763383192525">
    <time>2026-08-27T14:09:05.975Z</time>
    <extensions>
        <provider>whs</provider>
    </extensions>
</trkpt>
<trkpt lat="42.42378166240523" lon="77.27632531925249">
    <time>2026-08-27T14:09:06.982Z</time>
    <extensions>
        <provider>whs</provider>
    </extensions>
</trkpt>
<trkpt lat="42.42373816240523" lon="77.2763053192525">
    <time>2026-08-27T14:09:07.989Z</time>
    <extensions>
        <provider>whs</provider>
    </extensions>
</trkpt>
<trkpt lat="42.42370316240523" lon="77.2763032192525">
    <time>2026-08-27T14:09:08.995Z</time>
    <extensions>
        <provider>whs</provider>
    </extensions>
</trkpt>
<trkpt lat="42.42365486240523" lon="77.2763017192525">
    <time>2026-08-27T14:09:10.002Z</time>
    <extensions>
        <provider>whs</provider>
    </extensions>
</trkpt>
<trkpt lat="42.42360876240523" lon="77.2762953192525">
    <time>2026-08-27T14:09:11.008Z</time>
    <extensions>
        <provider>whs</provider>
    </extensions>
</trkpt>
<trkpt lat="42.42355566240523" lon="77.27627841925249">
    <time>2026-08-27T14:09:12.015Z</time>
    <extensions>
        <provider>whs</provider>
    </extensions>
</trkpt>
<trkpt lat="42.42350666240523" lon="77.27625831925249">
    <time>2026-08-27T14:09:13.022Z</time>
    <extensions>
        <provider>whs</provider>
    </extensions>
</trkpt>
<trkpt lat="42.42346506240523" lon="77.2762443192525">
    <time>2026-08-27T14:09:14.028Z</time>
    <extensions>
        <provider>whs</provider>
    </extensions>
</trkpt>
<trkpt lat="42.42343246240523" lon="77.2762297192525">
    <time>2026-08-27T14:09:15.035Z</time>
    <extensions>
        <provider>whs</provider>
    </extensions>
</trkpt>
<trkpt lat="42.42340066240523" lon="77.2762197192525">
    <time>2026-08-27T14:09:16.041Z</time>
    <extensions>
        <provider>whs</provider>
    </extensions>
</trkpt>
<trkpt lat="42.42337526240523" lon="77.2762015192525">
    <time>2026-08-27T14:09:17.048Z</time>
    <extensions>
        <provider>whs</provider>
    </extensions>
</trkpt>
<trkpt lat="42.42334486240523" lon="77.2761957192525">
    <time>2026-08-27T14:09:18.055Z</time>
    <extensions>
        <provider>whs</provider>
    </extensions>
</trkpt>
<trkpt lat="42.423314162405234" lon="77.2761880192525">
    <time>2026-08-27T14:09:19.061Z</time>
    <extensions>
        <provider>whs</provider>
    </extensions>
</trkpt>
<trkpt lat="42.42327806240523" lon="77.2761922192525">
    <time>2026-08-27T14:09:20.068Z</time>
    <extensions>
        <provider>whs</provider>
    </extensions>
</trkpt>
<trkpt lat="42.423232762405235" lon="77.2761831192525">
    <time>2026-08-27T14:09:21.075Z</time>
    <extensions>
        <provider>whs</provider>
    </extensions>
</trkpt>
<trkpt lat="42.42319356240523" lon="77.2761950192525">
    <time>2026-08-27T14:09:22.082Z</time>
    <extensions>
        <provider>whs</provider>
    </extensions>
</trkpt>
<trkpt lat="42.42314776240523" lon="77.2761955192525">
    <time>2026-08-27T14:09:23.089Z</time>
    <extensions>
        <provider>whs</provider>
    </extensions>
</trkpt>
<trkpt lat="42.42310876240523" lon="77.2761938192525">
    <time>2026-08-27T14:09:24.096Z</time>
    <extensions>
        <provider>whs</provider>
    </extensions>
</trkpt>
<trkpt lat="42.42307056240523" lon="77.27618961925249">
    <time>2026-08-27T14:09:25.102Z</time>
    <extensions>
        <provider>whs</provider>
    </extensions>
</trkpt>
<trkpt lat="42.42302086240523" lon="77.2761787192525">
    <time>2026-08-27T14:09:26.110Z</time>
    <extensions>
        <provider>whs</provider>
    </extensions>
</trkpt>
<trkpt lat="42.42297876240523" lon="77.27618051925249">
    <time>2026-08-27T14:09:27.115Z</time>
    <extensions>
        <provider>whs</provider>
    </extensions>
</trkpt>
<trkpt lat="42.42293456240523" lon="77.2761921192525">
    <time>2026-08-27T14:09:28.122Z</time>
    <extensions>
        <provider>whs</provider>
    </extensions>
</trkpt>
<trkpt lat="42.42288926240523" lon="77.2762172192525">
    <time>2026-08-27T14:09:29.128Z</time>
    <extensions>
        <provider>whs</provider>
    </extensions>
</trkpt>
<trkpt lat="42.42285166240523" lon="77.2762336192525">
    <time>2026-08-27T14:09:30.135Z</time>
    <extensions>
        <provider>whs</provider>
    </extensions>
</trkpt>
<trkpt lat="42.42281786240523" lon="77.2762542192525">
    <time>2026-08-27T14:09:31.142Z</time>
    <extensions>
        <provider>whs</provider>
    </extensions>
</trkpt>
<trkpt lat="42.42279156240523" lon="77.2762806192525">
    <time>2026-08-27T14:09:32.147Z</time>
    <extensions>
        <provider>whs</provider>
    </extensions>
</trkpt>
<trkpt lat="42.422766362405234" lon="77.2763079192525">
    <time>2026-08-27T14:09:33.154Z</time>
    <extensions>
        <provider>whs</provider>
    </extensions>
</trkpt>
<trkpt lat="42.422749962405234" lon="77.2763465192525">
    <time>2026-08-27T14:09:34.160Z</time>
    <extensions>
        <provider>whs</provider>
    </extensions>
</trkpt>
<trkpt lat="42.422739062405235" lon="77.2763908192525">
    <time>2026-08-27T14:09:35.166Z</time>
    <extensions>
        <provider>whs</provider>
    </extensions>
</trkpt>
<trkpt lat="42.42274136240523" lon="77.2764612192525">
    <time>2026-08-27T14:09:36.173Z</time>
    <extensions>
        <provider>whs</provider>
    </extensions>
</trkpt>
<trkpt lat="42.42272946240523" lon="77.2765248192525">
    <time>2026-08-27T14:09:37.179Z</time>
    <extensions>
        <provider>whs</provider>
    </extensions>
</trkpt>
<trkpt lat="42.42274476240523" lon="77.27659031925249">
    <time>2026-08-27T14:09:38.186Z</time>
    <extensions>
        <provider>whs</provider>
    </extensions>
</trkpt>
<trkpt lat="42.42276626240523" lon="77.27663771925249">
    <time>2026-08-27T14:09:39.192Z</time>
    <extensions>
        <provider>whs</provider>
    </extensions>
</trkpt>
<trkpt lat="42.42278846240523" lon="77.27667241925249">
    <time>2026-08-27T14:09:40.198Z</time>
    <extensions>
        <provider>whs</provider>
    </extensions>
</trkpt>
<trkpt lat="42.42281596240523" lon="77.2767025192525">
    <time>2026-08-27T14:09:41.204Z</time>
    <extensions>
        <provider>whs</provider>
    </extensions>
</trkpt>
<trkpt lat="42.422852762405235" lon="77.27670931925249">
    <time>2026-08-27T14:09:42.210Z</time>
    <extensions>
        <provider>whs</provider>
    </extensions>
</trkpt>
<trkpt lat="42.42289236240523" lon="77.2767151192525">
    <time>2026-08-27T14:09:43.217Z</time>
    <extensions>
        <provider>whs</provider>
    </extensions>
</trkpt>
<trkpt lat="42.422935362405234" lon="77.27672411925249">
    <time>2026-08-27T14:09:44.223Z</time>
    <extensions>
        <provider>whs</provider>
    </extensions>
</trkpt>
<trkpt lat="42.42296436240523" lon="77.2767340192525">
    <time>2026-08-27T14:09:45.229Z</time>
    <extensions>
        <provider>whs</provider>
    </extensions>
</trkpt>
<trkpt lat="42.42299776240523" lon="77.27674301925249">
    <time>2026-08-27T14:09:46.235Z</time>
    <extensions>
        <provider>whs</provider>
    </extensions>
</trkpt>
<trkpt lat="42.42303496240523" lon="77.2767632192525">
    <time>2026-08-27T14:09:47.242Z</time>
    <extensions>
        <provider>whs</provider>
    </extensions>
</trkpt>
<trkpt lat="42.42306026240523" lon="77.27678061925249">
    <time>2026-08-27T14:09:48.247Z</time>
    <extensions>
        <provider>whs</provider>
    </extensions>
</trkpt>
<trkpt lat="42.423094062405234" lon="77.2768092192525">
    <time>2026-08-27T14:09:49.253Z</time>
    <extensions>
        <provider>whs</provider>
    </extensions>
</trkpt>
<trkpt lat="42.42313096240523" lon="77.2768293192525">
    <time>2026-08-27T14:09:50.260Z</time>
    <extensions>
        <provider>whs</provider>
    </extensions>
</trkpt>
<trkpt lat="42.42317596240523" lon="77.2768427192525">
    <time>2026-08-27T14:09:51.266Z</time>
    <extensions>
        <provider>whs</provider>
    </extensions>
</trkpt>
<trkpt lat="42.42321726240523" lon="77.2768559192525">
    <time>2026-08-27T14:09:52.272Z</time>
    <extensions>
        <provider>whs</provider>
    </extensions>
</trkpt>
<trkpt lat="42.42325426240523" lon="77.2768623192525">
    <time>2026-08-27T14:09:53.278Z</time>
    <extensions>
        <provider>whs</provider>
    </extensions>
</trkpt>
<trkpt lat="42.42330196240523" lon="77.2768635192525">
    <time>2026-08-27T14:09:54.285Z</time>
    <extensions>
        <provider>whs</provider>
    </extensions>
</trkpt>
<trkpt lat="42.42334736240523" lon="77.27686151925249">
    <time>2026-08-27T14:09:55.291Z</time>
    <extensions>
        <provider>whs</provider>
    </extensions>
</trkpt>
<trkpt lat="42.42338576240523" lon="77.2768448192525">
    <time>2026-08-27T14:09:56.297Z</time>
    <extensions>
        <provider>whs</provider>
    </extensions>
</trkpt>
<trkpt lat="42.42341966240523" lon="77.2768174192525">
    <time>2026-08-27T14:09:57.304Z</time>
    <extensions>
        <provider>whs</provider>
    </extensions>
</trkpt>
<trkpt lat="42.42345796240523" lon="77.2767690192525">
    <time>2026-08-27T14:09:58.310Z</time>
    <extensions>
        <provider>whs</provider>
    </extensions>
</trkpt>
<trkpt lat="42.42348696240523" lon="77.2767240192525">
    <time>2026-08-27T14:09:59.316Z</time>
    <extensions>
        <provider>whs</provider>
    </extensions>
</trkpt>
<trkpt lat="42.42351756240523" lon="77.2766704192525">
    <time>2026-08-27T14:10:00.323Z</time>
    <extensions>
        <provider>whs</provider>
    </extensions>
</trkpt>
<trkpt lat="42.42352906240523" lon="77.2766180192525">
    <time>2026-08-27T14:10:01.329Z</time>
    <extensions>
        <provider>whs</provider>
    </extensions>
</trkpt>
<trkpt lat="42.42354056240523" lon="77.2765656192525">
    <time>2026-08-27T14:10:02.335Z</time>
    <extensions>
        <provider>whs</provider>
    </extensions>
</trkpt>
<trkpt lat="42.42355106240523" lon="77.27651011925249">
    <time>2026-08-27T14:10:03.342Z</time>
    <extensions>
        <provider>whs</provider>
    </extensions>
</trkpt>
<trkpt lat="42.42357096240523" lon="77.2764753192525">
    <time>2026-08-27T14:10:04.348Z</time>
    <extensions>
        <provider>whs</provider>
    </extensions>
</trkpt>
<trkpt lat="42.42358456240523" lon="77.2764228192525">
    <time>2026-08-27T14:10:05.355Z</time>
    <extensions>
        <provider>whs</provider>
    </extensions>
</trkpt>
<trkpt lat="42.42358696240523" lon="77.2763661192525">
    <time>2026-08-27T14:10:06.361Z</time>
    <extensions>
        <provider>whs</provider>
    </extensions>
</trkpt>
<trkpt lat="42.42359096240523" lon="77.2763051192525">
    <time>2026-08-27T14:10:07.367Z</time>
    <extensions>
        <provider>whs</provider>
    </extensions>
</trkpt>
<trkpt lat="42.42358566240523" lon="77.2762505192525">
    <time>2026-08-27T14:10:08.374Z</time>
    <extensions>
        <provider>whs</provider>
    </extensions>
</trkpt>
<trkpt lat="42.42357736240523" lon="77.2761953192525">
    <time>2026-08-27T14:10:09.381Z</time>
    <extensions>
        <provider>whs</provider>
    </extensions>
</trkpt>
<trkpt lat="42.42358226240523" lon="77.27613671925249">
    <time>2026-08-27T14:10:10.387Z</time>
    <extensions>
        <provider>whs</provider>
    </extensions>
</trkpt>
<trkpt lat="42.42359866240523" lon="77.2760820192525">
    <time>2026-08-27T14:10:11.394Z</time>
    <extensions>
        <provider>whs</provider>
    </extensions>
</trkpt>
<trkpt lat="42.423613362405234" lon="77.2760327192525">
    <time>2026-08-27T14:10:12.400Z</time>
    <extensions>
        <provider>whs</provider>
    </extensions>
</trkpt>
<trkpt lat="42.42362296240523" lon="77.2759631192525">
    <time>2026-08-27T14:10:13.406Z</time>
    <extensions>
        <provider>whs</provider>
    </extensions>
</trkpt>
<trkpt lat="42.423630362405234" lon="77.2759016192525">
    <time>2026-08-27T14:10:14.413Z</time>
    <extensions>
        <provider>whs</provider>
    </extensions>
</trkpt>
<trkpt lat="42.42364266240523" lon="77.27584011925249">
    <time>2026-08-27T14:10:15.419Z</time>
    <extensions>
        <provider>whs</provider>
    </extensions>
</trkpt>
<trkpt lat="42.42364596240523" lon="77.2757809192525">
    <time>2026-08-27T14:10:16.426Z</time>
    <extensions>
        <provider>whs</provider>
    </extensions>
</trkpt>
<trkpt lat="42.42365276240523" lon="77.2757301192525">
    <time>2026-08-27T14:10:17.433Z</time>
    <extensions>
        <provider>whs</provider>
    </extensions>
</trkpt>
<trkpt lat="42.42366966240523" lon="77.2756804192525">
    <time>2026-08-27T14:10:18.440Z</time>
    <extensions>
        <provider>whs</provider>
    </extensions>
</trkpt>
<trkpt lat="42.423645562405234" lon="77.27562521925249">
    <time>2026-08-27T14:10:19.446Z</time>
    <extensions>
        <provider>whs</provider>
    </extensions>
</trkpt>
<trkpt lat="42.42363056240523" lon="77.27557491925249">
    <time>2026-08-27T14:10:20.453Z</time>
    <extensions>
        <provider>whs</provider>
    </extensions>
</trkpt>
<trkpt lat="42.42362766240523" lon="77.27551771925249">
    <time>2026-08-27T14:10:21.460Z</time>
    <extensions>
        <provider>whs</provider>
    </extensions>
</trkpt>
<trkpt lat="42.42361656240523" lon="77.2754654192525">
    <time>2026-08-27T14:10:22.466Z</time>
    <extensions>
        <provider>whs</provider>
    </extensions>
</trkpt>
<trkpt lat="42.42359276240523" lon="77.2754067192525">
    <time>2026-08-27T14:10:23.472Z</time>
    <extensions>
        <provider>whs</provider>
    </extensions>
</trkpt>
<trkpt lat="42.42357396240523" lon="77.2753496192525">
    <time>2026-08-27T14:10:24.479Z</time>
    <extensions>
        <provider>whs</provider>
    </extensions>
</trkpt>
<trkpt lat="42.42354926240523" lon="77.2753151192525">
    <time>2026-08-27T14:10:25.485Z</time>
    <extensions>
        <provider>whs</provider>
    </extensions>
</trkpt>
<trkpt lat="42.42351436240523" lon="77.2752748192525">
    <time>2026-08-27T14:10:26.491Z</time>
    <extensions>
        <provider>whs</provider>
    </extensions>
</trkpt>
<trkpt lat="42.42348346240523" lon="77.27524701925249">
    <time>2026-08-27T14:10:27.497Z</time>
    <extensions>
        <provider>whs</provider>
    </extensions>
</trkpt>
<trkpt lat="42.42344176240523" lon="77.27522781925249">
    <time>2026-08-27T14:10:28.503Z</time>
    <extensions>
        <provider>whs</provider>
    </extensions>
</trkpt>
<trkpt lat="42.42339646240523" lon="77.2752111192525">
    <time>2026-08-27T14:10:29.510Z</time>
    <extensions>
        <provider>whs</provider>
    </extensions>
</trkpt>
<trkpt lat="42.42335326240523" lon="77.2752056192525">
    <time>2026-08-27T14:10:30.516Z</time>
    <extensions>
        <provider>whs</provider>
    </extensions>
</trkpt>
<trkpt lat="42.42331346240523" lon="77.2752035192525">
    <time>2026-08-27T14:10:31.522Z</time>
    <extensions>
        <provider>whs</provider>
    </extensions>
</trkpt>
<trkpt lat="42.42327616240523" lon="77.2752080192525">
    <time>2026-08-27T14:10:32.528Z</time>
    <extensions>
        <provider>whs</provider>
    </extensions>
</trkpt>
<trkpt lat="42.42323536240523" lon="77.2752017192525">
    <time>2026-08-27T14:10:33.534Z</time>
    <extensions>
        <provider>whs</provider>
    </extensions>
</trkpt>
<trkpt lat="42.42319416240523" lon="77.2752016192525">
    <time>2026-08-27T14:10:34.540Z</time>
    <extensions>
        <provider>whs</provider>
    </extensions>
</trkpt>
<trkpt lat="42.42314906240523" lon="77.2751940192525">
    <time>2026-08-27T14:10:35.546Z</time>
    <extensions>
        <provider>whs</provider>
    </extensions>
</trkpt>
<trkpt lat="42.42311336240523" lon="77.2751844192525">
    <time>2026-08-27T14:10:36.552Z</time>
    <extensions>
        <provider>whs</provider>
    </extensions>
</trkpt>
<trkpt lat="42.42307796240523" lon="77.27519431925249">
    <time>2026-08-27T14:10:37.559Z</time>
    <extensions>
        <provider>whs</provider>
    </extensions>
</trkpt>
<trkpt lat="42.423038162405234" lon="77.2752164192525">
    <time>2026-08-27T14:10:38.565Z</time>
    <extensions>
        <provider>whs</provider>
    </extensions>
</trkpt>
<trkpt lat="42.42298636240523" lon="77.2752305192525">
    <time>2026-08-27T14:10:39.571Z</time>
    <extensions>
        <provider>whs</provider>
    </extensions>
</trkpt>
<trkpt lat="42.422947562405234" lon="77.2752447192525">
    <time>2026-08-27T14:10:40.578Z</time>
    <extensions>
        <provider>whs</provider>
    </extensions>
</trkpt>
<trkpt lat="42.42291276240523" lon="77.2752639192525">
    <time>2026-08-27T14:10:41.585Z</time>
    <extensions>
        <provider>whs</provider>
    </extensions>
</trkpt>
<trkpt lat="42.42287246240523" lon="77.2752670192525">
    <time>2026-08-27T14:10:42.591Z</time>
    <extensions>
        <provider>whs</provider>
    </extensions>
</trkpt>
<trkpt lat="42.42284366240523" lon="77.27530181925249">
    <time>2026-08-27T14:10:43.598Z</time>
    <extensions>
        <provider>whs</provider>
    </extensions>
</trkpt>
<trkpt lat="42.42281186240523" lon="77.2753343192525">
    <time>2026-08-27T14:10:44.603Z</time>
    <extensions>
        <provider>whs</provider>
    </extensions>
</trkpt>
<trkpt lat="42.42278716240523" lon="77.2753592192525">
    <time>2026-08-27T14:10:45.610Z</time>
    <extensions>
        <provider>whs</provider>
    </extensions>
</trkpt>
<trkpt lat="42.42276236240523" lon="77.27538221925249">
    <time>2026-08-27T14:10:46.617Z</time>
    <extensions>
        <provider>whs</provider>
    </extensions>
</trkpt>
<trkpt lat="42.42273406240523" lon="77.2754266192525">
    <time>2026-08-27T14:10:47.623Z</time>
    <extensions>
        <provider>whs</provider>
    </extensions>
</trkpt>
<trkpt lat="42.42271506240523" lon="77.2754784192525">
    <time>2026-08-27T14:10:48.630Z</time>
    <extensions>
        <provider>whs</provider>
    </extensions>
</trkpt>
<trkpt lat="42.42270086240523" lon="77.27552731925249">
    <time>2026-08-27T14:10:49.636Z</time>
    <extensions>
        <provider>whs</provider>
    </extensions>
</trkpt>
<trkpt lat="42.42269086240523" lon="77.2755783192525">
    <time>2026-08-27T14:10:50.643Z</time>
    <extensions>
        <provider>whs</provider>
    </extensions>
</trkpt>
<trkpt lat="42.42268216240523" lon="77.2756547192525">
    <time>2026-08-27T14:10:51.649Z</time>
    <extensions>
        <provider>whs</provider>
    </extensions>
</trkpt>
<trkpt lat="42.42267836240523" lon="77.2756943192525">
    <time>2026-08-27T14:10:52.656Z</time>
    <extensions>
        <provider>whs</provider>
    </extensions>
</trkpt>
<trkpt lat="42.42268216240523" lon="77.27574341925249">
    <time>2026-08-27T14:10:53.662Z</time>
    <extensions>
        <provider>whs</provider>
    </extensions>
</trkpt>
<trkpt lat="42.42268176240523" lon="77.2757921192525">
    <time>2026-08-27T14:10:54.668Z</time>
    <extensions>
        <provider>whs</provider>
    </extensions>
</trkpt>
<trkpt lat="42.42268456240523" lon="77.2758458192525">
    <time>2026-08-27T14:10:55.675Z</time>
    <extensions>
        <provider>whs</provider>
    </extensions>
</trkpt>
<trkpt lat="42.42269266240523" lon="77.2758925192525">
    <time>2026-08-27T14:10:56.681Z</time>
    <extensions>
        <provider>whs</provider>
    </extensions>
</trkpt>
<trkpt lat="42.42270116240523" lon="77.27596631925249">
    <time>2026-08-27T14:10:57.688Z</time>
    <extensions>
        <provider>whs</provider>
    </extensions>
</trkpt>
<trkpt lat="42.42271486240523" lon="77.2760083192525">
    <time>2026-08-27T14:10:58.694Z</time>
    <extensions>
        <provider>whs</provider>
    </extensions>
</trkpt>
<trkpt lat="42.42271246240523" lon="77.2760659192525">
    <time>2026-08-27T14:10:59.700Z</time>
    <extensions>
        <provider>whs</provider>
    </extensions>
</trkpt>
<trkpt lat="42.42273426240523" lon="77.2760968192525">
    <time>2026-08-27T14:11:00.706Z</time>
    <extensions>
        <provider>whs</provider>
    </extensions>
</trkpt>
<trkpt lat="42.42276056240523" lon="77.2761383192525">
    <time>2026-08-27T14:11:01.712Z</time>
    <extensions>
        <provider>whs</provider>
    </extensions>
</trkpt>
<trkpt lat="42.42278236240523" lon="77.2761752192525">
    <time>2026-08-27T14:11:02.719Z</time>
    <extensions>
        <provider>whs</provider>
    </extensions>
</trkpt>
<trkpt lat="42.42279906240523" lon="77.27620971925249">
    <time>2026-08-27T14:11:03.725Z</time>
    <extensions>
        <provider>whs</provider>
    </extensions>
</trkpt>
<trkpt lat="42.42281956240523" lon="77.2762605192525">
    <time>2026-08-27T14:11:04.731Z</time>
    <extensions>
        <provider>whs</provider>
    </extensions>
</trkpt>
<trkpt lat="42.42284686240523" lon="77.2762936192525">
    <time>2026-08-27T14:11:05.737Z</time>
    <extensions>
        <provider>whs</provider>
    </extensions>
</trkpt>
<trkpt lat="42.42287626240523" lon="77.2763224192525">
    <time>2026-08-27T14:11:06.743Z</time>
    <extensions>
        <provider>whs</provider>
    </extensions>
</trkpt>
<trkpt lat="42.42290536240523" lon="77.27635741925249">
    <time>2026-08-27T14:11:07.748Z</time>
    <extensions>
        <provider>whs</provider>
    </extensions>
</trkpt>
<trkpt lat="42.42293066240523" lon="77.2763965192525">
    <time>2026-08-27T14:11:08.755Z</time>
    <extensions>
        <provider>whs</provider>
    </extensions>
</trkpt>
<trkpt lat="42.42296426240523" lon="77.2764313192525">
    <time>2026-08-27T14:11:09.761Z</time>
    <extensions>
        <provider>whs</provider>
    </extensions>
</trkpt>
<trkpt lat="42.42299606240523" lon="77.2764574192525">
    <time>2026-08-27T14:11:10.767Z</time>
    <extensions>
        <provider>whs</provider>
    </extensions>
</trkpt>
<trkpt lat="42.42301276240523" lon="77.27650341925249">
    <time>2026-08-27T14:11:11.774Z</time>
    <extensions>
        <provider>whs</provider>
    </extensions>
</trkpt>
<trkpt lat="42.42303686240523" lon="77.2765455192525">
    <time>2026-08-27T14:11:12.780Z</time>
    <extensions>
        <provider>whs</provider>
    </extensions>
</trkpt>
<trkpt lat="42.42306176240523" lon="77.27658601925249">
    <time>2026-08-27T14:11:13.786Z</time>
    <extensions>
        <provider>whs</provider>
    </extensions>
</trkpt>
<trkpt lat="42.423089862405234" lon="77.2766155192525">
    <time>2026-08-27T14:11:14.792Z</time>
    <extensions>
        <provider>whs</provider>
    </extensions>
</trkpt>
<trkpt lat="42.42312986240523" lon="77.2766448192525">
    <time>2026-08-27T14:11:15.798Z</time>
    <extensions>
        <provider>whs</provider>
    </extensions>
</trkpt>
<trkpt lat="42.423169462405234" lon="77.2766666192525">
    <time>2026-08-27T14:11:16.805Z</time>
    <extensions>
        <provider>whs</provider>
    </extensions>
</trkpt>
<trkpt lat="42.42320796240523" lon="77.2766727192525">
    <time>2026-08-27T14:11:17.811Z</time>
    <extensions>
        <provider>whs</provider>
    </extensions>
</trkpt>
<trkpt lat="42.42324286240523" lon="77.2766804192525">
    <time>2026-08-27T14:11:18.817Z</time>
    <extensions>
        <provider>whs</provider>
    </extensions>
</trkpt>
<trkpt lat="42.42327876240523" lon="77.2766841192525">
    <time>2026-08-27T14:11:19.824Z</time>
    <extensions>
        <provider>whs</provider>
    </extensions>
</trkpt>
<trkpt lat="42.42331246240523" lon="77.2766690192525">
    <time>2026-08-27T14:11:20.830Z</time>
    <extensions>
        <provider>whs</provider>
    </extensions>
</trkpt>
<trkpt lat="42.42334976240523" lon="77.2766496192525">
    <time>2026-08-27T14:11:21.836Z</time>
    <extensions>
        <provider>whs</provider>
    </extensions>
</trkpt>
<trkpt lat="42.42339406240523" lon="77.2766349192525">
    <time>2026-08-27T14:11:22.843Z</time>
    <extensions>
        <provider>whs</provider>
    </extensions>
</trkpt>
<trkpt lat="42.423429762405235" lon="77.2766273192525">
    <time>2026-08-27T14:11:23.849Z</time>
    <extensions>
        <provider>whs</provider>
    </extensions>
</trkpt>
<trkpt lat="42.423471062405234" lon="77.27661211925249">
    <time>2026-08-27T14:11:24.855Z</time>
    <extensions>
        <provider>whs</provider>
    </extensions>
</trkpt>
<trkpt lat="42.42351826240523" lon="77.2766009192525">
    <time>2026-08-27T14:11:25.861Z</time>
    <extensions>
        <provider>whs</provider>
    </extensions>
</trkpt>
<trkpt lat="42.42354536240523" lon="77.2765735192525">
    <time>2026-08-27T14:11:26.867Z</time>
    <extensions>
        <provider>whs</provider>
    </extensions>
</trkpt>
<trkpt lat="42.42357106240523" lon="77.2765366192525">
    <time>2026-08-27T14:11:27.873Z</time>
    <extensions>
        <provider>whs</provider>
    </extensions>
</trkpt>
<trkpt lat="42.42358866240523" lon="77.27651131925249">
    <time>2026-08-27T14:11:28.879Z</time>
    <extensions>
        <provider>whs</provider>
    </extensions>
</trkpt>
<trkpt lat="42.423613362405234" lon="77.27647231925249">
    <time>2026-08-27T14:11:29.885Z</time>
    <extensions>
        <provider>whs</provider>
    </extensions>
</trkpt>
<trkpt lat="42.42363356240523" lon="77.2764350192525">
    <time>2026-08-27T14:11:30.892Z</time>
    <extensions>
        <provider>whs</provider>
    </extensions>
</trkpt>
<trkpt lat="42.42365136240523" lon="77.2764021192525">
    <time>2026-08-27T14:11:31.898Z</time>
    <extensions>
        <provider>whs</provider>
    </extensions>
</trkpt>
<trkpt lat="42.42367646240523" lon="77.27637491925249">
    <time>2026-08-27T14:11:32.904Z</time>
    <extensions>
        <provider>whs</provider>
    </extensions>
</trkpt>
<trkpt lat="42.42370616240523" lon="77.2763448192525">
    <time>2026-08-27T14:11:33.910Z</time>
    <extensions>
        <provider>whs</provider>
    </extensions>
</trkpt>
<trkpt lat="42.42373326240523" lon="77.2763201192525">
    <time>2026-08-27T14:11:34.916Z</time>
    <extensions>
        <provider>whs</provider>
    </extensions>
</trkpt>
<trkpt lat="42.42375896240523" lon="77.2762977192525">
    <time>2026-08-27T14:11:35.922Z</time>
    <extensions>
        <provider>whs</provider>
    </extensions>
</trkpt>
<trkpt lat="42.42378246240523" lon="77.2762684192525">
    <time>2026-08-27T14:11:36.931Z</time>
    <extensions>
        <provider>whs</provider>
    </extensions>
</trkpt>
<trkpt lat="42.42382536240523" lon="77.2762148192525">
    <time>2026-08-27T14:11:37.942Z</time>
    <extensions>
        <provider>whs</provider>
    </extensions>
</trkpt>
<trkpt lat="42.42383256240523" lon="77.2761699192525">
    <time>2026-08-27T14:11:38.952Z</time>
    <extensions>
        <provider>whs</provider>
    </extensions>
</trkpt>
<trkpt lat="42.42384056240523" lon="77.2761212192525">
    <time>2026-08-27T14:11:39.960Z</time>
    <extensions>
        <provider>whs</provider>
    </extensions>
</trkpt>
<trkpt lat="42.42385126240523" lon="77.2760720192525">
    <time>2026-08-27T14:11:40.966Z</time>
    <extensions>
        <provider>whs</provider>
    </extensions>
</trkpt>
<trkpt lat="42.42386456240523" lon="77.27601321925249">
    <time>2026-08-27T14:11:41.972Z</time>
    <extensions>
        <provider>whs</provider>
    </extensions>
</trkpt>
<trkpt lat="42.42390556240523" lon="77.2759358192525">
    <time>2026-08-27T14:11:42.978Z</time>
    <extensions>
        <provider>whs</provider>
    </extensions>
</trkpt>
<trkpt lat="42.42385186240523" lon="77.2763745192525">
    <time>2026-08-27T14:11:50.021Z</time>
    <extensions>
        <provider>whs</provider>
    </extensions>
</trkpt>
<trkpt lat="42.42384026240523" lon="77.2763233192525">
    <time>2026-08-27T14:11:51.027Z</time>
    <extensions>
        <provider>whs</provider>
    </extensions>
</trkpt>
<trkpt lat="42.42387766240523" lon="77.27634231925249">
    <time>2026-08-27T14:11:52.033Z</time>
    <extensions>
        <provider>whs</provider>
    </extensions>
</trkpt>
<trkpt lat="42.42385506240523" lon="77.27632321925249">
    <time>2026-08-27T14:11:53.039Z</time>
    <extensions>
        <provider>whs</provider>
    </extensions>
</trkpt>
<trkpt lat="42.42383446240523" lon="77.2763305192525">
    <time>2026-08-27T14:11:54.045Z</time>
    <extensions>
        <provider>whs</provider>
    </extensions>
</trkpt>
<trkpt lat="42.42381776240523" lon="77.2763142192525">
    <time>2026-08-27T14:11:58.071Z</time>
    <extensions>
        <provider>whs</provider>
    </extensions>
</trkpt>
<trkpt lat="42.42380616240523" lon="77.2762921192525">
    <time>2026-08-27T14:12:00.083Z</time>
    <extensions>
        <provider>whs</provider>
    </extensions>
</trkpt>
<trkpt lat="42.42382366240523" lon="77.2763020192525">
    <time>2026-08-27T14:12:29.351Z</time>
    <extensions>
        <provider>whs</provider>
    </extensions>
</trkpt>
<trkpt lat="42.42380556240523" lon="77.2762927192525">
    <time>2026-08-27T14:12:38.446Z</time>
    <extensions>
        <provider>whs</provider>
    </extensions>
</trkpt>
<trkpt lat="42.42382296240523" lon="77.2763034192525">
    <time>2026-08-27T14:12:40.467Z</time>
    <extensions>
        <provider>whs</provider>
    </extensions>
</trkpt>
<trkpt lat="42.423802462405234" lon="77.2763135192525">
    <time>2026-08-27T14:13:09.688Z</time>
    <extensions>
        <provider>whs</provider>
    </extensions>
</trkpt>
<trkpt lat="42.423821962405235" lon="77.2763206192525">
    <time>2026-08-27T14:13:22.769Z</time>
    <extensions>
        <provider>whs</provider>
    </extensions>
</trkpt>
<trkpt lat="42.42384766240523" lon="77.2763058192525">
    <time>2026-08-27T14:13:31.826Z</time>
    <extensions>
        <provider>whs</provider>
    </extensions>
</trkpt>
<trkpt lat="42.42381196240523" lon="77.2762982192525">
    <time>2026-08-27T14:13:45.912Z</time>
    <extensions>
        <provider>whs</provider>
    </extensions>
</trkpt>
<trkpt lat="42.423795762405234" lon="77.2762864192525">
    <time>2026-08-27T14:14:11.065Z</time>
    <extensions>
        <provider>whs</provider>
    </extensions>
</trkpt>
<trkpt lat="42.42381976240523" lon="77.2762992192525">
    <time>2026-08-27T14:14:15.090Z</time>
    <extensions>
        <provider>whs</provider>
    </extensions>
</trkpt>
<trkpt lat="42.423829162405234" lon="77.27632531925249">
    <time>2026-08-27T14:14:33.197Z</time>
    <extensions>
        <provider>whs</provider>
    </extensions>
</trkpt>
<trkpt lat="42.42384966240523" lon="77.2763087192525">
    <time>2026-08-27T14:14:38.230Z</time>
    <extensions>
        <provider>whs</provider>
    </extensions>
</trkpt>
<trkpt lat="42.42383026240523" lon="77.2763106192525">
    <time>2026-08-27T14:14:48.296Z</time>
    <extensions>
        <provider>whs</provider>
    </extensions>
</trkpt>
<trkpt lat="42.423818262405234" lon="77.2763291192525">
    <time>2026-08-27T14:14:50.310Z</time>
    <extensions>
        <provider>whs</provider>
    </extensions>
</trkpt>
<trkpt lat="42.42380986240523" lon="77.2762999192525">
    <time>2026-08-27T14:15:00.375Z</time>
    <extensions>
        <provider>whs</provider>
    </extensions>
</trkpt>
<trkpt lat="42.42379186240523" lon="77.2763126192525">
    <time>2026-08-27T14:15:11.448Z</time>
    <extensions>
        <provider>whs</provider>
    </extensions>
</trkpt>
<trkpt lat="42.42382806240523" lon="77.2763030192525">
    <time>2026-08-27T14:15:17.488Z</time>
    <extensions>
        <provider>whs</provider>
    </extensions>
</trkpt>
<trkpt lat="42.42384786240523" lon="77.2762802192525">
    <time>2026-08-27T14:15:30.576Z</time>
    <extensions>
        <provider>whs</provider>
    </extensions>
</trkpt>
<trkpt lat="42.42382036240523" lon="77.27627411925249">
    <time>2026-08-27T14:15:35.608Z</time>
    <extensions>
        <provider>whs</provider>
    </extensions>
</trkpt>
<trkpt lat="42.42381066240523" lon="77.2762527192525">
    <time>2026-08-27T14:15:37.620Z</time>
    <extensions>
        <provider>whs</provider>
    </extensions>
</trkpt>
<trkpt lat="42.423791462405234" lon="77.2762453192525">
    <time>2026-08-27T14:15:43.658Z</time>
    <extensions>
        <provider>whs</provider>
    </extensions>
</trkpt>
<trkpt lat="42.42380536240523" lon="77.2762278192525">
    <time>2026-08-27T14:15:45.671Z</time>
    <extensions>
        <provider>whs</provider>
    </extensions>
</trkpt>
<trkpt lat="42.42384186240523" lon="77.27623461925249">
    <time>2026-08-27T14:15:50.702Z</time>
    <extensions>
        <provider>whs</provider>
    </extensions>
</trkpt>
<trkpt lat="42.42386396240523" lon="77.2762594192525">
    <time>2026-08-27T14:15:56.739Z</time>
    <extensions>
        <provider>whs</provider>
    </extensions>
</trkpt>
<trkpt lat="42.42381136240523" lon="77.2762536192525">
    <time>2026-08-27T14:16:09.824Z</time>
    <extensions>
        <provider>whs</provider>
    </extensions>
</trkpt>
<trkpt lat="42.42376496240523" lon="77.2762129192525">
    <time>2026-08-27T14:16:15.862Z</time>
    <extensions>
        <provider>whs</provider>
    </extensions>
</trkpt>
<trkpt lat="42.42377366240523" lon="77.27625021925249">
    <time>2026-08-27T14:16:17.874Z</time>
    <extensions>
        <provider>whs</provider>
    </extensions>
</trkpt>
<trkpt lat="42.42377706240523" lon="77.2762943192525">
    <time>2026-08-27T14:16:21.899Z</time>
    <extensions>
        <provider>whs</provider>
    </extensions>
</trkpt>
<trkpt lat="42.423760462405234" lon="77.2762807192525">
    <time>2026-08-27T14:16:24.917Z</time>
    <extensions>
        <provider>whs</provider>
    </extensions>
</trkpt>
<trkpt lat="42.42379836240523" lon="77.2762858192525">
    <time>2026-08-27T14:16:35.989Z</time>
    <extensions>
        <provider>whs</provider>
    </extensions>
</trkpt>
<trkpt lat="42.42379736240523" lon="77.27631481925249">
    <time>2026-08-27T14:16:51.090Z</time>
    <extensions>
        <provider>whs</provider>
    </extensions>
</trkpt>
<trkpt lat="42.423784862405235" lon="77.2762910192525">
    <time>2026-08-27T14:16:56.122Z</time>
    <extensions>
        <provider>whs</provider>
    </extensions>
</trkpt>
<trkpt lat="42.423822462405234" lon="77.27628251925249">
    <time>2026-08-27T14:17:06.189Z</time>
    <extensions>
        <provider>whs</provider>
    </extensions>
</trkpt>
<trkpt lat="42.42380176240523" lon="77.2762842192525">
    <time>2026-08-27T14:17:14.242Z</time>
    <extensions>
        <provider>whs</provider>
    </extensions>
</trkpt>
<trkpt lat="42.423781762405234" lon="77.27628441925249">
    <time>2026-08-27T14:17:17.262Z</time>
    <extensions>
        <provider>whs</provider>
    </extensions>
</trkpt>
<trkpt lat="42.42379046240523" lon="77.27630811925249">
    <time>2026-08-27T14:17:19.274Z</time>
    <extensions>
        <provider>whs</provider>
    </extensions>
</trkpt>
<trkpt lat="42.42377066240523" lon="77.2762909192525">
    <time>2026-08-27T14:17:22.294Z</time>
    <extensions>
        <provider>whs</provider>
    </extensions>
</trkpt>
<trkpt lat="42.42379716240523" lon="77.27628391925249">
    <time>2026-08-27T14:17:29.340Z</time>
    <extensions>
        <provider>whs</provider>
    </extensions>
</trkpt>
<trkpt lat="42.42378106240523" lon="77.2763007192525">
    <time>2026-08-27T14:17:35.378Z</time>
    <extensions>
        <provider>whs</provider>
    </extensions>
</trkpt>
<trkpt lat="42.42377716240523" lon="77.2763295192525">
    <time>2026-08-27T14:17:40.410Z</time>
    <extensions>
        <provider>whs</provider>
    </extensions>
</trkpt>
<trkpt lat="42.42378526240523" lon="77.27635551925249">
    <time>2026-08-27T14:17:49.465Z</time>
    <extensions>
        <provider>whs</provider>
    </extensions>
</trkpt>
<trkpt lat="42.42380616240523" lon="77.2763647192525">
    <time>2026-08-27T14:17:51.477Z</time>
    <extensions>
        <provider>whs</provider>
    </extensions>
</trkpt>
<trkpt lat="42.42382896240523" lon="77.27636341925249">
    <time>2026-08-27T14:17:53.490Z</time>
    <extensions>
        <provider>whs</provider>
    </extensions>
</trkpt>
<trkpt lat="42.42384836240523" lon="77.27638951925249">
    <time>2026-08-27T14:17:55.502Z</time>
    <extensions>
        <provider>whs</provider>
    </extensions>
</trkpt>
<trkpt lat="42.42386256240523" lon="77.27635021925249">
    <time>2026-08-27T14:17:58.522Z</time>
    <extensions>
        <provider>whs</provider>
    </extensions>
</trkpt>
<trkpt lat="42.423913162405235" lon="77.27635691925249">
    <time>2026-08-27T14:18:03.553Z</time>
    <extensions>
        <provider>whs</provider>
    </extensions>
</trkpt>
<trkpt lat="42.42390406240523" lon="77.27633541925249">
    <time>2026-08-27T14:18:06.572Z</time>
    <extensions>
        <provider>whs</provider>
    </extensions>
</trkpt>
<trkpt lat="42.42389586240523" lon="77.2762859192525">
    <time>2026-08-27T14:18:35.765Z</time>
    <extensions>
        <provider>whs</provider>
    </extensions>
</trkpt>
<trkpt lat="42.42391326240523" lon="77.27626191925249">
    <time>2026-08-27T14:18:50.863Z</time>
    <extensions>
        <provider>whs</provider>
    </extensions>
</trkpt>
<trkpt lat="42.42391636240523" lon="77.2762938192525">
    <time>2026-08-27T14:18:52.876Z</time>
    <extensions>
        <provider>whs</provider>
    </extensions>
</trkpt>
<trkpt lat="42.42389266240523" lon="77.2763059192525">
    <time>2026-08-27T14:19:04.953Z</time>
    <extensions>
        <provider>whs</provider>
    </extensions>
</trkpt>
<trkpt lat="42.423899162405235" lon="77.2763401192525">
    <time>2026-08-27T14:19:07.972Z</time>
    <extensions>
        <provider>whs</provider>
    </extensions>
</trkpt>
<trkpt lat="42.42388196240523" lon="77.2763565192525">
    <time>2026-08-27T14:19:09.985Z</time>
    <extensions>
        <provider>whs</provider>
    </extensions>
</trkpt>
<trkpt lat="42.42387986240523" lon="77.27630641925249">
    <time>2026-08-27T14:19:29.109Z</time>
    <extensions>
        <provider>whs</provider>
    </extensions>
</trkpt>
<trkpt lat="42.42389656240523" lon="77.2763185192525">
    <time>2026-08-27T14:19:36.153Z</time>
    <extensions>
        <provider>whs</provider>
    </extensions>
</trkpt>
<trkpt lat="42.42387566240523" lon="77.2763122192525">
    <time>2026-08-27T14:19:48.233Z</time>
    <extensions>
        <provider>whs</provider>
    </extensions>
</trkpt>
<trkpt lat="42.42389526240523" lon="77.2763345192525">
    <time>2026-08-27T14:19:54.273Z</time>
    <extensions>
        <provider>whs</provider>
    </extensions>
</trkpt>
<trkpt lat="42.42389866240523" lon="77.2763600192525">
    <time>2026-08-27T14:19:55.280Z</time>
    <extensions>
        <provider>whs</provider>
    </extensions>
</trkpt>
<trkpt lat="42.42387646240523" lon="77.2763583192525">
    <time>2026-08-27T14:20:00.313Z</time>
    <extensions>
        <provider>whs</provider>
    </extensions>
</trkpt>
<trkpt lat="42.42385786240523" lon="77.2763005192525">
    <time>2026-08-27T14:20:17.428Z</time>
    <extensions>
        <provider>whs</provider>
    </extensions>
</trkpt>
<trkpt lat="42.423864462405234" lon="77.2763259192525">
    <time>2026-08-27T14:20:21.457Z</time>
    <extensions>
        <provider>whs</provider>
    </extensions>
</trkpt>
<trkpt lat="42.423848062405234" lon="77.2763134192525">
    <time>2026-08-27T14:20:27.498Z</time>
    <extensions>
        <provider>whs</provider>
    </extensions>
</trkpt>
<trkpt lat="42.42385786240523" lon="77.2763352192525">
    <time>2026-08-27T14:20:29.511Z</time>
    <extensions>
        <provider>whs</provider>
    </extensions>
</trkpt>
<trkpt lat="42.42387526240523" lon="77.27635551925249">
    <time>2026-08-27T14:20:40.585Z</time>
    <extensions>
        <provider>whs</provider>
    </extensions>
</trkpt>
<trkpt lat="42.42389376240523" lon="77.2763836192525">
    <time>2026-08-27T14:20:41.592Z</time>
    <extensions>
        <provider>whs</provider>
    </extensions>
</trkpt>
<trkpt lat="42.42387086240523" lon="77.27637441925249">
    <time>2026-08-27T14:20:46.627Z</time>
    <extensions>
        <provider>whs</provider>
    </extensions>
</trkpt>
<trkpt lat="42.423897362405235" lon="77.27638951925249">
    <time>2026-08-27T14:20:53.681Z</time>
    <extensions>
        <provider>whs</provider>
    </extensions>
</trkpt>
<trkpt lat="42.42391766240523" lon="77.2763778192525">
    <time>2026-08-27T14:20:56.701Z</time>
    <extensions>
        <provider>whs</provider>
    </extensions>
</trkpt>
<trkpt lat="42.42392446240523" lon="77.2764066192525">
    <time>2026-08-27T14:21:04.775Z</time>
    <extensions>
        <provider>whs</provider>
    </extensions>
</trkpt>
<trkpt lat="42.42393696240523" lon="77.2764473192525">
    <time>2026-08-27T14:21:05.785Z</time>
    <extensions>
        <provider>whs</provider>
    </extensions>
</trkpt>
<trkpt lat="42.42395346240523" lon="77.2764851192525">
    <time>2026-08-27T14:21:06.796Z</time>
    <extensions>
        <provider>whs</provider>
    </extensions>
</trkpt>
<trkpt lat="42.42392816240523" lon="77.2764751192525">
    <time>2026-08-27T14:21:13.868Z</time>
    <extensions>
        <provider>whs</provider>
    </extensions>
</trkpt>
<trkpt lat="42.42392746240523" lon="77.27644741925249">
    <time>2026-08-27T14:21:15.881Z</time>
    <extensions>
        <provider>whs</provider>
    </extensions>
</trkpt>
<trkpt lat="42.423903962405234" lon="77.2764191192525">
    <time>2026-08-27T14:21:21.921Z</time>
    <extensions>
        <provider>whs</provider>
    </extensions>
</trkpt>
<trkpt lat="42.423913762405235" lon="77.2763886192525">
    <time>2026-08-27T14:21:23.934Z</time>
    <extensions>
        <provider>whs</provider>
    </extensions>
</trkpt>
<trkpt lat="42.42389176240523" lon="77.2763985192525">
    <time>2026-08-27T14:21:29.994Z</time>
    <extensions>
        <provider>whs</provider>
    </extensions>
</trkpt>
<trkpt lat="42.42386296240523" lon="77.2763932192525">
    <time>2026-08-27T14:21:36.069Z</time>
    <extensions>
        <provider>whs</provider>
    </extensions>
</trkpt>
<trkpt lat="42.42388586240523" lon="77.2763869192525">
    <time>2026-08-27T14:21:47.141Z</time>
    <extensions>
        <provider>whs</provider>
    </extensions>
</trkpt>
<trkpt lat="42.42386826240523" lon="77.2763776192525">
    <time>2026-08-27T14:21:50.161Z</time>
    <extensions>
        <provider>whs</provider>
    </extensions>
</trkpt>
<trkpt lat="42.42389466240523" lon="77.2763678192525">
    <time>2026-08-27T14:21:58.214Z</time>
    <extensions>
        <provider>whs</provider>
    </extensions>
</trkpt>
<trkpt lat="42.423860862405235" lon="77.27634781925249">
    <time>2026-08-27T14:22:13.370Z</time>
    <extensions>
        <provider>whs</provider>
    </extensions>
</trkpt>
<trkpt lat="42.42384036240523" lon="77.2763474192525">
    <time>2026-08-27T14:22:23.483Z</time>
    <extensions>
        <provider>whs</provider>
    </extensions>
</trkpt>
<trkpt lat="42.42382016240523" lon="77.2763350192525">
    <time>2026-08-27T14:22:33.594Z</time>
    <extensions>
        <provider>whs</provider>
    </extensions>
</trkpt>
<trkpt lat="42.423811562405234" lon="77.2763125192525">
    <time>2026-08-27T14:22:36.614Z</time>
    <extensions>
        <provider>whs</provider>
    </extensions>
</trkpt>
<trkpt lat="42.42378976240523" lon="77.2763017192525">
    <time>2026-08-27T14:22:45.673Z</time>
    <extensions>
        <provider>whs</provider>
    </extensions>
</trkpt>
<trkpt lat="42.42375666240523" lon="77.2763008192525">
    <time>2026-08-27T14:22:50.707Z</time>
    <extensions>
        <provider>whs</provider>
    </extensions>
</trkpt>
<trkpt lat="42.423770862405235" lon="77.27632821925249">
    <time>2026-08-27T14:22:57.755Z</time>
    <extensions>
        <provider>whs</provider>
    </extensions>
</trkpt>
<trkpt lat="42.42378886240523" lon="77.2763016192525">
    <time>2026-08-27T14:23:02.788Z</time>
    <extensions>
        <provider>whs</provider>
    </extensions>
</trkpt>
<trkpt lat="42.42383596240523" lon="77.2762841192525">
    <time>2026-08-27T14:23:13.900Z</time>
    <extensions>
        <provider>whs</provider>
    </extensions>
</trkpt>
<trkpt lat="42.42381686240523" lon="77.2762823192525">
    <time>2026-08-27T14:23:32.095Z</time>
    <extensions>
        <provider>whs</provider>
    </extensions>
</trkpt>
<trkpt lat="42.42385146240523" lon="77.2763095192525">
    <time>2026-08-27T14:23:34.116Z</time>
    <extensions>
        <provider>whs</provider>
    </extensions>
</trkpt>
<trkpt lat="42.42387126240523" lon="77.2763319192525">
    <time>2026-08-27T14:23:38.157Z</time>
    <extensions>
        <provider>whs</provider>
    </extensions>
</trkpt>
<trkpt lat="42.42382756240523" lon="77.2763351192525">
    <time>2026-08-27T14:23:49.274Z</time>
    <extensions>
        <provider>whs</provider>
    </extensions>
</trkpt>
<trkpt lat="42.42380996240523" lon="77.2763031192525">
    <time>2026-08-27T14:23:51.299Z</time>
    <extensions>
        <provider>whs</provider>
    </extensions>
</trkpt>
<trkpt lat="42.423773262405234" lon="77.2762764192525">
    <time>2026-08-27T14:23:56.353Z</time>
    <extensions>
        <provider>whs</provider>
    </extensions>
</trkpt>
<trkpt lat="42.423741662405234" lon="77.2762599192525">
    <time>2026-08-27T14:23:57.365Z</time>
    <extensions>
        <provider>whs</provider>
    </extensions>
</trkpt>
<trkpt lat="42.42371886240523" lon="77.2762448192525">
    <time>2026-08-27T14:23:58.377Z</time>
    <extensions>
        <provider>whs</provider>
    </extensions>
</trkpt>
<trkpt lat="42.42368486240523" lon="77.2762271192525">
    <time>2026-08-27T14:23:59.387Z</time>
    <extensions>
        <provider>whs</provider>
    </extensions>
</trkpt>
<trkpt lat="42.42364116240523" lon="77.27621761925249">
    <time>2026-08-27T14:24:00.397Z</time>
    <extensions>
        <provider>whs</provider>
    </extensions>
</trkpt>
<trkpt lat="42.423612162405234" lon="77.2762184192525">
    <time>2026-08-27T14:24:01.407Z</time>
    <extensions>
        <provider>whs</provider>
    </extensions>
</trkpt>
<trkpt lat="42.42358126240523" lon="77.2762077192525">
    <time>2026-08-27T14:24:02.418Z</time>
    <extensions>
        <provider>whs</provider>
    </extensions>
</trkpt>
<trkpt lat="42.423547662405234" lon="77.2761998192525">
    <time>2026-08-27T14:24:03.429Z</time>
    <extensions>
        <provider>whs</provider>
    </extensions>
</trkpt>
<trkpt lat="42.423511162405234" lon="77.2762043192525">
    <time>2026-08-27T14:24:04.440Z</time>
    <extensions>
        <provider>whs</provider>
    </extensions>
</trkpt>
<trkpt lat="42.423475362405235" lon="77.2761991192525">
    <time>2026-08-27T14:24:05.449Z</time>
    <extensions>
        <provider>whs</provider>
    </extensions>
</trkpt>
<trkpt lat="42.42343686240523" lon="77.27620231925249">
    <time>2026-08-27T14:24:06.460Z</time>
    <extensions>
        <provider>whs</provider>
    </extensions>
</trkpt>
<trkpt lat="42.42338696240523" lon="77.2761929192525">
    <time>2026-08-27T14:24:07.470Z</time>
    <extensions>
        <provider>whs</provider>
    </extensions>
</trkpt>
<trkpt lat="42.42333986240523" lon="77.2761906192525">
    <time>2026-08-27T14:24:08.479Z</time>
    <extensions>
        <provider>whs</provider>
    </extensions>
</trkpt>
<trkpt lat="42.42330546240523" lon="77.2762008192525">
    <time>2026-08-27T14:24:09.490Z</time>
    <extensions>
        <provider>whs</provider>
    </extensions>
</trkpt>
<trkpt lat="42.42326606240523" lon="77.2761934192525">
    <time>2026-08-27T14:24:10.500Z</time>
    <extensions>
        <provider>whs</provider>
    </extensions>
</trkpt>
<trkpt lat="42.42322746240523" lon="77.27619391925249">
    <time>2026-08-27T14:24:11.512Z</time>
    <extensions>
        <provider>whs</provider>
    </extensions>
</trkpt>
<trkpt lat="42.42318996240523" lon="77.2762036192525">
    <time>2026-08-27T14:24:12.521Z</time>
    <extensions>
        <provider>whs</provider>
    </extensions>
</trkpt>
<trkpt lat="42.42315216240523" lon="77.2762062192525">
    <time>2026-08-27T14:24:13.532Z</time>
    <extensions>
        <provider>whs</provider>
    </extensions>
</trkpt>
<trkpt lat="42.42311386240523" lon="77.2762263192525">
    <time>2026-08-27T14:24:14.542Z</time>
    <extensions>
        <provider>whs</provider>
    </extensions>
</trkpt>
<trkpt lat="42.423077062405234" lon="77.2762367192525">
    <time>2026-08-27T14:24:15.555Z</time>
    <extensions>
        <provider>whs</provider>
    </extensions>
</trkpt>
<trkpt lat="42.423038762405234" lon="77.2762469192525">
    <time>2026-08-27T14:24:16.565Z</time>
    <extensions>
        <provider>whs</provider>
    </extensions>
</trkpt>
<trkpt lat="42.42299466240523" lon="77.27626861925249">
    <time>2026-08-27T14:24:17.576Z</time>
    <extensions>
        <provider>whs</provider>
    </extensions>
</trkpt>
<trkpt lat="42.42295046240523" lon="77.2762901192525">
    <time>2026-08-27T14:24:18.586Z</time>
    <extensions>
        <provider>whs</provider>
    </extensions>
</trkpt>
<trkpt lat="42.422911062405234" lon="77.2763036192525">
    <time>2026-08-27T14:24:19.597Z</time>
    <extensions>
        <provider>whs</provider>
    </extensions>
</trkpt>
<trkpt lat="42.42288096240523" lon="77.2763315192525">
    <time>2026-08-27T14:24:20.608Z</time>
    <extensions>
        <provider>whs</provider>
    </extensions>
</trkpt>
<trkpt lat="42.42285036240523" lon="77.2763691192525">
    <time>2026-08-27T14:24:21.620Z</time>
    <extensions>
        <provider>whs</provider>
    </extensions>
</trkpt>
<trkpt lat="42.42281636240523" lon="77.2764172192525">
    <time>2026-08-27T14:24:22.630Z</time>
    <extensions>
        <provider>whs</provider>
    </extensions>
</trkpt>
<trkpt lat="42.422780962405234" lon="77.27645771925249">
    <time>2026-08-27T14:24:23.640Z</time>
    <extensions>
        <provider>whs</provider>
    </extensions>
</trkpt>
<trkpt lat="42.42277216240523" lon="77.2765030192525">
    <time>2026-08-27T14:24:24.655Z</time>
    <extensions>
        <provider>whs</provider>
    </extensions>
</trkpt>
<trkpt lat="42.42276166240523" lon="77.2765517192525">
    <time>2026-08-27T14:24:25.665Z</time>
    <extensions>
        <provider>whs</provider>
    </extensions>
</trkpt>
<trkpt lat="42.42275976240523" lon="77.2766136192525">
    <time>2026-08-27T14:24:26.675Z</time>
    <extensions>
        <provider>whs</provider>
    </extensions>
</trkpt>
<trkpt lat="42.42276116240523" lon="77.2766814192525">
    <time>2026-08-27T14:24:27.686Z</time>
    <extensions>
        <provider>whs</provider>
    </extensions>
</trkpt>
<trkpt lat="42.42276246240523" lon="77.2767214192525">
    <time>2026-08-27T14:24:28.697Z</time>
    <extensions>
        <provider>whs</provider>
    </extensions>
</trkpt>
<trkpt lat="42.42278486240523" lon="77.2767527192525">
    <time>2026-08-27T14:24:29.707Z</time>
    <extensions>
        <provider>whs</provider>
    </extensions>
</trkpt>
<trkpt lat="42.42283526240523" lon="77.2767872192525">
    <time>2026-08-27T14:24:30.717Z</time>
    <extensions>
        <provider>whs</provider>
    </extensions>
</trkpt>
<trkpt lat="42.42288156240523" lon="77.2767891192525">
    <time>2026-08-27T14:24:31.727Z</time>
    <extensions>
        <provider>whs</provider>
    </extensions>
</trkpt>
<trkpt lat="42.42292786240523" lon="77.2767477192525">
    <time>2026-08-27T14:24:32.738Z</time>
    <extensions>
        <provider>whs</provider>
    </extensions>
</trkpt>
<trkpt lat="42.42295766240523" lon="77.2766794192525">
    <time>2026-08-27T14:24:33.748Z</time>
    <extensions>
        <provider>whs</provider>
    </extensions>
</trkpt>
<trkpt lat="42.42298356240523" lon="77.2766163192525">
    <time>2026-08-27T14:24:34.758Z</time>
    <extensions>
        <provider>whs</provider>
    </extensions>
</trkpt>
<trkpt lat="42.42306226240523" lon="77.2765290192525">
    <time>2026-08-27T14:24:35.769Z</time>
    <extensions>
        <provider>whs</provider>
    </extensions>
</trkpt>
<trkpt lat="42.42314446240523" lon="77.2764262192525">
    <time>2026-08-27T14:24:36.775Z</time>
    <extensions>
        <provider>whs</provider>
    </extensions>
</trkpt>
<trkpt lat="42.42313086240523" lon="77.2763675192525">
    <time>2026-08-27T14:24:37.781Z</time>
    <extensions>
        <provider>whs</provider>
    </extensions>
</trkpt>
<trkpt lat="42.42310546240523" lon="77.2763505192525">
    <time>2026-08-27T14:24:38.787Z</time>
    <extensions>
        <provider>whs</provider>
    </extensions>
</trkpt>
<trkpt lat="42.423061862405234" lon="77.2763851192525">
    <time>2026-08-27T14:24:39.793Z</time>
    <extensions>
        <provider>whs</provider>
    </extensions>
</trkpt>
<trkpt lat="42.42303686240523" lon="77.2764061192525">
    <time>2026-08-27T14:24:40.805Z</time>
    <extensions>
        <provider>whs</provider>
    </extensions>
</trkpt>
<trkpt lat="42.42300876240523" lon="77.2764452192525">
    <time>2026-08-27T14:24:41.816Z</time>
    <extensions>
        <provider>whs</provider>
    </extensions>
</trkpt>
<trkpt lat="42.422978562405234" lon="77.2764765192525">
    <time>2026-08-27T14:24:42.828Z</time>
    <extensions>
        <provider>whs</provider>
    </extensions>
</trkpt>
<trkpt lat="42.42297016240523" lon="77.2765031192525">
    <time>2026-08-27T14:24:43.839Z</time>
    <extensions>
        <provider>whs</provider>
    </extensions>
</trkpt>
<trkpt lat="42.42294306240523" lon="77.2765407192525">
    <time>2026-08-27T14:24:44.851Z</time>
    <extensions>
        <provider>whs</provider>
    </extensions>
</trkpt>
<trkpt lat="42.422957862405234" lon="77.2766052192525">
    <time>2026-08-27T14:24:45.862Z</time>
    <extensions>
        <provider>whs</provider>
    </extensions>
</trkpt>
<trkpt lat="42.42295236240523" lon="77.27664751925249">
    <time>2026-08-27T14:24:47.887Z</time>
    <extensions>
        <provider>whs</provider>
    </extensions>
</trkpt>
<trkpt lat="42.42295646240523" lon="77.27669541925249">
    <time>2026-08-27T14:24:48.898Z</time>
    <extensions>
        <provider>whs</provider>
    </extensions>
</trkpt>
<trkpt lat="42.42296746240523" lon="77.27673851925249">
    <time>2026-08-27T14:24:49.909Z</time>
    <extensions>
        <provider>whs</provider>
    </extensions>
</trkpt>
<trkpt lat="42.42298906240523" lon="77.27677441925249">
    <time>2026-08-27T14:24:50.919Z</time>
    <extensions>
        <provider>whs</provider>
    </extensions>
</trkpt>
<trkpt lat="42.423001662405234" lon="77.2768068192525">
    <time>2026-08-27T14:24:51.929Z</time>
    <extensions>
        <provider>whs</provider>
    </extensions>
</trkpt>
<trkpt lat="42.42283256240523" lon="77.2769112192525">
    <time>2026-08-27T14:25:19.230Z</time>
    <extensions>
        <provider>whs</provider>
    </extensions>
</trkpt>
<trkpt lat="42.42279586240523" lon="77.27688331925249">
    <time>2026-08-27T14:25:20.240Z</time>
    <extensions>
        <provider>whs</provider>
    </extensions>
</trkpt>
<trkpt lat="42.42276406240523" lon="77.2768702192525">
    <time>2026-08-27T14:25:21.251Z</time>
    <extensions>
        <provider>whs</provider>
    </extensions>
</trkpt>
<trkpt lat="42.42271706240523" lon="77.27686201925249">
    <time>2026-08-27T14:25:22.263Z</time>
    <extensions>
        <provider>whs</provider>
    </extensions>
</trkpt>
<trkpt lat="42.42268016240523" lon="77.2768715192525">
    <time>2026-08-27T14:25:23.273Z</time>
    <extensions>
        <provider>whs</provider>
    </extensions>
</trkpt>
<trkpt lat="42.422655162405235" lon="77.2768801192525">
    <time>2026-08-27T14:25:24.284Z</time>
    <extensions>
        <provider>whs</provider>
    </extensions>
</trkpt>
<trkpt lat="42.42262816240523" lon="77.27684451925249">
    <time>2026-08-27T14:25:25.296Z</time>
    <extensions>
        <provider>whs</provider>
    </extensions>
</trkpt>
<trkpt lat="42.42259456240523" lon="77.2768070192525">
    <time>2026-08-27T14:25:26.307Z</time>
    <extensions>
        <provider>whs</provider>
    </extensions>
</trkpt>
<trkpt lat="42.42262216240523" lon="77.27683401925249">
    <time>2026-08-27T14:25:27.317Z</time>
    <extensions>
        <provider>whs</provider>
    </extensions>
</trkpt>
<trkpt lat="42.42263456240523" lon="77.27681081925249">
    <time>2026-08-27T14:25:28.329Z</time>
    <extensions>
        <provider>whs</provider>
    </extensions>
</trkpt>
<trkpt lat="42.422648462405235" lon="77.2768377192525">
    <time>2026-08-27T14:25:31.361Z</time>
    <extensions>
        <provider>whs</provider>
    </extensions>
</trkpt>
<trkpt lat="42.42266416240523" lon="77.2768542192525">
    <time>2026-08-27T14:25:34.397Z</time>
    <extensions>
        <provider>whs</provider>
    </extensions>
</trkpt>
<trkpt lat="42.42264996240523" lon="77.2768732192525">
    <time>2026-08-27T14:25:41.473Z</time>
    <extensions>
        <provider>whs</provider>
    </extensions>
</trkpt>
<trkpt lat="42.42264026240523" lon="77.2769023192525">
    <time>2026-08-27T14:25:44.494Z</time>
    <extensions>
        <provider>whs</provider>
    </extensions>
</trkpt>
<trkpt lat="42.42261836240523" lon="77.2768973192525">
    <time>2026-08-27T14:25:45.501Z</time>
    <extensions>
        <provider>whs</provider>
    </extensions>
</trkpt>
<trkpt lat="42.422627762405234" lon="77.2769236192525">
    <time>2026-08-27T14:25:46.506Z</time>
    <extensions>
        <provider>whs</provider>
    </extensions>
</trkpt>
<trkpt lat="42.42264396240523" lon="77.27695511925249">
    <time>2026-08-27T14:25:48.519Z</time>
    <extensions>
        <provider>whs</provider>
    </extensions>
</trkpt>
<trkpt lat="42.422628362405234" lon="77.27696971925249">
    <time>2026-08-27T14:25:51.537Z</time>
    <extensions>
        <provider>whs</provider>
    </extensions>
</trkpt>
<trkpt lat="42.42264526240523" lon="77.2769825192525">
    <time>2026-08-27T14:25:52.544Z</time>
    <extensions>
        <provider>whs</provider>
    </extensions>
</trkpt>
<trkpt lat="42.422655162405235" lon="77.27702021925249">
    <time>2026-08-27T14:25:55.563Z</time>
    <extensions>
        <provider>whs</provider>
    </extensions>
</trkpt>
<trkpt lat="42.42266336240523" lon="77.27704631925249">
    <time>2026-08-27T14:26:00.593Z</time>
    <extensions>
        <provider>whs</provider>
    </extensions>
</trkpt>
<trkpt lat="42.42267386240523" lon="77.2770673192525">
    <time>2026-08-27T14:26:01.599Z</time>
    <extensions>
        <provider>whs</provider>
    </extensions>
</trkpt>
<trkpt lat="42.42269496240523" lon="77.2770948192525">
    <time>2026-08-27T14:26:02.605Z</time>
    <extensions>
        <provider>whs</provider>
    </extensions>
</trkpt>
<trkpt lat="42.42270756240523" lon="77.2771341192525">
    <time>2026-08-27T14:26:04.617Z</time>
    <extensions>
        <provider>whs</provider>
    </extensions>
</trkpt>
<trkpt lat="42.42270386240523" lon="77.27716071925249">
    <time>2026-08-27T14:26:06.629Z</time>
    <extensions>
        <provider>whs</provider>
    </extensions>
</trkpt>
<trkpt lat="42.42270356240523" lon="77.2771949192525">
    <time>2026-08-27T14:26:07.635Z</time>
    <extensions>
        <provider>whs</provider>
    </extensions>
</trkpt>
<trkpt lat="42.422685462405234" lon="77.27723731925249">
    <time>2026-08-27T14:26:09.649Z</time>
    <extensions>
        <provider>whs</provider>
    </extensions>
</trkpt>
<trkpt lat="42.422695862405234" lon="77.2772764192525">
    <time>2026-08-27T14:26:11.661Z</time>
    <extensions>
        <provider>whs</provider>
    </extensions>
</trkpt>
<trkpt lat="42.42269906240523" lon="77.27730821925249">
    <time>2026-08-27T14:26:14.679Z</time>
    <extensions>
        <provider>whs</provider>
    </extensions>
</trkpt>
<trkpt lat="42.42271276240523" lon="77.2773325192525">
    <time>2026-08-27T14:26:16.691Z</time>
    <extensions>
        <provider>whs</provider>
    </extensions>
</trkpt>
<trkpt lat="42.42273506240523" lon="77.27732711925249">
    <time>2026-08-27T14:26:19.708Z</time>
    <extensions>
        <provider>whs</provider>
    </extensions>
</trkpt>
<trkpt lat="42.42275396240523" lon="77.2773394192525">
    <time>2026-08-27T14:26:21.721Z</time>
    <extensions>
        <provider>whs</provider>
    </extensions>
</trkpt>
<trkpt lat="42.42273456240523" lon="77.2773128192525">
    <time>2026-08-27T14:26:23.733Z</time>
    <extensions>
        <provider>whs</provider>
    </extensions>
</trkpt>
<trkpt lat="42.42275106240523" lon="77.2772934192525">
    <time>2026-08-27T14:26:26.751Z</time>
    <extensions>
        <provider>whs</provider>
    </extensions>
</trkpt>
<trkpt lat="42.42276896240523" lon="77.2772990192525">
    <time>2026-08-27T14:26:29.770Z</time>
    <extensions>
        <provider>whs</provider>
    </extensions>
</trkpt>
<trkpt lat="42.42280086240523" lon="77.2773019192525">
    <time>2026-08-27T14:26:31.783Z</time>
    <extensions>
        <provider>whs</provider>
    </extensions>
</trkpt>
<trkpt lat="42.42282626240523" lon="77.2773074192525">
    <time>2026-08-27T14:26:34.800Z</time>
    <extensions>
        <provider>whs</provider>
    </extensions>
</trkpt>
<trkpt lat="42.422847862405234" lon="77.2773167192525">
    <time>2026-08-27T14:26:36.812Z</time>
    <extensions>
        <provider>whs</provider>
    </extensions>
</trkpt>
<trkpt lat="42.42290006240523" lon="77.2773449192525">
    <time>2026-08-27T14:26:45.869Z</time>
    <extensions>
        <provider>whs</provider>
    </extensions>
</trkpt>
<trkpt lat="42.42291846240523" lon="77.2773797192525">
    <time>2026-08-27T14:26:51.907Z</time>
    <extensions>
        <provider>whs</provider>
    </extensions>
</trkpt>
<trkpt lat="42.42293756240523" lon="77.2774021192525">
    <time>2026-08-27T14:26:54.926Z</time>
    <extensions>
        <provider>whs</provider>
    </extensions>
</trkpt>
<trkpt lat="42.42294416240523" lon="77.2774375192525">
    <time>2026-08-27T14:26:57.945Z</time>
    <extensions>
        <provider>whs</provider>
    </extensions>
</trkpt>
<trkpt lat="42.422960962405234" lon="77.2774548192525">
    <time>2026-08-27T14:26:59.957Z</time>
    <extensions>
        <provider>whs</provider>
    </extensions>
</trkpt>
<trkpt lat="42.42298086240523" lon="77.27747191925249">
    <time>2026-08-27T14:27:02.976Z</time>
    <extensions>
        <provider>whs</provider>
    </extensions>
</trkpt>
<trkpt lat="42.42300666240523" lon="77.2774885192525">
    <time>2026-08-27T14:27:04.988Z</time>
    <extensions>
        <provider>whs</provider>
    </extensions>
</trkpt>
<trkpt lat="42.42302956240523" lon="77.2774965192525">
    <time>2026-08-27T14:27:09.012Z</time>
    <extensions>
        <provider>whs</provider>
    </extensions>
</trkpt>
<trkpt lat="42.42305586240523" lon="77.2775060192525">
    <time>2026-08-27T14:27:11.024Z</time>
    <extensions>
        <provider>whs</provider>
    </extensions>
</trkpt>
<trkpt lat="42.42309206240523" lon="77.27753871925249">
    <time>2026-08-27T14:27:16.055Z</time>
    <extensions>
        <provider>whs</provider>
    </extensions>
</trkpt>
<trkpt lat="42.42312396240523" lon="77.2775685192525">
    <time>2026-08-27T14:27:18.067Z</time>
    <extensions>
        <provider>whs</provider>
    </extensions>
</trkpt>
<trkpt lat="42.42314106240523" lon="77.2775870192525">
    <time>2026-08-27T14:27:19.073Z</time>
    <extensions>
        <provider>whs</provider>
    </extensions>
</trkpt>
<trkpt lat="42.42316626240523" lon="77.2776010192525">
    <time>2026-08-27T14:27:20.079Z</time>
    <extensions>
        <provider>whs</provider>
    </extensions>
</trkpt>
<trkpt lat="42.42321766240523" lon="77.2776218192525">
    <time>2026-08-27T14:27:23.098Z</time>
    <extensions>
        <provider>whs</provider>
    </extensions>
</trkpt>
<trkpt lat="42.42324826240523" lon="77.2776235192525">
    <time>2026-08-27T14:27:25.111Z</time>
    <extensions>
        <provider>whs</provider>
    </extensions>
</trkpt>
<trkpt lat="42.42327446240523" lon="77.27764471925249">
    <time>2026-08-27T14:27:27.123Z</time>
    <extensions>
        <provider>whs</provider>
    </extensions>
</trkpt>
<trkpt lat="42.42329726240523" lon="77.2776679192525">
    <time>2026-08-27T14:27:29.135Z</time>
    <extensions>
        <provider>whs</provider>
    </extensions>
</trkpt>
<trkpt lat="42.42330966240523" lon="77.2776911192525">
    <time>2026-08-27T14:27:31.147Z</time>
    <extensions>
        <provider>whs</provider>
    </extensions>
</trkpt>
<trkpt lat="42.42333896240523" lon="77.27770291925249">
    <time>2026-08-27T14:27:35.172Z</time>
    <extensions>
        <provider>whs</provider>
    </extensions>
</trkpt>
<trkpt lat="42.423359762405234" lon="77.27769311925249">
    <time>2026-08-27T14:27:37.184Z</time>
    <extensions>
        <provider>whs</provider>
    </extensions>
</trkpt>
<trkpt lat="42.423382862405234" lon="77.2776992192525">
    <time>2026-08-27T14:27:38.191Z</time>
    <extensions>
        <provider>whs</provider>
    </extensions>
</trkpt>
<trkpt lat="42.42340426240523" lon="77.2776813192525">
    <time>2026-08-27T14:27:41.210Z</time>
    <extensions>
        <provider>whs</provider>
    </extensions>
</trkpt>
<trkpt lat="42.42343316240523" lon="77.27769091925249">
    <time>2026-08-27T14:27:43.223Z</time>
    <extensions>
        <provider>whs</provider>
    </extensions>
</trkpt>
<trkpt lat="42.42346356240523" lon="77.2777248192525">
    <time>2026-08-27T14:27:50.270Z</time>
    <extensions>
        <provider>whs</provider>
    </extensions>
</trkpt>
<trkpt lat="42.423487462405234" lon="77.2777274192525">
    <time>2026-08-27T14:27:51.275Z</time>
    <extensions>
        <provider>whs</provider>
    </extensions>
</trkpt>
<trkpt lat="42.42351006240523" lon="77.2777160192525">
    <time>2026-08-27T14:27:57.314Z</time>
    <extensions>
        <provider>whs</provider>
    </extensions>
</trkpt>
<trkpt lat="42.42353506240523" lon="77.2777198192525">
    <time>2026-08-27T14:27:59.327Z</time>
    <extensions>
        <provider>whs</provider>
    </extensions>
</trkpt>
<trkpt lat="42.42355356240523" lon="77.2777121192525">
    <time>2026-08-27T14:28:02.347Z</time>
    <extensions>
        <provider>whs</provider>
    </extensions>
</trkpt>
<trkpt lat="42.42357646240523" lon="77.2777066192525">
    <time>2026-08-27T14:28:05.366Z</time>
    <extensions>
        <provider>whs</provider>
    </extensions>
</trkpt>
<trkpt lat="42.423609062405234" lon="77.2777232192525">
    <time>2026-08-27T14:28:06.373Z</time>
    <extensions>
        <provider>whs</provider>
    </extensions>
</trkpt>
<trkpt lat="42.42363976240523" lon="77.2777358192525">
    <time>2026-08-27T14:28:08.387Z</time>
    <extensions>
        <provider>whs</provider>
    </extensions>
</trkpt>
<trkpt lat="42.42366366240523" lon="77.27774791925249">
    <time>2026-08-27T14:28:10.400Z</time>
    <extensions>
        <provider>whs</provider>
    </extensions>
</trkpt>
<trkpt lat="42.42369046240523" lon="77.2777420192525">
    <time>2026-08-27T14:28:12.412Z</time>
    <extensions>
        <provider>whs</provider>
    </extensions>
</trkpt>
<trkpt lat="42.423711862405234" lon="77.2777457192525">
    <time>2026-08-27T14:28:14.425Z</time>
    <extensions>
        <provider>whs</provider>
    </extensions>
</trkpt>
<trkpt lat="42.42373706240523" lon="77.2777653192525">
    <time>2026-08-27T14:28:17.445Z</time>
    <extensions>
        <provider>whs</provider>
    </extensions>
</trkpt>
<trkpt lat="42.42376396240523" lon="77.2777726192525">
    <time>2026-08-27T14:28:19.458Z</time>
    <extensions>
        <provider>whs</provider>
    </extensions>
</trkpt>
<trkpt lat="42.42379736240523" lon="77.2777856192525">
    <time>2026-08-27T14:28:21.471Z</time>
    <extensions>
        <provider>whs</provider>
    </extensions>
</trkpt>
<trkpt lat="42.42382536240523" lon="77.2777897192525">
    <time>2026-08-27T14:28:23.474Z</time>
    <extensions>
        <provider>whs</provider>
    </extensions>
</trkpt>
<trkpt lat="42.423846262405235" lon="77.27779101925249">
    <time>2026-08-27T14:28:26.494Z</time>
    <extensions>
        <provider>whs</provider>
    </extensions>
</trkpt>
<trkpt lat="42.42385946240523" lon="77.27781351925249">
    <time>2026-08-27T14:28:29.514Z</time>
    <extensions>
        <provider>whs</provider>
    </extensions>
</trkpt>
<trkpt lat="42.42387616240523" lon="77.2778012192525">
    <time>2026-08-27T14:28:31.527Z</time>
    <extensions>
        <provider>whs</provider>
    </extensions>
</trkpt>
<trkpt lat="42.42391286240523" lon="77.2778223192525">
    <time>2026-08-27T14:28:36.559Z</time>
    <extensions>
        <provider>whs</provider>
    </extensions>
</trkpt>
<trkpt lat="42.42392256240523" lon="77.2777998192525">
    <time>2026-08-27T14:28:40.586Z</time>
    <extensions>
        <provider>whs</provider>
    </extensions>
</trkpt>
<trkpt lat="42.42389946240523" lon="77.2777638192525">
    <time>2026-08-27T14:28:42.598Z</time>
    <extensions>
        <provider>whs</provider>
    </extensions>
</trkpt>
<trkpt lat="42.42391726240523" lon="77.2777300192525">
    <time>2026-08-27T14:28:45.618Z</time>
    <extensions>
        <provider>whs</provider>
    </extensions>
</trkpt>
<trkpt lat="42.42394366240523" lon="77.2777105192525">
    <time>2026-08-27T14:28:47.631Z</time>
    <extensions>
        <provider>whs</provider>
    </extensions>
</trkpt>
<trkpt lat="42.42395466240523" lon="77.2776879192525">
    <time>2026-08-27T14:28:48.637Z</time>
    <extensions>
        <provider>whs</provider>
    </extensions>
</trkpt>
<trkpt lat="42.42396676240523" lon="77.27765961925249">
    <time>2026-08-27T14:28:50.651Z</time>
    <extensions>
        <provider>whs</provider>
    </extensions>
</trkpt>
<trkpt lat="42.42397056240523" lon="77.2776352192525">
    <time>2026-08-27T14:28:53.672Z</time>
    <extensions>
        <provider>whs</provider>
    </extensions>
</trkpt>
<trkpt lat="42.423971462405234" lon="77.2776094192525">
    <time>2026-08-27T14:28:55.684Z</time>
    <extensions>
        <provider>whs</provider>
    </extensions>
</trkpt>
<trkpt lat="42.42399186240523" lon="77.2775909192525">
    <time>2026-08-27T14:28:59.711Z</time>
    <extensions>
        <provider>whs</provider>
    </extensions>
</trkpt>
<trkpt lat="42.42399726240523" lon="77.2775649192525">
    <time>2026-08-27T14:29:01.725Z</time>
    <extensions>
        <provider>whs</provider>
    </extensions>
</trkpt>
<trkpt lat="42.42400946240523" lon="77.2775421192525">
    <time>2026-08-27T14:29:03.740Z</time>
    <extensions>
        <provider>whs</provider>
    </extensions>
</trkpt>
<trkpt lat="42.424034162405235" lon="77.2775074192525">
    <time>2026-08-27T14:29:08.775Z</time>
    <extensions>
        <provider>whs</provider>
    </extensions>
</trkpt>
<trkpt lat="42.42402996240523" lon="77.27748151925249">
    <time>2026-08-27T14:29:12.804Z</time>
    <extensions>
        <provider>whs</provider>
    </extensions>
</trkpt>
<trkpt lat="42.42404226240523" lon="77.2774531192525">
    <time>2026-08-27T14:29:17.837Z</time>
    <extensions>
        <provider>whs</provider>
    </extensions>
</trkpt>
<trkpt lat="42.42405636240523" lon="77.2774224192525">
    <time>2026-08-27T14:29:19.850Z</time>
    <extensions>
        <provider>whs</provider>
    </extensions>
</trkpt>
<trkpt lat="42.42406716240523" lon="77.27739291925249">
    <time>2026-08-27T14:29:21.864Z</time>
    <extensions>
        <provider>whs</provider>
    </extensions>
</trkpt>
<trkpt lat="42.42406726240523" lon="77.27735871925249">
    <time>2026-08-27T14:29:23.878Z</time>
    <extensions>
        <provider>whs</provider>
    </extensions>
</trkpt>
<trkpt lat="42.424075462405234" lon="77.2773255192525">
    <time>2026-08-27T14:29:25.892Z</time>
    <extensions>
        <provider>whs</provider>
    </extensions>
</trkpt>
<trkpt lat="42.42405556240523" lon="77.2772882192525">
    <time>2026-08-27T14:29:27.905Z</time>
    <extensions>
        <provider>whs</provider>
    </extensions>
</trkpt>
<trkpt lat="42.42407376240523" lon="77.27724521925249">
    <time>2026-08-27T14:29:29.919Z</time>
    <extensions>
        <provider>whs</provider>
    </extensions>
</trkpt>
<trkpt lat="42.424081562405235" lon="77.2771784192525">
    <time>2026-08-27T14:29:33.946Z</time>
    <extensions>
        <provider>whs</provider>
    </extensions>
</trkpt>
<trkpt lat="42.42406486240523" lon="77.2771264192525">
    <time>2026-08-27T14:29:35.958Z</time>
    <extensions>
        <provider>whs</provider>
    </extensions>
</trkpt>
<trkpt lat="42.424072362405234" lon="77.2770795192525">
    <time>2026-08-27T14:29:38.977Z</time>
    <extensions>
        <provider>whs</provider>
    </extensions>
</trkpt>
<trkpt lat="42.424082762405234" lon="77.2770497192525">
    <time>2026-08-27T14:29:40.991Z</time>
    <extensions>
        <provider>whs</provider>
    </extensions>
</trkpt>
<trkpt lat="42.42408496240523" lon="77.2770150192525">
    <time>2026-08-27T14:29:45.018Z</time>
    <extensions>
        <provider>whs</provider>
    </extensions>
</trkpt>
<trkpt lat="42.42409446240523" lon="77.2769833192525">
    <time>2026-08-27T14:29:48.037Z</time>
    <extensions>
        <provider>whs</provider>
    </extensions>
</trkpt>
<trkpt lat="42.42410076240523" lon="77.27694601925249">
    <time>2026-08-27T14:29:51.056Z</time>
    <extensions>
        <provider>whs</provider>
    </extensions>
</trkpt>
<trkpt lat="42.42408466240523" lon="77.2769301192525">
    <time>2026-08-27T14:29:52.063Z</time>
    <extensions>
        <provider>whs</provider>
    </extensions>
</trkpt>
<trkpt lat="42.42408116240523" lon="77.27689411925249">
    <time>2026-08-27T14:29:54.076Z</time>
    <extensions>
        <provider>whs</provider>
    </extensions>
</trkpt>
<trkpt lat="42.42404726240523" lon="77.2768731192525">
    <time>2026-08-27T14:29:56.089Z</time>
    <extensions>
        <provider>whs</provider>
    </extensions>
</trkpt>
<trkpt lat="42.424036562405234" lon="77.2768410192525">
    <time>2026-08-27T14:29:59.108Z</time>
    <extensions>
        <provider>whs</provider>
    </extensions>
</trkpt>
<trkpt lat="42.42401596240523" lon="77.2768492192525">
    <time>2026-08-27T14:30:01.122Z</time>
    <extensions>
        <provider>whs</provider>
    </extensions>
</trkpt>
<trkpt lat="42.42400666240523" lon="77.2768245192525">
    <time>2026-08-27T14:30:03.135Z</time>
    <extensions>
        <provider>whs</provider>
    </extensions>
</trkpt>
<trkpt lat="42.42402426240523" lon="77.2767984192525">
    <time>2026-08-27T14:30:06.156Z</time>
    <extensions>
        <provider>whs</provider>
    </extensions>
</trkpt>
<trkpt lat="42.42400626240523" lon="77.2767520192525">
    <time>2026-08-27T14:30:11.190Z</time>
    <extensions>
        <provider>whs</provider>
    </extensions>
</trkpt>
<trkpt lat="42.42398926240523" lon="77.2767266192525">
    <time>2026-08-27T14:30:13.204Z</time>
    <extensions>
        <provider>whs</provider>
    </extensions>
</trkpt>
<trkpt lat="42.423977562405234" lon="77.2767077192525">
    <time>2026-08-27T14:30:15.218Z</time>
    <extensions>
        <provider>whs</provider>
    </extensions>
</trkpt>
<trkpt lat="42.42395536240523" lon="77.2766983192525">
    <time>2026-08-27T14:30:17.232Z</time>
    <extensions>
        <provider>whs</provider>
    </extensions>
</trkpt>
<trkpt lat="42.42394176240523" lon="77.2766797192525">
    <time>2026-08-27T14:30:20.253Z</time>
    <extensions>
        <provider>whs</provider>
    </extensions>
</trkpt>
<trkpt lat="42.42394076240523" lon="77.2766361192525">
    <time>2026-08-27T14:30:28.309Z</time>
    <extensions>
        <provider>whs</provider>
    </extensions>
</trkpt>
<trkpt lat="42.423946562405234" lon="77.2766058192525">
    <time>2026-08-27T14:30:31.330Z</time>
    <extensions>
        <provider>whs</provider>
    </extensions>
</trkpt>
<trkpt lat="42.42393486240523" lon="77.2765500192525">
    <time>2026-08-27T14:30:33.344Z</time>
    <extensions>
        <provider>whs</provider>
    </extensions>
</trkpt>
<trkpt lat="42.42392726240523" lon="77.2765183192525">
    <time>2026-08-27T14:30:35.358Z</time>
    <extensions>
        <provider>whs</provider>
    </extensions>
</trkpt>
<trkpt lat="42.42392086240523" lon="77.2764769192525">
    <time>2026-08-27T14:30:48.445Z</time>
    <extensions>
        <provider>whs</provider>
    </extensions>
</trkpt>
<trkpt lat="42.42389756240523" lon="77.2764667192525">
    <time>2026-08-27T14:30:50.460Z</time>
    <extensions>
        <provider>whs</provider>
    </extensions>
</trkpt>
<trkpt lat="42.42388226240523" lon="77.2764446192525">
    <time>2026-08-27T14:30:51.467Z</time>
    <extensions>
        <provider>whs</provider>
    </extensions>
</trkpt>
<trkpt lat="42.42390056240523" lon="77.2764401192525">
    <time>2026-08-27T14:30:59.521Z</time>
    <extensions>
        <provider>whs</provider>
    </extensions>
</trkpt>
<trkpt lat="42.42389046240523" lon="77.2764056192525">
    <time>2026-08-27T14:31:06.569Z</time>
    <extensions>
        <provider>whs</provider>
    </extensions>
</trkpt>
<trkpt lat="42.42387336240523" lon="77.2763880192525">
    <time>2026-08-27T14:31:08.582Z</time>
    <extensions>
        <provider>whs</provider>
    </extensions>
</trkpt>
<trkpt lat="42.42389836240523" lon="77.2763849192525">
    <time>2026-08-27T14:31:12.609Z</time>
    <extensions>
        <provider>whs</provider>
    </extensions>
</trkpt>
<trkpt lat="42.423871762405234" lon="77.2763722192525">
    <time>2026-08-27T14:31:25.698Z</time>
    <extensions>
        <provider>whs</provider>
    </extensions>
</trkpt>
<trkpt lat="42.423852262405234" lon="77.2763640192525">
    <time>2026-08-27T14:31:27.711Z</time>
    <extensions>
        <provider>whs</provider>
    </extensions>
</trkpt>
<trkpt lat="42.42389316240523" lon="77.2763606192525">
    <time>2026-08-27T14:31:36.772Z</time>
    <extensions>
        <provider>whs</provider>
    </extensions>
</trkpt>
<trkpt lat="42.42387506240523" lon="77.2763663192525">
    <time>2026-08-27T14:31:39.791Z</time>
    <extensions>
        <provider>whs</provider>
    </extensions>
</trkpt>
<trkpt lat="42.42389086240523" lon="77.27635071925249">
    <time>2026-08-27T14:31:43.818Z</time>
    <extensions>
        <provider>whs</provider>
    </extensions>
</trkpt>
<trkpt lat="42.42390756240523" lon="77.2763370192525">
    <time>2026-08-27T14:32:03.954Z</time>
    <extensions>
        <provider>whs</provider>
    </extensions>
</trkpt>
<trkpt lat="42.42391786240523" lon="77.2763613192525">
    <time>2026-08-27T14:32:11.002Z</time>
    <extensions>
        <provider>whs</provider>
    </extensions>
</trkpt>
<trkpt lat="42.423914962405235" lon="77.2763310192525">
    <time>2026-08-27T14:32:14.023Z</time>
    <extensions>
        <provider>whs</provider>
    </extensions>
</trkpt>
<trkpt lat="42.42389686240523" lon="77.2763147192525">
    <time>2026-08-27T14:32:16.037Z</time>
    <extensions>
        <provider>whs</provider>
    </extensions>
</trkpt>
<trkpt lat="42.42387036240523" lon="77.2763149192525">
    <time>2026-08-27T14:32:22.079Z</time>
    <extensions>
        <provider>whs</provider>
    </extensions>
</trkpt>
<trkpt lat="42.42384766240523" lon="77.27630191925249">
    <time>2026-08-27T14:32:23.085Z</time>
    <extensions>
        <provider>whs</provider>
    </extensions>
</trkpt>
<trkpt lat="42.42384546240523" lon="77.2763272192525">
    <time>2026-08-27T14:32:30.132Z</time>
    <extensions>
        <provider>whs</provider>
    </extensions>
</trkpt>
<trkpt lat="42.42381746240523" lon="77.2763087192525">
    <time>2026-08-27T14:32:34.159Z</time>
    <extensions>
        <provider>whs</provider>
    </extensions>
</trkpt>
<trkpt lat="42.42380816240523" lon="77.2762831192525">
    <time>2026-08-27T14:32:37.179Z</time>
    <extensions>
        <provider>whs</provider>
    </extensions>
</trkpt>
<trkpt lat="42.42383006240523" lon="77.2762773192525">
    <time>2026-08-27T14:32:43.219Z</time>
    <extensions>
        <provider>whs</provider>
    </extensions>
</trkpt>
<trkpt lat="42.42380926240523" lon="77.2762664192525">
    <time>2026-08-27T14:32:48.252Z</time>
    <extensions>
        <provider>whs</provider>
    </extensions>
</trkpt>
<trkpt lat="42.42379836240523" lon="77.2762888192525">
    <time>2026-08-27T14:32:50.265Z</time>
    <extensions>
        <provider>whs</provider>
    </extensions>
</trkpt>
<trkpt lat="42.42380316240523" lon="77.2763162192525">
    <time>2026-08-27T14:32:57.311Z</time>
    <extensions>
        <provider>whs</provider>
    </extensions>
</trkpt>
<trkpt lat="42.42380846240523" lon="77.2762883192525">
    <time>2026-08-27T14:33:03.348Z</time>
    <extensions>
        <provider>whs</provider>
    </extensions>
</trkpt>
<trkpt lat="42.423814662405235" lon="77.2762641192525">
    <time>2026-08-27T14:33:06.369Z</time>
    <extensions>
        <provider>whs</provider>
    </extensions>
</trkpt>
<trkpt lat="42.42383016240523" lon="77.2762975192525">
    <time>2026-08-27T14:33:13.416Z</time>
    <extensions>
        <provider>whs</provider>
    </extensions>
</trkpt>
<trkpt lat="42.423852262405234" lon="77.2762982192525">
    <time>2026-08-27T14:33:15.429Z</time>
    <extensions>
        <provider>whs</provider>
    </extensions>
</trkpt>
<trkpt lat="42.42380636240523" lon="77.27631291925249">
    <time>2026-08-27T14:33:26.503Z</time>
    <extensions>
        <provider>whs</provider>
    </extensions>
</trkpt>
<trkpt lat="42.42376736240523" lon="77.2762858192525">
    <time>2026-08-27T14:33:33.550Z</time>
    <extensions>
        <provider>whs</provider>
    </extensions>
</trkpt>
<trkpt lat="42.42378526240523" lon="77.2763068192525">
    <time>2026-08-27T14:33:35.565Z</time>
    <extensions>
        <provider>whs</provider>
    </extensions>
</trkpt>
<trkpt lat="42.42375066240523" lon="77.2762726192525">
    <time>2026-08-27T14:33:38.585Z</time>
    <extensions>
        <provider>whs</provider>
    </extensions>
</trkpt>
<trkpt lat="42.42371236240523" lon="77.2762512192525">
    <time>2026-08-27T14:33:39.591Z</time>
    <extensions>
        <provider>whs</provider>
    </extensions>
</trkpt>
<trkpt lat="42.42366376240523" lon="77.2762352192525">
    <time>2026-08-27T14:33:40.598Z</time>
    <extensions>
        <provider>whs</provider>
    </extensions>
</trkpt>
<trkpt lat="42.42362526240523" lon="77.2762302192525">
    <time>2026-08-27T14:33:41.604Z</time>
    <extensions>
        <provider>whs</provider>
    </extensions>
</trkpt>
<trkpt lat="42.42358676240523" lon="77.2762277192525">
    <time>2026-08-27T14:33:42.611Z</time>
    <extensions>
        <provider>whs</provider>
    </extensions>
</trkpt>
<trkpt lat="42.423548962405235" lon="77.2762234192525">
    <time>2026-08-27T14:33:43.618Z</time>
    <extensions>
        <provider>whs</provider>
    </extensions>
</trkpt>
<trkpt lat="42.42351586240523" lon="77.2762051192525">
    <time>2026-08-27T14:33:44.624Z</time>
    <extensions>
        <provider>whs</provider>
    </extensions>
</trkpt>
<trkpt lat="42.42347926240523" lon="77.27621211925249">
    <time>2026-08-27T14:33:45.631Z</time>
    <extensions>
        <provider>whs</provider>
    </extensions>
</trkpt>
<trkpt lat="42.42344446240523" lon="77.2762156192525">
    <time>2026-08-27T14:33:46.638Z</time>
    <extensions>
        <provider>whs</provider>
    </extensions>
</trkpt>
<trkpt lat="42.42340436240523" lon="77.2762055192525">
    <time>2026-08-27T14:33:47.644Z</time>
    <extensions>
        <provider>whs</provider>
    </extensions>
</trkpt>
<trkpt lat="42.42336476240523" lon="77.2762029192525">
    <time>2026-08-27T14:33:48.651Z</time>
    <extensions>
        <provider>whs</provider>
    </extensions>
</trkpt>
<trkpt lat="42.42332786240523" lon="77.2762041192525">
    <time>2026-08-27T14:33:49.658Z</time>
    <extensions>
        <provider>whs</provider>
    </extensions>
</trkpt>
<trkpt lat="42.42328736240523" lon="77.2762033192525">
    <time>2026-08-27T14:33:50.664Z</time>
    <extensions>
        <provider>whs</provider>
    </extensions>
</trkpt>
<trkpt lat="42.423255862405234" lon="77.2762270192525">
    <time>2026-08-27T14:33:51.671Z</time>
    <extensions>
        <provider>whs</provider>
    </extensions>
</trkpt>
<trkpt lat="42.42320626240523" lon="77.2762348192525">
    <time>2026-08-27T14:33:52.678Z</time>
    <extensions>
        <provider>whs</provider>
    </extensions>
</trkpt>
<trkpt lat="42.423151862405234" lon="77.2762482192525">
    <time>2026-08-27T14:33:53.684Z</time>
    <extensions>
        <provider>whs</provider>
    </extensions>
</trkpt>
<trkpt lat="42.42311076240523" lon="77.2762445192525">
    <time>2026-08-27T14:33:54.691Z</time>
    <extensions>
        <provider>whs</provider>
    </extensions>
</trkpt>
<trkpt lat="42.42307686240523" lon="77.2762386192525">
    <time>2026-08-27T14:33:55.698Z</time>
    <extensions>
        <provider>whs</provider>
    </extensions>
</trkpt>
<trkpt lat="42.42304146240523" lon="77.2762336192525">
    <time>2026-08-27T14:33:56.705Z</time>
    <extensions>
        <provider>whs</provider>
    </extensions>
</trkpt>
<trkpt lat="42.42301026240523" lon="77.2762403192525">
    <time>2026-08-27T14:33:57.711Z</time>
    <extensions>
        <provider>whs</provider>
    </extensions>
</trkpt>
<trkpt lat="42.42297806240523" lon="77.2762464192525">
    <time>2026-08-27T14:33:58.719Z</time>
    <extensions>
        <provider>whs</provider>
    </extensions>
</trkpt>
<trkpt lat="42.422949962405234" lon="77.27625091925249">
    <time>2026-08-27T14:33:59.724Z</time>
    <extensions>
        <provider>whs</provider>
    </extensions>
</trkpt>
<trkpt lat="42.422923262405234" lon="77.2762725192525">
    <time>2026-08-27T14:34:00.731Z</time>
    <extensions>
        <provider>whs</provider>
    </extensions>
</trkpt>
<trkpt lat="42.422894662405234" lon="77.2762914192525">
    <time>2026-08-27T14:34:01.738Z</time>
    <extensions>
        <provider>whs</provider>
    </extensions>
</trkpt>
<trkpt lat="42.42285826240523" lon="77.2763134192525">
    <time>2026-08-27T14:34:02.744Z</time>
    <extensions>
        <provider>whs</provider>
    </extensions>
</trkpt>
<trkpt lat="42.42282496240523" lon="77.2763309192525">
    <time>2026-08-27T14:34:03.751Z</time>
    <extensions>
        <provider>whs</provider>
    </extensions>
</trkpt>
<trkpt lat="42.42280206240523" lon="77.2763706192525">
    <time>2026-08-27T14:34:04.758Z</time>
    <extensions>
        <provider>whs</provider>
    </extensions>
</trkpt>
<trkpt lat="42.42278356240523" lon="77.2764142192525">
    <time>2026-08-27T14:34:05.765Z</time>
    <extensions>
        <provider>whs</provider>
    </extensions>
</trkpt>
<trkpt lat="42.42277226240523" lon="77.2764628192525">
    <time>2026-08-27T14:34:06.772Z</time>
    <extensions>
        <provider>whs</provider>
    </extensions>
</trkpt>
<trkpt lat="42.422767562405234" lon="77.2765193192525">
    <time>2026-08-27T14:34:07.778Z</time>
    <extensions>
        <provider>whs</provider>
    </extensions>
</trkpt>
<trkpt lat="42.42279296240523" lon="77.2765701192525">
    <time>2026-08-27T14:34:08.775Z</time>
    <extensions>
        <provider>whs</provider>
    </extensions>
</trkpt>
<trkpt lat="42.42283306240523" lon="77.27661451925249">
    <time>2026-08-27T14:34:09.783Z</time>
    <extensions>
        <provider>whs</provider>
    </extensions>
</trkpt>
<trkpt lat="42.422880662405234" lon="77.2766395192525">
    <time>2026-08-27T14:34:10.789Z</time>
    <extensions>
        <provider>whs</provider>
    </extensions>
</trkpt>
<trkpt lat="42.422914162405235" lon="77.2766553192525">
    <time>2026-08-27T14:34:11.796Z</time>
    <extensions>
        <provider>whs</provider>
    </extensions>
</trkpt>
<trkpt lat="42.42295736240523" lon="77.2766707192525">
    <time>2026-08-27T14:34:12.802Z</time>
    <extensions>
        <provider>whs</provider>
    </extensions>
</trkpt>
<trkpt lat="42.42299826240523" lon="77.2766718192525">
    <time>2026-08-27T14:34:13.810Z</time>
    <extensions>
        <provider>whs</provider>
    </extensions>
</trkpt>
<trkpt lat="42.423042462405235" lon="77.2766943192525">
    <time>2026-08-27T14:34:14.816Z</time>
    <extensions>
        <provider>whs</provider>
    </extensions>
</trkpt>
<trkpt lat="42.42308006240523" lon="77.2766989192525">
    <time>2026-08-27T14:34:15.823Z</time>
    <extensions>
        <provider>whs</provider>
    </extensions>
</trkpt>
<trkpt lat="42.42310876240523" lon="77.2767044192525">
    <time>2026-08-27T14:34:16.830Z</time>
    <extensions>
        <provider>whs</provider>
    </extensions>
</trkpt>
<trkpt lat="42.42314476240523" lon="77.27672411925249">
    <time>2026-08-27T14:34:17.837Z</time>
    <extensions>
        <provider>whs</provider>
    </extensions>
</trkpt>
<trkpt lat="42.42319596240523" lon="77.27672411925249">
    <time>2026-08-27T14:34:18.844Z</time>
    <extensions>
        <provider>whs</provider>
    </extensions>
</trkpt>
<trkpt lat="42.423237562405234" lon="77.2767264192525">
    <time>2026-08-27T14:34:19.851Z</time>
    <extensions>
        <provider>whs</provider>
    </extensions>
</trkpt>
<trkpt lat="42.42328836240523" lon="77.2767066192525">
    <time>2026-08-27T14:34:20.859Z</time>
    <extensions>
        <provider>whs</provider>
    </extensions>
</trkpt>
<trkpt lat="42.42332966240523" lon="77.27669011925249">
    <time>2026-08-27T14:34:21.866Z</time>
    <extensions>
        <provider>whs</provider>
    </extensions>
</trkpt>
<trkpt lat="42.42336946240523" lon="77.27667791925249">
    <time>2026-08-27T14:34:22.873Z</time>
    <extensions>
        <provider>whs</provider>
    </extensions>
</trkpt>
<trkpt lat="42.42340946240523" lon="77.2766416192525">
    <time>2026-08-27T14:34:23.880Z</time>
    <extensions>
        <provider>whs</provider>
    </extensions>
</trkpt>
<trkpt lat="42.423445562405234" lon="77.2766040192525">
    <time>2026-08-27T14:34:24.887Z</time>
    <extensions>
        <provider>whs</provider>
    </extensions>
</trkpt>
<trkpt lat="42.42347066240523" lon="77.2765658192525">
    <time>2026-08-27T14:34:25.895Z</time>
    <extensions>
        <provider>whs</provider>
    </extensions>
</trkpt>
<trkpt lat="42.42349806240523" lon="77.2765366192525">
    <time>2026-08-27T14:34:26.901Z</time>
    <extensions>
        <provider>whs</provider>
    </extensions>
</trkpt>
<trkpt lat="42.42351576240523" lon="77.2764962192525">
    <time>2026-08-27T14:34:27.908Z</time>
    <extensions>
        <provider>whs</provider>
    </extensions>
</trkpt>
<trkpt lat="42.423544662405234" lon="77.2764507192525">
    <time>2026-08-27T14:34:28.916Z</time>
    <extensions>
        <provider>whs</provider>
    </extensions>
</trkpt>
<trkpt lat="42.42358886240523" lon="77.2764248192525">
    <time>2026-08-27T14:34:29.922Z</time>
    <extensions>
        <provider>whs</provider>
    </extensions>
</trkpt>
<trkpt lat="42.42361426240523" lon="77.2763972192525">
    <time>2026-08-27T14:34:30.930Z</time>
    <extensions>
        <provider>whs</provider>
    </extensions>
</trkpt>
<trkpt lat="42.42362876240523" lon="77.2763572192525">
    <time>2026-08-27T14:34:31.936Z</time>
    <extensions>
        <provider>whs</provider>
    </extensions>
</trkpt>
<trkpt lat="42.42364086240523" lon="77.27629731925249">
    <time>2026-08-27T14:34:32.943Z</time>
    <extensions>
        <provider>whs</provider>
    </extensions>
</trkpt>
<trkpt lat="42.42365326240523" lon="77.27622841925249">
    <time>2026-08-27T14:34:33.951Z</time>
    <extensions>
        <provider>whs</provider>
    </extensions>
</trkpt>
<trkpt lat="42.42364766240523" lon="77.27611491925249">
    <time>2026-08-27T14:34:34.957Z</time>
    <extensions>
        <provider>whs</provider>
    </extensions>
</trkpt>
<trkpt lat="42.42363056240523" lon="77.27607901925249">
    <time>2026-08-27T14:34:35.963Z</time>
    <extensions>
        <provider>whs</provider>
    </extensions>
</trkpt>
<trkpt lat="42.42361226240523" lon="77.2760198192525">
    <time>2026-08-27T14:34:36.970Z</time>
    <extensions>
        <provider>whs</provider>
    </extensions>
</trkpt>
<trkpt lat="42.42358376240523" lon="77.27597301925249">
    <time>2026-08-27T14:34:37.977Z</time>
    <extensions>
        <provider>whs</provider>
    </extensions>
</trkpt>
<trkpt lat="42.42354316240523" lon="77.2759336192525">
    <time>2026-08-27T14:34:38.984Z</time>
    <extensions>
        <provider>whs</provider>
    </extensions>
</trkpt>
<trkpt lat="42.423500862405234" lon="77.2759084192525">
    <time>2026-08-27T14:34:39.991Z</time>
    <extensions>
        <provider>whs</provider>
    </extensions>
</trkpt>
<trkpt lat="42.423449162405234" lon="77.2758845192525">
    <time>2026-08-27T14:34:40.997Z</time>
    <extensions>
        <provider>whs</provider>
    </extensions>
</trkpt>
<trkpt lat="42.42340756240523" lon="77.2758731192525">
    <time>2026-08-27T14:34:42.004Z</time>
    <extensions>
        <provider>whs</provider>
    </extensions>
</trkpt>
<trkpt lat="42.42335726240523" lon="77.2758772192525">
    <time>2026-08-27T14:34:43.012Z</time>
    <extensions>
        <provider>whs</provider>
    </extensions>
</trkpt>
<trkpt lat="42.42331706240523" lon="77.2758814192525">
    <time>2026-08-27T14:34:44.019Z</time>
    <extensions>
        <provider>whs</provider>
    </extensions>
</trkpt>
<trkpt lat="42.42327496240523" lon="77.2758896192525">
    <time>2026-08-27T14:34:45.024Z</time>
    <extensions>
        <provider>whs</provider>
    </extensions>
</trkpt>
<trkpt lat="42.42322886240523" lon="77.27590881925249">
    <time>2026-08-27T14:34:46.031Z</time>
    <extensions>
        <provider>whs</provider>
    </extensions>
</trkpt>
<trkpt lat="42.42319856240523" lon="77.2759293192525">
    <time>2026-08-27T14:34:47.038Z</time>
    <extensions>
        <provider>whs</provider>
    </extensions>
</trkpt>
<trkpt lat="42.42316596240523" lon="77.2759501192525">
    <time>2026-08-27T14:34:48.044Z</time>
    <extensions>
        <provider>whs</provider>
    </extensions>
</trkpt>
<trkpt lat="42.42312526240523" lon="77.27595431925249">
    <time>2026-08-27T14:34:49.051Z</time>
    <extensions>
        <provider>whs</provider>
    </extensions>
</trkpt>
<trkpt lat="42.42309426240523" lon="77.2759781192525">
    <time>2026-08-27T14:34:50.058Z</time>
    <extensions>
        <provider>whs</provider>
    </extensions>
</trkpt>
<trkpt lat="42.42306396240523" lon="77.2760007192525">
    <time>2026-08-27T14:34:51.064Z</time>
    <extensions>
        <provider>whs</provider>
    </extensions>
</trkpt>
<trkpt lat="42.42303356240523" lon="77.2760197192525">
    <time>2026-08-27T14:34:52.070Z</time>
    <extensions>
        <provider>whs</provider>
    </extensions>
</trkpt>
<trkpt lat="42.42300706240523" lon="77.2760449192525">
    <time>2026-08-27T14:34:53.077Z</time>
    <extensions>
        <provider>whs</provider>
    </extensions>
</trkpt>
<trkpt lat="42.422980462405235" lon="77.27608001925249">
    <time>2026-08-27T14:34:54.083Z</time>
    <extensions>
        <provider>whs</provider>
    </extensions>
</trkpt>
<trkpt lat="42.422956062405234" lon="77.2761249192525">
    <time>2026-08-27T14:34:55.089Z</time>
    <extensions>
        <provider>whs</provider>
    </extensions>
</trkpt>
<trkpt lat="42.42292736240523" lon="77.2761703192525">
    <time>2026-08-27T14:34:56.096Z</time>
    <extensions>
        <provider>whs</provider>
    </extensions>
</trkpt>
<trkpt lat="42.42289446240523" lon="77.2762101192525">
    <time>2026-08-27T14:34:57.102Z</time>
    <extensions>
        <provider>whs</provider>
    </extensions>
</trkpt>
<trkpt lat="42.42286496240523" lon="77.27626001925249">
    <time>2026-08-27T14:34:58.108Z</time>
    <extensions>
        <provider>whs</provider>
    </extensions>
</trkpt>
<trkpt lat="42.42284686240523" lon="77.2763123192525">
    <time>2026-08-27T14:34:59.114Z</time>
    <extensions>
        <provider>whs</provider>
    </extensions>
</trkpt>
<trkpt lat="42.42284996240523" lon="77.2763638192525">
    <time>2026-08-27T14:35:00.120Z</time>
    <extensions>
        <provider>whs</provider>
    </extensions>
</trkpt>
<trkpt lat="42.42286646240523" lon="77.2764331192525">
    <time>2026-08-27T14:35:01.127Z</time>
    <extensions>
        <provider>whs</provider>
    </extensions>
</trkpt>
<trkpt lat="42.42287486240523" lon="77.2764793192525">
    <time>2026-08-27T14:35:02.134Z</time>
    <extensions>
        <provider>whs</provider>
    </extensions>
</trkpt>
<trkpt lat="42.42290156240523" lon="77.27652281925249">
    <time>2026-08-27T14:35:03.140Z</time>
    <extensions>
        <provider>whs</provider>
    </extensions>
</trkpt>
<trkpt lat="42.42292456240523" lon="77.2765821192525">
    <time>2026-08-27T14:35:04.148Z</time>
    <extensions>
        <provider>whs</provider>
    </extensions>
</trkpt>
<trkpt lat="42.42295396240523" lon="77.2766179192525">
    <time>2026-08-27T14:35:05.154Z</time>
    <extensions>
        <provider>whs</provider>
    </extensions>
</trkpt>
<trkpt lat="42.42298396240523" lon="77.2766467192525">
    <time>2026-08-27T14:35:06.160Z</time>
    <extensions>
        <provider>whs</provider>
    </extensions>
</trkpt>
<trkpt lat="42.42302246240523" lon="77.2766550192525">
    <time>2026-08-27T14:35:07.167Z</time>
    <extensions>
        <provider>whs</provider>
    </extensions>
</trkpt>
<trkpt lat="42.42307206240523" lon="77.2766785192525">
    <time>2026-08-27T14:35:08.173Z</time>
    <extensions>
        <provider>whs</provider>
    </extensions>
</trkpt>
<trkpt lat="42.42310186240523" lon="77.2766972192525">
    <time>2026-08-27T14:35:09.179Z</time>
    <extensions>
        <provider>whs</provider>
    </extensions>
</trkpt>
<trkpt lat="42.42314076240523" lon="77.27670641925249">
    <time>2026-08-27T14:35:10.186Z</time>
    <extensions>
        <provider>whs</provider>
    </extensions>
</trkpt>
<trkpt lat="42.42317726240523" lon="77.2767211192525">
    <time>2026-08-27T14:35:11.192Z</time>
    <extensions>
        <provider>whs</provider>
    </extensions>
</trkpt>
<trkpt lat="42.423207162405234" lon="77.2767384192525">
    <time>2026-08-27T14:35:12.198Z</time>
    <extensions>
        <provider>whs</provider>
    </extensions>
</trkpt>
<trkpt lat="42.42323566240523" lon="77.27675741925249">
    <time>2026-08-27T14:35:13.205Z</time>
    <extensions>
        <provider>whs</provider>
    </extensions>
</trkpt>
<trkpt lat="42.423268562405234" lon="77.2767687192525">
    <time>2026-08-27T14:35:14.211Z</time>
    <extensions>
        <provider>whs</provider>
    </extensions>
</trkpt>
<trkpt lat="42.423305062405234" lon="77.2767506192525">
    <time>2026-08-27T14:35:15.218Z</time>
    <extensions>
        <provider>whs</provider>
    </extensions>
</trkpt>
<trkpt lat="42.423357362405234" lon="77.2767365192525">
    <time>2026-08-27T14:35:16.225Z</time>
    <extensions>
        <provider>whs</provider>
    </extensions>
</trkpt>
<trkpt lat="42.42339926240523" lon="77.2767108192525">
    <time>2026-08-27T14:35:17.231Z</time>
    <extensions>
        <provider>whs</provider>
    </extensions>
</trkpt>
<trkpt lat="42.423434562405234" lon="77.27669181925249">
    <time>2026-08-27T14:35:18.237Z</time>
    <extensions>
        <provider>whs</provider>
    </extensions>
</trkpt>
<trkpt lat="42.423461362405234" lon="77.2766666192525">
    <time>2026-08-27T14:35:19.243Z</time>
    <extensions>
        <provider>whs</provider>
    </extensions>
</trkpt>
<trkpt lat="42.42348776240523" lon="77.2766448192525">
    <time>2026-08-27T14:35:20.250Z</time>
    <extensions>
        <provider>whs</provider>
    </extensions>
</trkpt>
<trkpt lat="42.42351676240523" lon="77.2766019192525">
    <time>2026-08-27T14:35:21.257Z</time>
    <extensions>
        <provider>whs</provider>
    </extensions>
</trkpt>
<trkpt lat="42.42354636240523" lon="77.2765639192525">
    <time>2026-08-27T14:35:22.263Z</time>
    <extensions>
        <provider>whs</provider>
    </extensions>
</trkpt>
<trkpt lat="42.42357476240523" lon="77.2765361192525">
    <time>2026-08-27T14:35:23.269Z</time>
    <extensions>
        <provider>whs</provider>
    </extensions>
</trkpt>
<trkpt lat="42.423598162405234" lon="77.27651921925249">
    <time>2026-08-27T14:35:24.276Z</time>
    <extensions>
        <provider>whs</provider>
    </extensions>
</trkpt>
<trkpt lat="42.423616962405234" lon="77.2764908192525">
    <time>2026-08-27T14:35:25.282Z</time>
    <extensions>
        <provider>whs</provider>
    </extensions>
</trkpt>
<trkpt lat="42.423641362405235" lon="77.2764598192525">
    <time>2026-08-27T14:35:26.289Z</time>
    <extensions>
        <provider>whs</provider>
    </extensions>
</trkpt>
<trkpt lat="42.42366416240523" lon="77.2764253192525">
    <time>2026-08-27T14:35:27.296Z</time>
    <extensions>
        <provider>whs</provider>
    </extensions>
</trkpt>
<trkpt lat="42.42368186240523" lon="77.2763936192525">
    <time>2026-08-27T14:35:28.302Z</time>
    <extensions>
        <provider>whs</provider>
    </extensions>
</trkpt>
<trkpt lat="42.42369586240523" lon="77.2763494192525">
    <time>2026-08-27T14:35:29.309Z</time>
    <extensions>
        <provider>whs</provider>
    </extensions>
</trkpt>
<trkpt lat="42.423712462405234" lon="77.2763165192525">
    <time>2026-08-27T14:35:30.317Z</time>
    <extensions>
        <provider>whs</provider>
    </extensions>
</trkpt>
<trkpt lat="42.42373586240523" lon="77.2762787192525">
    <time>2026-08-27T14:35:31.322Z</time>
    <extensions>
        <provider>whs</provider>
    </extensions>
</trkpt>
<trkpt lat="42.42374426240523" lon="77.27624801925249">
    <time>2026-08-27T14:35:32.329Z</time>
    <extensions>
        <provider>whs</provider>
    </extensions>
</trkpt>
<trkpt lat="42.42376396240523" lon="77.27621381925249">
    <time>2026-08-27T14:35:33.336Z</time>
    <extensions>
        <provider>whs</provider>
    </extensions>
</trkpt>
<trkpt lat="42.42378436240523" lon="77.2761730192525">
    <time>2026-08-27T14:35:34.343Z</time>
    <extensions>
        <provider>whs</provider>
    </extensions>
</trkpt>
<trkpt lat="42.423799462405235" lon="77.27613051925249">
    <time>2026-08-27T14:35:35.350Z</time>
    <extensions>
        <provider>whs</provider>
    </extensions>
</trkpt>
<trkpt lat="42.423821262405234" lon="77.27609031925249">
    <time>2026-08-27T14:35:36.356Z</time>
    <extensions>
        <provider>whs</provider>
    </extensions>
</trkpt>
<trkpt lat="42.42384066240523" lon="77.2760476192525">
    <time>2026-08-27T14:35:37.362Z</time>
    <extensions>
        <provider>whs</provider>
    </extensions>
</trkpt>
<trkpt lat="42.42385706240523" lon="77.27600101925249">
    <time>2026-08-27T14:35:38.369Z</time>
    <extensions>
        <provider>whs</provider>
    </extensions>
</trkpt>
<trkpt lat="42.42387396240523" lon="77.2759484192525">
    <time>2026-08-27T14:35:39.375Z</time>
    <extensions>
        <provider>whs</provider>
    </extensions>
</trkpt>
<trkpt lat="42.42388586240523" lon="77.27591961925249">
    <time>2026-08-27T14:35:40.381Z</time>
    <extensions>
        <provider>whs</provider>
    </extensions>
</trkpt>
<trkpt lat="42.42390616240523" lon="77.27587581925249">
    <time>2026-08-27T14:35:41.388Z</time>
    <extensions>
        <provider>whs</provider>
    </extensions>
</trkpt>
<trkpt lat="42.42392686240523" lon="77.2758441192525">
    <time>2026-08-27T14:35:42.394Z</time>
    <extensions>
        <provider>whs</provider>
    </extensions>
</trkpt>
<trkpt lat="42.423947162405234" lon="77.2758104192525">
    <time>2026-08-27T14:35:43.401Z</time>
    <extensions>
        <provider>whs</provider>
    </extensions>
</trkpt>
<trkpt lat="42.42396586240523" lon="77.2757785192525">
    <time>2026-08-27T14:35:44.407Z</time>
    <extensions>
        <provider>whs</provider>
    </extensions>
</trkpt>
<trkpt lat="42.42399146240523" lon="77.2757437192525">
    <time>2026-08-27T14:35:45.414Z</time>
    <extensions>
        <provider>whs</provider>
    </extensions>
</trkpt>
<trkpt lat="42.42401336240523" lon="77.27570971925249">
    <time>2026-08-27T14:35:46.421Z</time>
    <extensions>
        <provider>whs</provider>
    </extensions>
</trkpt>
<trkpt lat="42.42404066240523" lon="77.2756712192525">
    <time>2026-08-27T14:35:47.427Z</time>
    <extensions>
        <provider>whs</provider>
    </extensions>
</trkpt>
<trkpt lat="42.42405886240523" lon="77.2756262192525">
    <time>2026-08-27T14:35:48.434Z</time>
    <extensions>
        <provider>whs</provider>
    </extensions>
</trkpt>
<trkpt lat="42.42408786240523" lon="77.2755933192525">
    <time>2026-08-27T14:35:49.440Z</time>
    <extensions>
        <provider>whs</provider>
    </extensions>
</trkpt>
<trkpt lat="42.42412016240523" lon="77.2755745192525">
    <time>2026-08-27T14:35:50.447Z</time>
    <extensions>
        <provider>whs</provider>
    </extensions>
</trkpt>
<trkpt lat="42.424155662405234" lon="77.2755534192525">
    <time>2026-08-27T14:35:51.454Z</time>
    <extensions>
        <provider>whs</provider>
    </extensions>
</trkpt>
<trkpt lat="42.42419736240523" lon="77.2755248192525">
    <time>2026-08-27T14:35:52.461Z</time>
    <extensions>
        <provider>whs</provider>
    </extensions>
</trkpt>
<trkpt lat="42.42423516240523" lon="77.27551151925249">
    <time>2026-08-27T14:35:53.467Z</time>
    <extensions>
        <provider>whs</provider>
    </extensions>
</trkpt>
<trkpt lat="42.42426356240523" lon="77.2754779192525">
    <time>2026-08-27T14:35:54.473Z</time>
    <extensions>
        <provider>whs</provider>
    </extensions>
</trkpt>
<trkpt lat="42.42429946240523" lon="77.2754571192525">
    <time>2026-08-27T14:35:55.480Z</time>
    <extensions>
        <provider>whs</provider>
    </extensions>
</trkpt>
<trkpt lat="42.424339362405235" lon="77.2754437192525">
    <time>2026-08-27T14:35:56.486Z</time>
    <extensions>
        <provider>whs</provider>
    </extensions>
</trkpt>
<trkpt lat="42.42437126240523" lon="77.27542601925249">
    <time>2026-08-27T14:35:57.493Z</time>
    <extensions>
        <provider>whs</provider>
    </extensions>
</trkpt>
<trkpt lat="42.42440106240523" lon="77.2753996192525">
    <time>2026-08-27T14:35:58.500Z</time>
    <extensions>
        <provider>whs</provider>
    </extensions>
</trkpt>
<trkpt lat="42.42443216240523" lon="77.2753770192525">
    <time>2026-08-27T14:35:59.507Z</time>
    <extensions>
        <provider>whs</provider>
    </extensions>
</trkpt>
<trkpt lat="42.42446426240523" lon="77.2753601192525">
    <time>2026-08-27T14:36:00.514Z</time>
    <extensions>
        <provider>whs</provider>
    </extensions>
</trkpt>
<trkpt lat="42.42448666240523" lon="77.2753445192525">
    <time>2026-08-27T14:36:01.520Z</time>
    <extensions>
        <provider>whs</provider>
    </extensions>
</trkpt>
<trkpt lat="42.424518662405234" lon="77.2753169192525">
    <time>2026-08-27T14:36:02.527Z</time>
    <extensions>
        <provider>whs</provider>
    </extensions>
</trkpt>
<trkpt lat="42.42454706240523" lon="77.2752857192525">
    <time>2026-08-27T14:36:03.534Z</time>
    <extensions>
        <provider>whs</provider>
    </extensions>
</trkpt>
<trkpt lat="42.424583162405234" lon="77.2752566192525">
    <time>2026-08-27T14:36:04.540Z</time>
    <extensions>
        <provider>whs</provider>
    </extensions>
</trkpt>
<trkpt lat="42.42462306240523" lon="77.27522951925249">
    <time>2026-08-27T14:36:05.547Z</time>
    <extensions>
        <provider>whs</provider>
    </extensions>
</trkpt>
<trkpt lat="42.42464906240523" lon="77.2752012192525">
    <time>2026-08-27T14:36:06.553Z</time>
    <extensions>
        <provider>whs</provider>
    </extensions>
</trkpt>
<trkpt lat="42.42467936240523" lon="77.2751781192525">
    <time>2026-08-27T14:36:07.560Z</time>
    <extensions>
        <provider>whs</provider>
    </extensions>
</trkpt>
<trkpt lat="42.42470256240523" lon="77.2751525192525">
    <time>2026-08-27T14:36:08.566Z</time>
    <extensions>
        <provider>whs</provider>
    </extensions>
</trkpt>
<trkpt lat="42.424725462405235" lon="77.2751198192525">
    <time>2026-08-27T14:36:09.573Z</time>
    <extensions>
        <provider>whs</provider>
    </extensions>
</trkpt>
<trkpt lat="42.424752762405234" lon="77.2750884192525">
    <time>2026-08-27T14:36:10.580Z</time>
    <extensions>
        <provider>whs</provider>
    </extensions>
</trkpt>
<trkpt lat="42.42477676240523" lon="77.2750511192525">
    <time>2026-08-27T14:36:11.587Z</time>
    <extensions>
        <provider>whs</provider>
    </extensions>
</trkpt>
<trkpt lat="42.424807462405234" lon="77.2750158192525">
    <time>2026-08-27T14:36:12.593Z</time>
    <extensions>
        <provider>whs</provider>
    </extensions>
</trkpt>
<trkpt lat="42.42484836240523" lon="77.2749878192525">
    <time>2026-08-27T14:36:13.600Z</time>
    <extensions>
        <provider>whs</provider>
    </extensions>
</trkpt>
<trkpt lat="42.42487226240523" lon="77.27496261925249">
    <time>2026-08-27T14:36:14.606Z</time>
    <extensions>
        <provider>whs</provider>
    </extensions>
</trkpt>
<trkpt lat="42.42489056240523" lon="77.2749234192525">
    <time>2026-08-27T14:36:15.613Z</time>
    <extensions>
        <provider>whs</provider>
    </extensions>
</trkpt>
<trkpt lat="42.424922462405235" lon="77.2748976192525">
    <time>2026-08-27T14:36:16.619Z</time>
    <extensions>
        <provider>whs</provider>
    </extensions>
</trkpt>
<trkpt lat="42.42494446240523" lon="77.27486091925249">
    <time>2026-08-27T14:36:17.626Z</time>
    <extensions>
        <provider>whs</provider>
    </extensions>
</trkpt>
<trkpt lat="42.42495456240523" lon="77.2748260192525">
    <time>2026-08-27T14:36:18.632Z</time>
    <extensions>
        <provider>whs</provider>
    </extensions>
</trkpt>
<trkpt lat="42.42497616240523" lon="77.2747798192525">
    <time>2026-08-27T14:36:19.639Z</time>
    <extensions>
        <provider>whs</provider>
    </extensions>
</trkpt>
<trkpt lat="42.42499426240523" lon="77.2747430192525">
    <time>2026-08-27T14:36:20.645Z</time>
    <extensions>
        <provider>whs</provider>
    </extensions>
</trkpt>
<trkpt lat="42.425020362405235" lon="77.27469861925249">
    <time>2026-08-27T14:36:21.653Z</time>
    <extensions>
        <provider>whs</provider>
    </extensions>
</trkpt>
<trkpt lat="42.425053762405234" lon="77.2746541192525">
    <time>2026-08-27T14:36:22.658Z</time>
    <extensions>
        <provider>whs</provider>
    </extensions>
</trkpt>
<trkpt lat="42.42508006240523" lon="77.2746091192525">
    <time>2026-08-27T14:36:23.665Z</time>
    <extensions>
        <provider>whs</provider>
    </extensions>
</trkpt>
<trkpt lat="42.425108462405234" lon="77.2745671192525">
    <time>2026-08-27T14:36:24.671Z</time>
    <extensions>
        <provider>whs</provider>
    </extensions>
</trkpt>
<trkpt lat="42.42514836240523" lon="77.2745496192525">
    <time>2026-08-27T14:36:25.678Z</time>
    <extensions>
        <provider>whs</provider>
    </extensions>
</trkpt>
<trkpt lat="42.42518896240523" lon="77.2745379192525">
    <time>2026-08-27T14:36:26.685Z</time>
    <extensions>
        <provider>whs</provider>
    </extensions>
</trkpt>
<trkpt lat="42.425225262405235" lon="77.27454181925249">
    <time>2026-08-27T14:36:27.691Z</time>
    <extensions>
        <provider>whs</provider>
    </extensions>
</trkpt>
<trkpt lat="42.42525846240523" lon="77.2745223192525">
    <time>2026-08-27T14:36:28.698Z</time>
    <extensions>
        <provider>whs</provider>
    </extensions>
</trkpt>
<trkpt lat="42.42529846240523" lon="77.27451331925249">
    <time>2026-08-27T14:36:29.704Z</time>
    <extensions>
        <provider>whs</provider>
    </extensions>
</trkpt>
<trkpt lat="42.42532696240523" lon="77.2744921192525">
    <time>2026-08-27T14:36:30.711Z</time>
    <extensions>
        <provider>whs</provider>
    </extensions>
</trkpt>
<trkpt lat="42.42536056240523" lon="77.2744795192525">
    <time>2026-08-27T14:36:31.717Z</time>
    <extensions>
        <provider>whs</provider>
    </extensions>
</trkpt>
<trkpt lat="42.425397262405234" lon="77.27446021925249">
    <time>2026-08-27T14:36:32.723Z</time>
    <extensions>
        <provider>whs</provider>
    </extensions>
</trkpt>
<trkpt lat="42.42543426240523" lon="77.2744258192525">
    <time>2026-08-27T14:36:33.730Z</time>
    <extensions>
        <provider>whs</provider>
    </extensions>
</trkpt>
<trkpt lat="42.42546546240523" lon="77.2743988192525">
    <time>2026-08-27T14:36:34.736Z</time>
    <extensions>
        <provider>whs</provider>
    </extensions>
</trkpt>
<trkpt lat="42.42550696240523" lon="77.2743683192525">
    <time>2026-08-27T14:36:35.742Z</time>
    <extensions>
        <provider>whs</provider>
    </extensions>
</trkpt>
<trkpt lat="42.42553356240523" lon="77.2743604192525">
    <time>2026-08-27T14:36:36.748Z</time>
    <extensions>
        <provider>whs</provider>
    </extensions>
</trkpt>
<trkpt lat="42.42556486240523" lon="77.2743521192525">
    <time>2026-08-27T14:36:37.754Z</time>
    <extensions>
        <provider>whs</provider>
    </extensions>
</trkpt>
<trkpt lat="42.42560046240523" lon="77.2743422192525">
    <time>2026-08-27T14:36:38.761Z</time>
    <extensions>
        <provider>whs</provider>
    </extensions>
</trkpt>
<trkpt lat="42.425625362405235" lon="77.2743305192525">
    <time>2026-08-27T14:36:39.766Z</time>
    <extensions>
        <provider>whs</provider>
    </extensions>
</trkpt>
<trkpt lat="42.42565896240523" lon="77.2743082192525">
    <time>2026-08-27T14:36:40.773Z</time>
    <extensions>
        <provider>whs</provider>
    </extensions>
</trkpt>
<trkpt lat="42.42569956240523" lon="77.2742908192525">
    <time>2026-08-27T14:36:41.779Z</time>
    <extensions>
        <provider>whs</provider>
    </extensions>
</trkpt>
<trkpt lat="42.42573056240523" lon="77.2742774192525">
    <time>2026-08-27T14:36:42.785Z</time>
    <extensions>
        <provider>whs</provider>
    </extensions>
</trkpt>
<trkpt lat="42.425762062405234" lon="77.27425981925249">
    <time>2026-08-27T14:36:43.792Z</time>
    <extensions>
        <provider>whs</provider>
    </extensions>
</trkpt>
<trkpt lat="42.42579456240523" lon="77.2742472192525">
    <time>2026-08-27T14:36:44.800Z</time>
    <extensions>
        <provider>whs</provider>
    </extensions>
</trkpt>
<trkpt lat="42.42583646240523" lon="77.2742338192525">
    <time>2026-08-27T14:36:45.805Z</time>
    <extensions>
        <provider>whs</provider>
    </extensions>
</trkpt>
<trkpt lat="42.42587546240523" lon="77.2742257192525">
    <time>2026-08-27T14:36:46.811Z</time>
    <extensions>
        <provider>whs</provider>
    </extensions>
</trkpt>
<trkpt lat="42.42589996240523" lon="77.2742040192525">
    <time>2026-08-27T14:36:47.818Z</time>
    <extensions>
        <provider>whs</provider>
    </extensions>
</trkpt>
<trkpt lat="42.42593866240523" lon="77.27418681925249">
    <time>2026-08-27T14:36:48.824Z</time>
    <extensions>
        <provider>whs</provider>
    </extensions>
</trkpt>
<trkpt lat="42.42597516240523" lon="77.2741773192525">
    <time>2026-08-27T14:36:49.830Z</time>
    <extensions>
        <provider>whs</provider>
    </extensions>
</trkpt>
<trkpt lat="42.42600696240523" lon="77.2741823192525">
    <time>2026-08-27T14:36:50.837Z</time>
    <extensions>
        <provider>whs</provider>
    </extensions>
</trkpt>
<trkpt lat="42.42603646240523" lon="77.2741896192525">
    <time>2026-08-27T14:36:51.843Z</time>
    <extensions>
        <provider>whs</provider>
    </extensions>
</trkpt>
<trkpt lat="42.42606766240523" lon="77.2741930192525">
    <time>2026-08-27T14:36:52.849Z</time>
    <extensions>
        <provider>whs</provider>
    </extensions>
</trkpt>
<trkpt lat="42.426095962405235" lon="77.2742047192525">
    <time>2026-08-27T14:36:53.856Z</time>
    <extensions>
        <provider>whs</provider>
    </extensions>
</trkpt>
<trkpt lat="42.42613336240523" lon="77.2742200192525">
    <time>2026-08-27T14:36:54.863Z</time>
    <extensions>
        <provider>whs</provider>
    </extensions>
</trkpt>
<trkpt lat="42.42617476240523" lon="77.2742382192525">
    <time>2026-08-27T14:36:55.869Z</time>
    <extensions>
        <provider>whs</provider>
    </extensions>
</trkpt>
<trkpt lat="42.42621866240523" lon="77.2742614192525">
    <time>2026-08-27T14:36:56.876Z</time>
    <extensions>
        <provider>whs</provider>
    </extensions>
</trkpt>
<trkpt lat="42.42625696240523" lon="77.2742929192525">
    <time>2026-08-27T14:36:57.882Z</time>
    <extensions>
        <provider>whs</provider>
    </extensions>
</trkpt>
<trkpt lat="42.426294162405235" lon="77.2742963192525">
    <time>2026-08-27T14:36:58.890Z</time>
    <extensions>
        <provider>whs</provider>
    </extensions>
</trkpt>
<trkpt lat="42.426332462405234" lon="77.27432111925249">
    <time>2026-08-27T14:36:59.894Z</time>
    <extensions>
        <provider>whs</provider>
    </extensions>
</trkpt>
<trkpt lat="42.42636186240523" lon="77.2743348192525">
    <time>2026-08-27T14:37:00.901Z</time>
    <extensions>
        <provider>whs</provider>
    </extensions>
</trkpt>
<trkpt lat="42.42639856240523" lon="77.27434961925249">
    <time>2026-08-27T14:37:01.907Z</time>
    <extensions>
        <provider>whs</provider>
    </extensions>
</trkpt>
<trkpt lat="42.42643006240523" lon="77.2743696192525">
    <time>2026-08-27T14:37:02.914Z</time>
    <extensions>
        <provider>whs</provider>
    </extensions>
</trkpt>
<trkpt lat="42.42647056240523" lon="77.27440751925249">
    <time>2026-08-27T14:37:03.920Z</time>
    <extensions>
        <provider>whs</provider>
    </extensions>
</trkpt>
<trkpt lat="42.42650666240523" lon="77.2744243192525">
    <time>2026-08-27T14:37:04.927Z</time>
    <extensions>
        <provider>whs</provider>
    </extensions>
</trkpt>
<trkpt lat="42.426534262405234" lon="77.2744610192525">
    <time>2026-08-27T14:37:05.933Z</time>
    <extensions>
        <provider>whs</provider>
    </extensions>
</trkpt>
<trkpt lat="42.426565262405234" lon="77.2744682192525">
    <time>2026-08-27T14:37:06.940Z</time>
    <extensions>
        <provider>whs</provider>
    </extensions>
</trkpt>
<trkpt lat="42.42658086240523" lon="77.2744916192525">
    <time>2026-08-27T14:37:07.946Z</time>
    <extensions>
        <provider>whs</provider>
    </extensions>
</trkpt>
<trkpt lat="42.42660646240523" lon="77.2745116192525">
    <time>2026-08-27T14:37:08.952Z</time>
    <extensions>
        <provider>whs</provider>
    </extensions>
</trkpt>
<trkpt lat="42.426672962405235" lon="77.2745713192525">
    <time>2026-08-27T14:37:09.960Z</time>
    <extensions>
        <provider>whs</provider>
    </extensions>
</trkpt>
<trkpt lat="42.42669986240523" lon="77.2746113192525">
    <time>2026-08-27T14:37:10.965Z</time>
    <extensions>
        <provider>whs</provider>
    </extensions>
</trkpt>
<trkpt lat="42.42673266240523" lon="77.2746444192525">
    <time>2026-08-27T14:37:11.972Z</time>
    <extensions>
        <provider>whs</provider>
    </extensions>
</trkpt>
<trkpt lat="42.42675776240523" lon="77.2746716192525">
    <time>2026-08-27T14:37:12.979Z</time>
    <extensions>
        <provider>whs</provider>
    </extensions>
</trkpt>
<trkpt lat="42.42678136240523" lon="77.2746965192525">
    <time>2026-08-27T14:37:13.985Z</time>
    <extensions>
        <provider>whs</provider>
    </extensions>
</trkpt>
<trkpt lat="42.42680146240523" lon="77.27471821925249">
    <time>2026-08-27T14:37:14.992Z</time>
    <extensions>
        <provider>whs</provider>
    </extensions>
</trkpt>
<trkpt lat="42.42682996240523" lon="77.27475271925249">
    <time>2026-08-27T14:37:15.998Z</time>
    <extensions>
        <provider>whs</provider>
    </extensions>
</trkpt>
<trkpt lat="42.42687016240523" lon="77.27479411925249">
    <time>2026-08-27T14:37:17.005Z</time>
    <extensions>
        <provider>whs</provider>
    </extensions>
</trkpt>
<trkpt lat="42.42689826240523" lon="77.27482261925249">
    <time>2026-08-27T14:37:18.011Z</time>
    <extensions>
        <provider>whs</provider>
    </extensions>
</trkpt>
<trkpt lat="42.42692136240523" lon="77.2748535192525">
    <time>2026-08-27T14:37:19.017Z</time>
    <extensions>
        <provider>whs</provider>
    </extensions>
</trkpt>
<trkpt lat="42.42695036240523" lon="77.2748826192525">
    <time>2026-08-27T14:37:20.023Z</time>
    <extensions>
        <provider>whs</provider>
    </extensions>
</trkpt>
<trkpt lat="42.42697376240523" lon="77.2748969192525">
    <time>2026-08-27T14:37:21.030Z</time>
    <extensions>
        <provider>whs</provider>
    </extensions>
</trkpt>
<trkpt lat="42.42698776240523" lon="77.2749234192525">
    <time>2026-08-27T14:37:24.049Z</time>
    <extensions>
        <provider>whs</provider>
    </extensions>
</trkpt>
<trkpt lat="42.42696796240523" lon="77.2749455192525">
    <time>2026-08-27T14:37:26.062Z</time>
    <extensions>
        <provider>whs</provider>
    </extensions>
</trkpt>
<trkpt lat="42.42704306240523" lon="77.2747997192525">
    <time>2026-08-27T14:37:41.166Z</time>
    <extensions>
        <provider>whs</provider>
    </extensions>
</trkpt>
<trkpt lat="42.426984862405234" lon="77.2747588192525">
    <time>2026-08-27T14:37:42.177Z</time>
    <extensions>
        <provider>whs</provider>
    </extensions>
</trkpt>
<trkpt lat="42.42695796240523" lon="77.2747848192525">
    <time>2026-08-27T14:37:43.188Z</time>
    <extensions>
        <provider>whs</provider>
    </extensions>
</trkpt>
<trkpt lat="42.42691586240523" lon="77.27486401925249">
    <time>2026-08-27T14:37:44.197Z</time>
    <extensions>
        <provider>whs</provider>
    </extensions>
</trkpt>
<trkpt lat="42.42688586240523" lon="77.27487451925249">
    <time>2026-08-27T14:37:45.207Z</time>
    <extensions>
        <provider>whs</provider>
    </extensions>
</trkpt>
<trkpt lat="42.42685736240523" lon="77.27487501925249">
    <time>2026-08-27T14:37:46.218Z</time>
    <extensions>
        <provider>whs</provider>
    </extensions>
</trkpt>
<trkpt lat="42.426832862405234" lon="77.2748885192525">
    <time>2026-08-27T14:37:48.240Z</time>
    <extensions>
        <provider>whs</provider>
    </extensions>
</trkpt>
<trkpt lat="42.42680136240523" lon="77.27489461925249">
    <time>2026-08-27T14:37:50.256Z</time>
    <extensions>
        <provider>whs</provider>
    </extensions>
</trkpt>
<trkpt lat="42.42679106240523" lon="77.2749247192525">
    <time>2026-08-27T14:37:51.263Z</time>
    <extensions>
        <provider>whs</provider>
    </extensions>
</trkpt>
<trkpt lat="42.42681846240523" lon="77.27492911925249">
    <time>2026-08-27T14:38:09.382Z</time>
    <extensions>
        <provider>whs</provider>
    </extensions>
</trkpt>
<trkpt lat="42.42687406240523" lon="77.27491141925249">
    <time>2026-08-27T14:38:13.409Z</time>
    <extensions>
        <provider>whs</provider>
    </extensions>
</trkpt>
<trkpt lat="42.427043262405235" lon="77.2750182192525">
    <time>2026-08-27T14:38:19.475Z</time>
    <extensions>
        <provider>whs</provider>
    </extensions>
</trkpt>
<trkpt lat="42.42694556240523" lon="77.2749869192525">
    <time>2026-08-27T14:38:20.486Z</time>
    <extensions>
        <provider>whs</provider>
    </extensions>
</trkpt>
<trkpt lat="42.42690666240523" lon="77.2749718192525">
    <time>2026-08-27T14:38:21.496Z</time>
    <extensions>
        <provider>whs</provider>
    </extensions>
</trkpt>
<trkpt lat="42.42689046240523" lon="77.2749886192525">
    <time>2026-08-27T14:38:23.520Z</time>
    <extensions>
        <provider>whs</provider>
    </extensions>
</trkpt>
<trkpt lat="42.42686646240523" lon="77.2749945192525">
    <time>2026-08-27T14:38:24.532Z</time>
    <extensions>
        <provider>whs</provider>
    </extensions>
</trkpt>
<trkpt lat="42.42685786240523" lon="77.2749653192525">
    <time>2026-08-27T14:38:27.565Z</time>
    <extensions>
        <provider>whs</provider>
    </extensions>
</trkpt>
<trkpt lat="42.42686796240523" lon="77.2749979192525">
    <time>2026-08-27T14:38:30.596Z</time>
    <extensions>
        <provider>whs</provider>
    </extensions>
</trkpt>
<trkpt lat="42.42686776240523" lon="77.27502271925249">
    <time>2026-08-27T14:38:31.606Z</time>
    <extensions>
        <provider>whs</provider>
    </extensions>
</trkpt>
<trkpt lat="42.42682156240523" lon="77.2750205192525">
    <time>2026-08-27T14:38:33.632Z</time>
    <extensions>
        <provider>whs</provider>
    </extensions>
</trkpt>
<trkpt lat="42.42684606240523" lon="77.27500141925249">
    <time>2026-08-27T14:38:36.665Z</time>
    <extensions>
        <provider>whs</provider>
    </extensions>
</trkpt>
<trkpt lat="42.42682416240523" lon="77.2749806192525">
    <time>2026-08-27T14:38:40.707Z</time>
    <extensions>
        <provider>whs</provider>
    </extensions>
</trkpt>
<trkpt lat="42.42680936240523" lon="77.2750085192525">
    <time>2026-08-27T14:38:44.754Z</time>
    <extensions>
        <provider>whs</provider>
    </extensions>
</trkpt>
<trkpt lat="42.42679196240523" lon="77.2750316192525">
    <time>2026-08-27T14:38:48.796Z</time>
    <extensions>
        <provider>whs</provider>
    </extensions>
</trkpt>
<trkpt lat="42.426822562405235" lon="77.2750467192525">
    <time>2026-08-27T14:38:55.870Z</time>
    <extensions>
        <provider>whs</provider>
    </extensions>
</trkpt>
<trkpt lat="42.42682096240523" lon="77.2750204192525">
    <time>2026-08-27T14:38:58.888Z</time>
    <extensions>
        <provider>whs</provider>
    </extensions>
</trkpt>
<trkpt lat="42.42681916240523" lon="77.2749909192525">
    <time>2026-08-27T14:39:02.914Z</time>
    <extensions>
        <provider>whs</provider>
    </extensions>
</trkpt>
<trkpt lat="42.426805462405234" lon="77.2750139192525">
    <time>2026-08-27T14:39:05.933Z</time>
    <extensions>
        <provider>whs</provider>
    </extensions>
</trkpt>
<trkpt lat="42.42681426240523" lon="77.2750438192525">
    <time>2026-08-27T14:39:13.983Z</time>
    <extensions>
        <provider>whs</provider>
    </extensions>
</trkpt>
<trkpt lat="42.42683696240523" lon="77.2750489192525">
    <time>2026-08-27T14:39:25.052Z</time>
    <extensions>
        <provider>whs</provider>
    </extensions>
</trkpt>
<trkpt lat="42.426815162405234" lon="77.27502751925249">
    <time>2026-08-27T14:39:29.079Z</time>
    <extensions>
        <provider>whs</provider>
    </extensions>
</trkpt>
<trkpt lat="42.42680356240523" lon="77.2750075192525">
    <time>2026-08-27T14:39:31.091Z</time>
    <extensions>
        <provider>whs</provider>
    </extensions>
</trkpt>
<trkpt lat="42.42678306240523" lon="77.2750128192525">
    <time>2026-08-27T14:39:33.104Z</time>
    <extensions>
        <provider>whs</provider>
    </extensions>
</trkpt>
<trkpt lat="42.42680616240523" lon="77.2750194192525">
    <time>2026-08-27T14:39:36.124Z</time>
    <extensions>
        <provider>whs</provider>
    </extensions>
</trkpt>
<trkpt lat="42.42680176240523" lon="77.27504591925249">
    <time>2026-08-27T14:39:40.150Z</time>
    <extensions>
        <provider>whs</provider>
    </extensions>
</trkpt>
<trkpt lat="42.42677306240523" lon="77.27504661925249">
    <time>2026-08-27T14:39:47.197Z</time>
    <extensions>
        <provider>whs</provider>
    </extensions>
</trkpt>
<trkpt lat="42.42677616240523" lon="77.2750764192525">
    <time>2026-08-27T14:39:53.235Z</time>
    <extensions>
        <provider>whs</provider>
    </extensions>
</trkpt>
<trkpt lat="42.42675156240523" lon="77.2750906192525">
    <time>2026-08-27T14:40:00.278Z</time>
    <extensions>
        <provider>whs</provider>
    </extensions>
</trkpt>
<trkpt lat="42.42673646240523" lon="77.2751107192525">
    <time>2026-08-27T14:40:14.364Z</time>
    <extensions>
        <provider>whs</provider>
    </extensions>
</trkpt>
<trkpt lat="42.42671836240523" lon="77.27511321925249">
    <time>2026-08-27T14:40:16.377Z</time>
    <extensions>
        <provider>whs</provider>
    </extensions>
</trkpt>
<trkpt lat="42.42669986240523" lon="77.27509021925249">
    <time>2026-08-27T14:40:23.422Z</time>
    <extensions>
        <provider>whs</provider>
    </extensions>
</trkpt>
<trkpt lat="42.42664036240523" lon="77.2750420192525">
    <time>2026-08-27T14:40:28.455Z</time>
    <extensions>
        <provider>whs</provider>
    </extensions>
</trkpt>
<trkpt lat="42.42661556240523" lon="77.27502391925249">
    <time>2026-08-27T14:40:30.467Z</time>
    <extensions>
        <provider>whs</provider>
    </extensions>
</trkpt>
<trkpt lat="42.42659356240523" lon="77.2750077192525">
    <time>2026-08-27T14:40:31.473Z</time>
    <extensions>
        <provider>whs</provider>
    </extensions>
</trkpt>
<trkpt lat="42.42658086240523" lon="77.2749878192525">
    <time>2026-08-27T14:40:33.487Z</time>
    <extensions>
        <provider>whs</provider>
    </extensions>
</trkpt>
<trkpt lat="42.42655396240523" lon="77.2749435192525">
    <time>2026-08-27T14:40:37.512Z</time>
    <extensions>
        <provider>whs</provider>
    </extensions>
</trkpt>
<trkpt lat="42.42653346240523" lon="77.2749266192525">
    <time>2026-08-27T14:40:39.524Z</time>
    <extensions>
        <provider>whs</provider>
    </extensions>
</trkpt>
<trkpt lat="42.42651066240523" lon="77.2749144192525">
    <time>2026-08-27T14:40:40.530Z</time>
    <extensions>
        <provider>whs</provider>
    </extensions>
</trkpt>
<trkpt lat="42.42648366240523" lon="77.2749034192525">
    <time>2026-08-27T14:40:43.549Z</time>
    <extensions>
        <provider>whs</provider>
    </extensions>
</trkpt>
<trkpt lat="42.42646046240523" lon="77.27486111925249">
    <time>2026-08-27T14:40:49.586Z</time>
    <extensions>
        <provider>whs</provider>
    </extensions>
</trkpt>
<trkpt lat="42.42644156240523" lon="77.2748400192525">
    <time>2026-08-27T14:40:51.599Z</time>
    <extensions>
        <provider>whs</provider>
    </extensions>
</trkpt>
<trkpt lat="42.42642516240523" lon="77.2748195192525">
    <time>2026-08-27T14:40:53.612Z</time>
    <extensions>
        <provider>whs</provider>
    </extensions>
</trkpt>
<trkpt lat="42.42641246240523" lon="77.2747969192525">
    <time>2026-08-27T14:40:54.619Z</time>
    <extensions>
        <provider>whs</provider>
    </extensions>
</trkpt>
<trkpt lat="42.42639246240523" lon="77.2747773192525">
    <time>2026-08-27T14:40:57.637Z</time>
    <extensions>
        <provider>whs</provider>
    </extensions>
</trkpt>
<trkpt lat="42.426373162405234" lon="77.2747581192525">
    <time>2026-08-27T14:41:00.656Z</time>
    <extensions>
        <provider>whs</provider>
    </extensions>
</trkpt>
<trkpt lat="42.42634656240523" lon="77.2747413192525">
    <time>2026-08-27T14:41:03.675Z</time>
    <extensions>
        <provider>whs</provider>
    </extensions>
</trkpt>
<trkpt lat="42.42631626240523" lon="77.2747164192525">
    <time>2026-08-27T14:41:05.688Z</time>
    <extensions>
        <provider>whs</provider>
    </extensions>
</trkpt>
<trkpt lat="42.42629736240523" lon="77.2747112192525">
    <time>2026-08-27T14:41:07.701Z</time>
    <extensions>
        <provider>whs</provider>
    </extensions>
</trkpt>
<trkpt lat="42.42626936240523" lon="77.2747028192525">
    <time>2026-08-27T14:41:10.722Z</time>
    <extensions>
        <provider>whs</provider>
    </extensions>
</trkpt>
<trkpt lat="42.42624056240523" lon="77.2746951192525">
    <time>2026-08-27T14:41:12.735Z</time>
    <extensions>
        <provider>whs</provider>
    </extensions>
</trkpt>
<trkpt lat="42.42621856240523" lon="77.2746853192525">
    <time>2026-08-27T14:41:13.742Z</time>
    <extensions>
        <provider>whs</provider>
    </extensions>
</trkpt>
<trkpt lat="42.42618556240523" lon="77.2746631192525">
    <time>2026-08-27T14:41:16.763Z</time>
    <extensions>
        <provider>whs</provider>
    </extensions>
</trkpt>
<trkpt lat="42.426162162405234" lon="77.2746431192525">
    <time>2026-08-27T14:41:18.777Z</time>
    <extensions>
        <provider>whs</provider>
    </extensions>
</trkpt>
<trkpt lat="42.42614296240523" lon="77.2746175192525">
    <time>2026-08-27T14:41:20.791Z</time>
    <extensions>
        <provider>whs</provider>
    </extensions>
</trkpt>
<trkpt lat="42.426125062405234" lon="77.27460141925249">
    <time>2026-08-27T14:41:21.797Z</time>
    <extensions>
        <provider>whs</provider>
    </extensions>
</trkpt>
<trkpt lat="42.42610096240523" lon="77.2745833192525">
    <time>2026-08-27T14:41:22.804Z</time>
    <extensions>
        <provider>whs</provider>
    </extensions>
</trkpt>
<trkpt lat="42.42608566240523" lon="77.2745599192525">
    <time>2026-08-27T14:41:24.818Z</time>
    <extensions>
        <provider>whs</provider>
    </extensions>
</trkpt>
<trkpt lat="42.42606766240523" lon="77.2745465192525">
    <time>2026-08-27T14:41:28.845Z</time>
    <extensions>
        <provider>whs</provider>
    </extensions>
</trkpt>
<trkpt lat="42.42604616240523" lon="77.2745507192525">
    <time>2026-08-27T14:41:30.859Z</time>
    <extensions>
        <provider>whs</provider>
    </extensions>
</trkpt>
<trkpt lat="42.42602276240523" lon="77.2745548192525">
    <time>2026-08-27T14:41:32.872Z</time>
    <extensions>
        <provider>whs</provider>
    </extensions>
</trkpt>
<trkpt lat="42.42600396240523" lon="77.27453441925249">
    <time>2026-08-27T14:41:33.879Z</time>
    <extensions>
        <provider>whs</provider>
    </extensions>
</trkpt>
<trkpt lat="42.42598296240523" lon="77.2745218192525">
    <time>2026-08-27T14:41:34.886Z</time>
    <extensions>
        <provider>whs</provider>
    </extensions>
</trkpt>
<trkpt lat="42.42593066240523" lon="77.2745409192525">
    <time>2026-08-27T14:41:41.933Z</time>
    <extensions>
        <provider>whs</provider>
    </extensions>
</trkpt>
<trkpt lat="42.42590146240523" lon="77.2745417192525">
    <time>2026-08-27T14:41:44.953Z</time>
    <extensions>
        <provider>whs</provider>
    </extensions>
</trkpt>
<trkpt lat="42.42588486240523" lon="77.2745290192525">
    <time>2026-08-27T14:41:45.960Z</time>
    <extensions>
        <provider>whs</provider>
    </extensions>
</trkpt>
<trkpt lat="42.42586676240523" lon="77.27453081925249">
    <time>2026-08-27T14:41:47.973Z</time>
    <extensions>
        <provider>whs</provider>
    </extensions>
</trkpt>
<trkpt lat="42.42585596240523" lon="77.2745514192525">
    <time>2026-08-27T14:41:55.022Z</time>
    <extensions>
        <provider>whs</provider>
    </extensions>
</trkpt>
<trkpt lat="42.42582846240523" lon="77.2745625192525">
    <time>2026-08-27T14:41:56.029Z</time>
    <extensions>
        <provider>whs</provider>
    </extensions>
</trkpt>
<trkpt lat="42.42580886240523" lon="77.27457101925249">
    <time>2026-08-27T14:41:58.042Z</time>
    <extensions>
        <provider>whs</provider>
    </extensions>
</trkpt>
<trkpt lat="42.42579026240523" lon="77.2745945192525">
    <time>2026-08-27T14:42:05.087Z</time>
    <extensions>
        <provider>whs</provider>
    </extensions>
</trkpt>
<trkpt lat="42.42577436240523" lon="77.27460741925249">
    <time>2026-08-27T14:42:07.091Z</time>
    <extensions>
        <provider>whs</provider>
    </extensions>
</trkpt>
<trkpt lat="42.42575196240523" lon="77.2746261192525">
    <time>2026-08-27T14:42:09.104Z</time>
    <extensions>
        <provider>whs</provider>
    </extensions>
</trkpt>
<trkpt lat="42.42573946240523" lon="77.2746444192525">
    <time>2026-08-27T14:42:10.110Z</time>
    <extensions>
        <provider>whs</provider>
    </extensions>
</trkpt>
<trkpt lat="42.425724362405234" lon="77.2746589192525">
    <time>2026-08-27T14:42:12.123Z</time>
    <extensions>
        <provider>whs</provider>
    </extensions>
</trkpt>
<trkpt lat="42.425711062405234" lon="77.27467751925249">
    <time>2026-08-27T14:42:14.137Z</time>
    <extensions>
        <provider>whs</provider>
    </extensions>
</trkpt>
<trkpt lat="42.42569736240523" lon="77.2746959192525">
    <time>2026-08-27T14:42:15.144Z</time>
    <extensions>
        <provider>whs</provider>
    </extensions>
</trkpt>
<trkpt lat="42.42568346240523" lon="77.2747193192525">
    <time>2026-08-27T14:42:16.150Z</time>
    <extensions>
        <provider>whs</provider>
    </extensions>
</trkpt>
<trkpt lat="42.42566536240523" lon="77.2747320192525">
    <time>2026-08-27T14:42:17.157Z</time>
    <extensions>
        <provider>whs</provider>
    </extensions>
</trkpt>
<trkpt lat="42.42563946240523" lon="77.2747327192525">
    <time>2026-08-27T14:42:18.164Z</time>
    <extensions>
        <provider>whs</provider>
    </extensions>
</trkpt>
<trkpt lat="42.42561606240523" lon="77.2747377192525">
    <time>2026-08-27T14:42:19.170Z</time>
    <extensions>
        <provider>whs</provider>
    </extensions>
</trkpt>
<trkpt lat="42.42560446240523" lon="77.2747624192525">
    <time>2026-08-27T14:42:21.183Z</time>
    <extensions>
        <provider>whs</provider>
    </extensions>
</trkpt>
<trkpt lat="42.42558666240523" lon="77.2747775192525">
    <time>2026-08-27T14:42:24.205Z</time>
    <extensions>
        <provider>whs</provider>
    </extensions>
</trkpt>
<trkpt lat="42.42557266240523" lon="77.2748144192525">
    <time>2026-08-27T14:42:26.218Z</time>
    <extensions>
        <provider>whs</provider>
    </extensions>
</trkpt>
<trkpt lat="42.42555516240523" lon="77.27483501925249">
    <time>2026-08-27T14:42:28.233Z</time>
    <extensions>
        <provider>whs</provider>
    </extensions>
</trkpt>
<trkpt lat="42.42553096240523" lon="77.2748538192525">
    <time>2026-08-27T14:42:31.254Z</time>
    <extensions>
        <provider>whs</provider>
    </extensions>
</trkpt>
<trkpt lat="42.42550526240523" lon="77.2748503192525">
    <time>2026-08-27T14:42:33.268Z</time>
    <extensions>
        <provider>whs</provider>
    </extensions>
</trkpt>
<trkpt lat="42.42549086240523" lon="77.2748758192525">
    <time>2026-08-27T14:42:35.282Z</time>
    <extensions>
        <provider>whs</provider>
    </extensions>
</trkpt>
<trkpt lat="42.42547246240523" lon="77.2748957192525">
    <time>2026-08-27T14:42:37.286Z</time>
    <extensions>
        <provider>whs</provider>
    </extensions>
</trkpt>
<trkpt lat="42.42543776240523" lon="77.2748937192525">
    <time>2026-08-27T14:42:39.300Z</time>
    <extensions>
        <provider>whs</provider>
    </extensions>
</trkpt>
<trkpt lat="42.425413662405234" lon="77.2748969192525">
    <time>2026-08-27T14:42:41.314Z</time>
    <extensions>
        <provider>whs</provider>
    </extensions>
</trkpt>
<trkpt lat="42.42539716240523" lon="77.2749301192525">
    <time>2026-08-27T14:42:43.328Z</time>
    <extensions>
        <provider>whs</provider>
    </extensions>
</trkpt>
<trkpt lat="42.425379062405234" lon="77.27495661925249">
    <time>2026-08-27T14:42:45.342Z</time>
    <extensions>
        <provider>whs</provider>
    </extensions>
</trkpt>
<trkpt lat="42.42536636240523" lon="77.2749785192525">
    <time>2026-08-27T14:42:47.355Z</time>
    <extensions>
        <provider>whs</provider>
    </extensions>
</trkpt>
<trkpt lat="42.42534046240523" lon="77.2750130192525">
    <time>2026-08-27T14:42:49.368Z</time>
    <extensions>
        <provider>whs</provider>
    </extensions>
</trkpt>
<trkpt lat="42.42531926240523" lon="77.2750240192525">
    <time>2026-08-27T14:42:50.375Z</time>
    <extensions>
        <provider>whs</provider>
    </extensions>
</trkpt>
<trkpt lat="42.42529806240523" lon="77.2750395192525">
    <time>2026-08-27T14:42:51.381Z</time>
    <extensions>
        <provider>whs</provider>
    </extensions>
</trkpt>
<trkpt lat="42.42528086240523" lon="77.27506651925249">
    <time>2026-08-27T14:42:54.402Z</time>
    <extensions>
        <provider>whs</provider>
    </extensions>
</trkpt>
<trkpt lat="42.42525816240523" lon="77.2750915192525">
    <time>2026-08-27T14:42:58.430Z</time>
    <extensions>
        <provider>whs</provider>
    </extensions>
</trkpt>
<trkpt lat="42.42524596240523" lon="77.2751288192525">
    <time>2026-08-27T14:43:05.479Z</time>
    <extensions>
        <provider>whs</provider>
    </extensions>
</trkpt>
<trkpt lat="42.42522456240523" lon="77.2751385192525">
    <time>2026-08-27T14:43:07.492Z</time>
    <extensions>
        <provider>whs</provider>
    </extensions>
</trkpt>
<trkpt lat="42.42520646240523" lon="77.2751439192525">
    <time>2026-08-27T14:43:10.513Z</time>
    <extensions>
        <provider>whs</provider>
    </extensions>
</trkpt>
<trkpt lat="42.425186262405234" lon="77.2751344192525">
    <time>2026-08-27T14:43:17.561Z</time>
    <extensions>
        <provider>whs</provider>
    </extensions>
</trkpt>
<trkpt lat="42.42516426240523" lon="77.2751073192525">
    <time>2026-08-27T14:43:23.602Z</time>
    <extensions>
        <provider>whs</provider>
    </extensions>
</trkpt>
<trkpt lat="42.42515866240523" lon="77.2750831192525">
    <time>2026-08-27T14:43:33.670Z</time>
    <extensions>
        <provider>whs</provider>
    </extensions>
</trkpt>
<trkpt lat="42.425140162405235" lon="77.2750626192525">
    <time>2026-08-27T14:43:36.691Z</time>
    <extensions>
        <provider>whs</provider>
    </extensions>
</trkpt>
<trkpt lat="42.42513196240523" lon="77.27508781925249">
    <time>2026-08-27T14:43:40.717Z</time>
    <extensions>
        <provider>whs</provider>
    </extensions>
</trkpt>
<trkpt lat="42.42510196240523" lon="77.2750963192525">
    <time>2026-08-27T14:43:42.730Z</time>
    <extensions>
        <provider>whs</provider>
    </extensions>
</trkpt>
<trkpt lat="42.42507376240523" lon="77.2750935192525">
    <time>2026-08-27T14:43:44.743Z</time>
    <extensions>
        <provider>whs</provider>
    </extensions>
</trkpt>
<trkpt lat="42.42507976240523" lon="77.27506911925249">
    <time>2026-08-27T14:43:53.804Z</time>
    <extensions>
        <provider>whs</provider>
    </extensions>
</trkpt>
<trkpt lat="42.425072562405234" lon="77.2750441192525">
    <time>2026-08-27T14:43:56.824Z</time>
    <extensions>
        <provider>whs</provider>
    </extensions>
</trkpt>
<trkpt lat="42.42509156240523" lon="77.2750427192525">
    <time>2026-08-27T14:43:59.845Z</time>
    <extensions>
        <provider>whs</provider>
    </extensions>
</trkpt>
<trkpt lat="42.425093862405234" lon="77.27500951925249">
    <time>2026-08-27T14:44:01.858Z</time>
    <extensions>
        <provider>whs</provider>
    </extensions>
</trkpt>
<trkpt lat="42.42510526240523" lon="77.27498941925249">
    <time>2026-08-27T14:44:04.877Z</time>
    <extensions>
        <provider>whs</provider>
    </extensions>
</trkpt>
<trkpt lat="42.42512056240523" lon="77.27501841925249">
    <time>2026-08-27T14:44:07.896Z</time>
    <extensions>
        <provider>whs</provider>
    </extensions>
</trkpt>
<trkpt lat="42.42509716240523" lon="77.2750577192525">
    <time>2026-08-27T14:44:11.923Z</time>
    <extensions>
        <provider>whs</provider>
    </extensions>
</trkpt>
<trkpt lat="42.42508706240523" lon="77.2750821192525">
    <time>2026-08-27T14:44:12.929Z</time>
    <extensions>
        <provider>whs</provider>
    </extensions>
</trkpt>
<trkpt lat="42.42507826240523" lon="77.2751169192525">
    <time>2026-08-27T14:44:13.936Z</time>
    <extensions>
        <provider>whs</provider>
    </extensions>
</trkpt>
<trkpt lat="42.425064662405234" lon="77.2751454192525">
    <time>2026-08-27T14:44:14.943Z</time>
    <extensions>
        <provider>whs</provider>
    </extensions>
</trkpt>
<trkpt lat="42.425054362405234" lon="77.27519241925249">
    <time>2026-08-27T14:44:16.957Z</time>
    <extensions>
        <provider>whs</provider>
    </extensions>
</trkpt>
<trkpt lat="42.42505966240523" lon="77.27522091925249">
    <time>2026-08-27T14:44:19.977Z</time>
    <extensions>
        <provider>whs</provider>
    </extensions>
</trkpt>
<trkpt lat="42.42503536240523" lon="77.27526181925249">
    <time>2026-08-27T14:44:21.990Z</time>
    <extensions>
        <provider>whs</provider>
    </extensions>
</trkpt>
<trkpt lat="42.42503746240523" lon="77.2753065192525">
    <time>2026-08-27T14:44:25.009Z</time>
    <extensions>
        <provider>whs</provider>
    </extensions>
</trkpt>
<trkpt lat="42.42502486240523" lon="77.2753343192525">
    <time>2026-08-27T14:44:27.021Z</time>
    <extensions>
        <provider>whs</provider>
    </extensions>
</trkpt>
<trkpt lat="42.42502866240523" lon="77.2753711192525">
    <time>2026-08-27T14:44:30.040Z</time>
    <extensions>
        <provider>whs</provider>
    </extensions>
</trkpt>
<trkpt lat="42.42502116240523" lon="77.2753441192525">
    <time>2026-08-27T14:44:33.060Z</time>
    <extensions>
        <provider>whs</provider>
    </extensions>
</trkpt>
<trkpt lat="42.42499516240523" lon="77.2753410192525">
    <time>2026-08-27T14:44:35.074Z</time>
    <extensions>
        <provider>whs</provider>
    </extensions>
</trkpt>
<trkpt lat="42.42497816240523" lon="77.27536691925249">
    <time>2026-08-27T14:44:39.100Z</time>
    <extensions>
        <provider>whs</provider>
    </extensions>
</trkpt>
<trkpt lat="42.424954662405234" lon="77.27539801925249">
    <time>2026-08-27T14:44:41.114Z</time>
    <extensions>
        <provider>whs</provider>
    </extensions>
</trkpt>
<trkpt lat="42.424938262405234" lon="77.2754307192525">
    <time>2026-08-27T14:44:42.121Z</time>
    <extensions>
        <provider>whs</provider>
    </extensions>
</trkpt>
<trkpt lat="42.42493056240523" lon="77.2754543192525">
    <time>2026-08-27T14:44:43.128Z</time>
    <extensions>
        <provider>whs</provider>
    </extensions>
</trkpt>
<trkpt lat="42.42492506240523" lon="77.2754797192525">
    <time>2026-08-27T14:44:45.141Z</time>
    <extensions>
        <provider>whs</provider>
    </extensions>
</trkpt>
<trkpt lat="42.42489656240523" lon="77.2754810192525">
    <time>2026-08-27T14:44:52.188Z</time>
    <extensions>
        <provider>whs</provider>
    </extensions>
</trkpt>
<trkpt lat="42.42487596240523" lon="77.27551841925249">
    <time>2026-08-27T14:44:54.201Z</time>
    <extensions>
        <provider>whs</provider>
    </extensions>
</trkpt>
<trkpt lat="42.42486556240523" lon="77.27554551925249">
    <time>2026-08-27T14:44:55.208Z</time>
    <extensions>
        <provider>whs</provider>
    </extensions>
</trkpt>
<trkpt lat="42.42485756240523" lon="77.2755751192525">
    <time>2026-08-27T14:44:56.214Z</time>
    <extensions>
        <provider>whs</provider>
    </extensions>
</trkpt>
<trkpt lat="42.42485686240523" lon="77.2756117192525">
    <time>2026-08-27T14:44:58.227Z</time>
    <extensions>
        <provider>whs</provider>
    </extensions>
</trkpt>
<trkpt lat="42.42484236240523" lon="77.2756344192525">
    <time>2026-08-27T14:45:03.259Z</time>
    <extensions>
        <provider>whs</provider>
    </extensions>
</trkpt>
<trkpt lat="42.42483346240523" lon="77.2756560192525">
    <time>2026-08-27T14:45:04.267Z</time>
    <extensions>
        <provider>whs</provider>
    </extensions>
</trkpt>
<trkpt lat="42.424823362405235" lon="77.2756791192525">
    <time>2026-08-27T14:45:05.272Z</time>
    <extensions>
        <provider>whs</provider>
    </extensions>
</trkpt>
<trkpt lat="42.42480976240523" lon="77.27570441925249">
    <time>2026-08-27T14:45:07.285Z</time>
    <extensions>
        <provider>whs</provider>
    </extensions>
</trkpt>
<trkpt lat="42.424802662405234" lon="77.2757454192525">
    <time>2026-08-27T14:45:08.292Z</time>
    <extensions>
        <provider>whs</provider>
    </extensions>
</trkpt>
<trkpt lat="42.42480556240523" lon="77.2757804192525">
    <time>2026-08-27T14:45:09.298Z</time>
    <extensions>
        <provider>whs</provider>
    </extensions>
</trkpt>
<trkpt lat="42.42479506240523" lon="77.27581571925249">
    <time>2026-08-27T14:45:12.318Z</time>
    <extensions>
        <provider>whs</provider>
    </extensions>
</trkpt>
<trkpt lat="42.42477146240523" lon="77.2758237192525">
    <time>2026-08-27T14:45:14.331Z</time>
    <extensions>
        <provider>whs</provider>
    </extensions>
</trkpt>
<trkpt lat="42.42473866240523" lon="77.2758428192525">
    <time>2026-08-27T14:45:19.363Z</time>
    <extensions>
        <provider>whs</provider>
    </extensions>
</trkpt>
<trkpt lat="42.42473316240523" lon="77.27587411925249">
    <time>2026-08-27T14:45:22.383Z</time>
    <extensions>
        <provider>whs</provider>
    </extensions>
</trkpt>
<trkpt lat="42.42469736240523" lon="77.2759035192525">
    <time>2026-08-27T14:45:26.409Z</time>
    <extensions>
        <provider>whs</provider>
    </extensions>
</trkpt>
<trkpt lat="42.42466736240523" lon="77.27592801925249">
    <time>2026-08-27T14:45:28.421Z</time>
    <extensions>
        <provider>whs</provider>
    </extensions>
</trkpt>
<trkpt lat="42.42464776240523" lon="77.2759497192525">
    <time>2026-08-27T14:45:32.447Z</time>
    <extensions>
        <provider>whs</provider>
    </extensions>
</trkpt>
<trkpt lat="42.42462156240523" lon="77.27594521925249">
    <time>2026-08-27T14:45:34.460Z</time>
    <extensions>
        <provider>whs</provider>
    </extensions>
</trkpt>
<trkpt lat="42.42460766240523" lon="77.2759632192525">
    <time>2026-08-27T14:45:36.473Z</time>
    <extensions>
        <provider>whs</provider>
    </extensions>
</trkpt>
<trkpt lat="42.42458756240523" lon="77.27597561925249">
    <time>2026-08-27T14:45:38.485Z</time>
    <extensions>
        <provider>whs</provider>
    </extensions>
</trkpt>
<trkpt lat="42.42457206240523" lon="77.2759948192525">
    <time>2026-08-27T14:45:41.504Z</time>
    <extensions>
        <provider>whs</provider>
    </extensions>
</trkpt>
<trkpt lat="42.42455476240523" lon="77.2760093192525">
    <time>2026-08-27T14:45:44.522Z</time>
    <extensions>
        <provider>whs</provider>
    </extensions>
</trkpt>
<trkpt lat="42.42453106240523" lon="77.2760233192525">
    <time>2026-08-27T14:45:48.547Z</time>
    <extensions>
        <provider>whs</provider>
    </extensions>
</trkpt>
<trkpt lat="42.42451106240523" lon="77.2760549192525">
    <time>2026-08-27T14:45:50.559Z</time>
    <extensions>
        <provider>whs</provider>
    </extensions>
</trkpt>
<trkpt lat="42.42449036240523" lon="77.27606731925249">
    <time>2026-08-27T14:45:55.591Z</time>
    <extensions>
        <provider>whs</provider>
    </extensions>
</trkpt>
<trkpt lat="42.42448506240523" lon="77.2760947192525">
    <time>2026-08-27T14:45:58.611Z</time>
    <extensions>
        <provider>whs</provider>
    </extensions>
</trkpt>
<trkpt lat="42.42448676240523" lon="77.27612141925249">
    <time>2026-08-27T14:45:59.618Z</time>
    <extensions>
        <provider>whs</provider>
    </extensions>
</trkpt>
<trkpt lat="42.42446786240523" lon="77.2761326192525">
    <time>2026-08-27T14:46:11.697Z</time>
    <extensions>
        <provider>whs</provider>
    </extensions>
</trkpt>
<trkpt lat="42.42444346240523" lon="77.2761021192525">
    <time>2026-08-27T14:46:15.724Z</time>
    <extensions>
        <provider>whs</provider>
    </extensions>
</trkpt>
<trkpt lat="42.424405562405234" lon="77.2761274192525">
    <time>2026-08-27T14:46:19.751Z</time>
    <extensions>
        <provider>whs</provider>
    </extensions>
</trkpt>
<trkpt lat="42.42437506240523" lon="77.2761445192525">
    <time>2026-08-27T14:46:21.765Z</time>
    <extensions>
        <provider>whs</provider>
    </extensions>
</trkpt>
<trkpt lat="42.42436356240523" lon="77.2761658192525">
    <time>2026-08-27T14:46:24.785Z</time>
    <extensions>
        <provider>whs</provider>
    </extensions>
</trkpt>
<trkpt lat="42.424336962405235" lon="77.27618601925249">
    <time>2026-08-27T14:46:30.827Z</time>
    <extensions>
        <provider>whs</provider>
    </extensions>
</trkpt>
<trkpt lat="42.42431656240523" lon="77.2761873192525">
    <time>2026-08-27T14:46:31.834Z</time>
    <extensions>
        <provider>whs</provider>
    </extensions>
</trkpt>
        </trkseg>
    </trk>
</gpx>
