<?xml version="1.0" encoding="UTF-8"?>
<gpx version="1.1"
     creator="FoilTracker"
     xmlns="http://www.topografix.com/GPX/1/1">
    <trk>
        <name>FoilTracker WHS</name>
        <trkseg>
<trkpt lat="42.42413246240523" lon="77.2760976192525">
    <time>2026-09-05T07:03:55.336Z</time>
    <extensions>
        <provider>whs</provider>
    </extensions>
</trkpt>
<trkpt lat="42.42411686240523" lon="77.2761369192525">
    <time>2026-09-05T07:03:57.340Z</time>
    <extensions>
        <provider>whs</provider>
    </extensions>
</trkpt>
<trkpt lat="42.42410076240523" lon="77.27615301925249">
    <time>2026-09-05T07:03:58.341Z</time>
    <extensions>
        <provider>whs</provider>
    </extensions>
</trkpt>
<trkpt lat="42.42407886240523" lon="77.2761552192525">
    <time>2026-09-05T07:03:59.344Z</time>
    <extensions>
        <provider>whs</provider>
    </extensions>
</trkpt>
<trkpt lat="42.42405026240523" lon="77.27615201925249">
    <time>2026-09-05T07:04:02.348Z</time>
    <extensions>
        <provider>whs</provider>
    </extensions>
</trkpt>
<trkpt lat="42.42401816240523" lon="77.2761524192525">
    <time>2026-09-05T07:04:04.350Z</time>
    <extensions>
        <provider>whs</provider>
    </extensions>
</trkpt>
<trkpt lat="42.42399896240523" lon="77.2761693192525">
    <time>2026-09-05T07:04:05.352Z</time>
    <extensions>
        <provider>whs</provider>
    </extensions>
</trkpt>
<trkpt lat="42.423975662405226" lon="77.2761965192525">
    <time>2026-09-05T07:04:07.355Z</time>
    <extensions>
        <provider>whs</provider>
    </extensions>
</trkpt>
<trkpt lat="42.423952562405226" lon="77.2762110192525">
    <time>2026-09-05T07:04:09.358Z</time>
    <extensions>
        <provider>whs</provider>
    </extensions>
</trkpt>
<trkpt lat="42.42393706240523" lon="77.27623321925249">
    <time>2026-09-05T07:04:11.361Z</time>
    <extensions>
        <provider>whs</provider>
    </extensions>
</trkpt>
<trkpt lat="42.42391476240523" lon="77.2762530192525">
    <time>2026-09-05T07:04:13.365Z</time>
    <extensions>
        <provider>whs</provider>
    </extensions>
</trkpt>
<trkpt lat="42.423908762405226" lon="77.27628511925249">
    <time>2026-09-05T07:04:15.367Z</time>
    <extensions>
        <provider>whs</provider>
    </extensions>
</trkpt>
<trkpt lat="42.42389166240523" lon="77.2763071192525">
    <time>2026-09-05T07:04:17.370Z</time>
    <extensions>
        <provider>whs</provider>
    </extensions>
</trkpt>
<trkpt lat="42.42388246240523" lon="77.2763422192525">
    <time>2026-09-05T07:04:20.375Z</time>
    <extensions>
        <provider>whs</provider>
    </extensions>
</trkpt>
<trkpt lat="42.42387536240523" lon="77.27636961925249">
    <time>2026-09-05T07:04:21.376Z</time>
    <extensions>
        <provider>whs</provider>
    </extensions>
</trkpt>
<trkpt lat="42.42386846240523" lon="77.27640171925249">
    <time>2026-09-05T07:04:23.380Z</time>
    <extensions>
        <provider>whs</provider>
    </extensions>
</trkpt>
<trkpt lat="42.42385496240523" lon="77.27641871925249">
    <time>2026-09-05T07:04:24.381Z</time>
    <extensions>
        <provider>whs</provider>
    </extensions>
</trkpt>
<trkpt lat="42.42384566240523" lon="77.2764509192525">
    <time>2026-09-05T07:04:26.385Z</time>
    <extensions>
        <provider>whs</provider>
    </extensions>
</trkpt>
<trkpt lat="42.423833962405226" lon="77.2764926192525">
    <time>2026-09-05T07:04:28.388Z</time>
    <extensions>
        <provider>whs</provider>
    </extensions>
</trkpt>
<trkpt lat="42.42381616240523" lon="77.2765157192525">
    <time>2026-09-05T07:04:30.391Z</time>
    <extensions>
        <provider>whs</provider>
    </extensions>
</trkpt>
<trkpt lat="42.42380206240523" lon="77.2765621192525">
    <time>2026-09-05T07:04:32.394Z</time>
    <extensions>
        <provider>whs</provider>
    </extensions>
</trkpt>
<trkpt lat="42.42378966240523" lon="77.27659921925249">
    <time>2026-09-05T07:04:34.398Z</time>
    <extensions>
        <provider>whs</provider>
    </extensions>
</trkpt>
<trkpt lat="42.423785362405226" lon="77.2766259192525">
    <time>2026-09-05T07:04:35.399Z</time>
    <extensions>
        <provider>whs</provider>
    </extensions>
</trkpt>
<trkpt lat="42.42378556240523" lon="77.2766589192525">
    <time>2026-09-05T07:04:37.403Z</time>
    <extensions>
        <provider>whs</provider>
    </extensions>
</trkpt>
<trkpt lat="42.42378266240523" lon="77.2766952192525">
    <time>2026-09-05T07:04:39.406Z</time>
    <extensions>
        <provider>whs</provider>
    </extensions>
</trkpt>
<trkpt lat="42.42377506240523" lon="77.2767237192525">
    <time>2026-09-05T07:04:43.413Z</time>
    <extensions>
        <provider>whs</provider>
    </extensions>
</trkpt>
<trkpt lat="42.42377366240523" lon="77.2767484192525">
    <time>2026-09-05T07:04:44.414Z</time>
    <extensions>
        <provider>whs</provider>
    </extensions>
</trkpt>
<trkpt lat="42.423764062405226" lon="77.2767731192525">
    <time>2026-09-05T07:04:46.417Z</time>
    <extensions>
        <provider>whs</provider>
    </extensions>
</trkpt>
<trkpt lat="42.42375056240523" lon="77.2768006192525">
    <time>2026-09-05T07:04:48.419Z</time>
    <extensions>
        <provider>whs</provider>
    </extensions>
</trkpt>
<trkpt lat="42.42373666240523" lon="77.27682681925249">
    <time>2026-09-05T07:04:51.424Z</time>
    <extensions>
        <provider>whs</provider>
    </extensions>
</trkpt>
<trkpt lat="42.42372716240523" lon="77.2768606192525">
    <time>2026-09-05T07:04:53.427Z</time>
    <extensions>
        <provider>whs</provider>
    </extensions>
</trkpt>
<trkpt lat="42.42371436240523" lon="77.2768818192525">
    <time>2026-09-05T07:04:54.428Z</time>
    <extensions>
        <provider>whs</provider>
    </extensions>
</trkpt>
<trkpt lat="42.42370296240523" lon="77.2769021192525">
    <time>2026-09-05T07:04:55.429Z</time>
    <extensions>
        <provider>whs</provider>
    </extensions>
</trkpt>
<trkpt lat="42.42369366240523" lon="77.2769474192525">
    <time>2026-09-05T07:04:57.432Z</time>
    <extensions>
        <provider>whs</provider>
    </extensions>
</trkpt>
<trkpt lat="42.42368376240523" lon="77.2769823192525">
    <time>2026-09-05T07:04:59.435Z</time>
    <extensions>
        <provider>whs</provider>
    </extensions>
</trkpt>
<trkpt lat="42.42366966240523" lon="77.27702071925249">
    <time>2026-09-05T07:05:02.438Z</time>
    <extensions>
        <provider>whs</provider>
    </extensions>
</trkpt>
<trkpt lat="42.42365386240523" lon="77.2770593192525">
    <time>2026-09-05T07:05:04.442Z</time>
    <extensions>
        <provider>whs</provider>
    </extensions>
</trkpt>
<trkpt lat="42.423636962405226" lon="77.2771116192525">
    <time>2026-09-05T07:05:06.444Z</time>
    <extensions>
        <provider>whs</provider>
    </extensions>
</trkpt>
<trkpt lat="42.42361156240523" lon="77.2771530192525">
    <time>2026-09-05T07:05:08.447Z</time>
    <extensions>
        <provider>whs</provider>
    </extensions>
</trkpt>
<trkpt lat="42.42359936240523" lon="77.27718421925249">
    <time>2026-09-05T07:05:10.449Z</time>
    <extensions>
        <provider>whs</provider>
    </extensions>
</trkpt>
<trkpt lat="42.42359116240523" lon="77.27721601925249">
    <time>2026-09-05T07:05:12.452Z</time>
    <extensions>
        <provider>whs</provider>
    </extensions>
</trkpt>
<trkpt lat="42.42358676240523" lon="77.2772408192525">
    <time>2026-09-05T07:05:14.455Z</time>
    <extensions>
        <provider>whs</provider>
    </extensions>
</trkpt>
<trkpt lat="42.42357356240523" lon="77.2772621192525">
    <time>2026-09-05T07:05:16.458Z</time>
    <extensions>
        <provider>whs</provider>
    </extensions>
</trkpt>
<trkpt lat="42.42356856240523" lon="77.2772937192525">
    <time>2026-09-05T07:05:19.462Z</time>
    <extensions>
        <provider>whs</provider>
    </extensions>
</trkpt>
<trkpt lat="42.42354786240523" lon="77.2773178192525">
    <time>2026-09-05T07:05:22.465Z</time>
    <extensions>
        <provider>whs</provider>
    </extensions>
</trkpt>
<trkpt lat="42.42353276240523" lon="77.2773435192525">
    <time>2026-09-05T07:05:26.471Z</time>
    <extensions>
        <provider>whs</provider>
    </extensions>
</trkpt>
<trkpt lat="42.42352696240523" lon="77.2773682192525">
    <time>2026-09-05T07:05:31.478Z</time>
    <extensions>
        <provider>whs</provider>
    </extensions>
</trkpt>
<trkpt lat="42.42350346240523" lon="77.27739361925249">
    <time>2026-09-05T07:05:35.474Z</time>
    <extensions>
        <provider>whs</provider>
    </extensions>
</trkpt>
<trkpt lat="42.42348836240523" lon="77.2774289192525">
    <time>2026-09-05T07:05:39.481Z</time>
    <extensions>
        <provider>whs</provider>
    </extensions>
</trkpt>
<trkpt lat="42.42347046240523" lon="77.2774512192525">
    <time>2026-09-05T07:05:41.485Z</time>
    <extensions>
        <provider>whs</provider>
    </extensions>
</trkpt>
<trkpt lat="42.42345846240523" lon="77.27747121925249">
    <time>2026-09-05T07:05:42.486Z</time>
    <extensions>
        <provider>whs</provider>
    </extensions>
</trkpt>
<trkpt lat="42.42345106240523" lon="77.2774948192525">
    <time>2026-09-05T07:05:46.492Z</time>
    <extensions>
        <provider>whs</provider>
    </extensions>
</trkpt>
<trkpt lat="42.42343786240523" lon="77.2775232192525">
    <time>2026-09-05T07:05:50.498Z</time>
    <extensions>
        <provider>whs</provider>
    </extensions>
</trkpt>
<trkpt lat="42.42342046240523" lon="77.2775523192525">
    <time>2026-09-05T07:05:53.503Z</time>
    <extensions>
        <provider>whs</provider>
    </extensions>
</trkpt>
<trkpt lat="42.42341266240523" lon="77.2775805192525">
    <time>2026-09-05T07:05:56.507Z</time>
    <extensions>
        <provider>whs</provider>
    </extensions>
</trkpt>
<trkpt lat="42.42339166240523" lon="77.27759231925249">
    <time>2026-09-05T07:05:58.510Z</time>
    <extensions>
        <provider>whs</provider>
    </extensions>
</trkpt>
<trkpt lat="42.423368862405226" lon="77.2776121192525">
    <time>2026-09-05T07:06:01.515Z</time>
    <extensions>
        <provider>whs</provider>
    </extensions>
</trkpt>
<trkpt lat="42.42335006240523" lon="77.2776139192525">
    <time>2026-09-05T07:06:02.517Z</time>
    <extensions>
        <provider>whs</provider>
    </extensions>
</trkpt>
<trkpt lat="42.42332846240523" lon="77.27762201925249">
    <time>2026-09-05T07:06:07.523Z</time>
    <extensions>
        <provider>whs</provider>
    </extensions>
</trkpt>
<trkpt lat="42.42334846240523" lon="77.27760071925249">
    <time>2026-09-05T07:06:17.538Z</time>
    <extensions>
        <provider>whs</provider>
    </extensions>
</trkpt>
<trkpt lat="42.42333016240523" lon="77.2776235192525">
    <time>2026-09-05T07:06:26.550Z</time>
    <extensions>
        <provider>whs</provider>
    </extensions>
</trkpt>
<trkpt lat="42.42330466240523" lon="77.27763901925249">
    <time>2026-09-05T07:06:34.558Z</time>
    <extensions>
        <provider>whs</provider>
    </extensions>
</trkpt>
<trkpt lat="42.42328196240523" lon="77.27763781925249">
    <time>2026-09-05T07:06:38.562Z</time>
    <extensions>
        <provider>whs</provider>
    </extensions>
</trkpt>
<trkpt lat="42.42329806240523" lon="77.2776095192525">
    <time>2026-09-05T07:06:43.567Z</time>
    <extensions>
        <provider>whs</provider>
    </extensions>
</trkpt>
<trkpt lat="42.42332736240523" lon="77.27760431925249">
    <time>2026-09-05T07:06:47.573Z</time>
    <extensions>
        <provider>whs</provider>
    </extensions>
</trkpt>
<trkpt lat="42.423315962405226" lon="77.2776415192525">
    <time>2026-09-05T07:06:58.588Z</time>
    <extensions>
        <provider>whs</provider>
    </extensions>
</trkpt>
<trkpt lat="42.42328366240523" lon="77.2776350192525">
    <time>2026-09-05T07:07:05.599Z</time>
    <extensions>
        <provider>whs</provider>
    </extensions>
</trkpt>
<trkpt lat="42.42324946240523" lon="77.2776272192525">
    <time>2026-09-05T07:07:20.625Z</time>
    <extensions>
        <provider>whs</provider>
    </extensions>
</trkpt>
<trkpt lat="42.42321506240523" lon="77.27764281925249">
    <time>2026-09-05T07:07:21.626Z</time>
    <extensions>
        <provider>whs</provider>
    </extensions>
</trkpt>
<trkpt lat="42.42317056240523" lon="77.27767251925249">
    <time>2026-09-05T07:07:22.627Z</time>
    <extensions>
        <provider>whs</provider>
    </extensions>
</trkpt>
<trkpt lat="42.42312046240523" lon="77.2776905192525">
    <time>2026-09-05T07:07:23.629Z</time>
    <extensions>
        <provider>whs</provider>
    </extensions>
</trkpt>
<trkpt lat="42.42307856240523" lon="77.27768761925249">
    <time>2026-09-05T07:07:24.630Z</time>
    <extensions>
        <provider>whs</provider>
    </extensions>
</trkpt>
<trkpt lat="42.42303356240523" lon="77.2776924192525">
    <time>2026-09-05T07:07:25.631Z</time>
    <extensions>
        <provider>whs</provider>
    </extensions>
</trkpt>
<trkpt lat="42.42299146240523" lon="77.27770551925249">
    <time>2026-09-05T07:07:26.633Z</time>
    <extensions>
        <provider>whs</provider>
    </extensions>
</trkpt>
<trkpt lat="42.42295316240523" lon="77.2777263192525">
    <time>2026-09-05T07:07:27.634Z</time>
    <extensions>
        <provider>whs</provider>
    </extensions>
</trkpt>
<trkpt lat="42.42291606240523" lon="77.2777385192525">
    <time>2026-09-05T07:07:28.636Z</time>
    <extensions>
        <provider>whs</provider>
    </extensions>
</trkpt>
<trkpt lat="42.422878162405226" lon="77.2777415192525">
    <time>2026-09-05T07:07:29.637Z</time>
    <extensions>
        <provider>whs</provider>
    </extensions>
</trkpt>
<trkpt lat="42.42282746240523" lon="77.27775031925249">
    <time>2026-09-05T07:07:30.638Z</time>
    <extensions>
        <provider>whs</provider>
    </extensions>
</trkpt>
<trkpt lat="42.42277316240523" lon="77.2777739192525">
    <time>2026-09-05T07:07:31.640Z</time>
    <extensions>
        <provider>whs</provider>
    </extensions>
</trkpt>
<trkpt lat="42.42272546240523" lon="77.2777899192525">
    <time>2026-09-05T07:07:32.641Z</time>
    <extensions>
        <provider>whs</provider>
    </extensions>
</trkpt>
<trkpt lat="42.422680562405226" lon="77.2777958192525">
    <time>2026-09-05T07:07:33.642Z</time>
    <extensions>
        <provider>whs</provider>
    </extensions>
</trkpt>
<trkpt lat="42.422633762405226" lon="77.2777988192525">
    <time>2026-09-05T07:07:34.643Z</time>
    <extensions>
        <provider>whs</provider>
    </extensions>
</trkpt>
<trkpt lat="42.42259896240523" lon="77.2778093192525">
    <time>2026-09-05T07:07:35.645Z</time>
    <extensions>
        <provider>whs</provider>
    </extensions>
</trkpt>
<trkpt lat="42.42255146240523" lon="77.2778162192525">
    <time>2026-09-05T07:07:36.646Z</time>
    <extensions>
        <provider>whs</provider>
    </extensions>
</trkpt>
<trkpt lat="42.42250146240523" lon="77.2778119192525">
    <time>2026-09-05T07:07:37.648Z</time>
    <extensions>
        <provider>whs</provider>
    </extensions>
</trkpt>
<trkpt lat="42.42245766240523" lon="77.2778194192525">
    <time>2026-09-05T07:07:38.649Z</time>
    <extensions>
        <provider>whs</provider>
    </extensions>
</trkpt>
<trkpt lat="42.42241526240523" lon="77.2778357192525">
    <time>2026-09-05T07:07:39.650Z</time>
    <extensions>
        <provider>whs</provider>
    </extensions>
</trkpt>
<trkpt lat="42.42237156240523" lon="77.27785181925249">
    <time>2026-09-05T07:07:40.652Z</time>
    <extensions>
        <provider>whs</provider>
    </extensions>
</trkpt>
<trkpt lat="42.42232976240523" lon="77.27787071925249">
    <time>2026-09-05T07:07:41.653Z</time>
    <extensions>
        <provider>whs</provider>
    </extensions>
</trkpt>
<trkpt lat="42.42228126240523" lon="77.2778697192525">
    <time>2026-09-05T07:07:42.654Z</time>
    <extensions>
        <provider>whs</provider>
    </extensions>
</trkpt>
<trkpt lat="42.42224316240523" lon="77.27786041925249">
    <time>2026-09-05T07:07:43.655Z</time>
    <extensions>
        <provider>whs</provider>
    </extensions>
</trkpt>
<trkpt lat="42.422188662405226" lon="77.2778539192525">
    <time>2026-09-05T07:07:44.657Z</time>
    <extensions>
        <provider>whs</provider>
    </extensions>
</trkpt>
<trkpt lat="42.42214356240523" lon="77.2778497192525">
    <time>2026-09-05T07:07:45.658Z</time>
    <extensions>
        <provider>whs</provider>
    </extensions>
</trkpt>
<trkpt lat="42.422099262405226" lon="77.2778404192525">
    <time>2026-09-05T07:07:46.660Z</time>
    <extensions>
        <provider>whs</provider>
    </extensions>
</trkpt>
<trkpt lat="42.42205506240523" lon="77.2778318192525">
    <time>2026-09-05T07:07:47.661Z</time>
    <extensions>
        <provider>whs</provider>
    </extensions>
</trkpt>
<trkpt lat="42.42200726240523" lon="77.2778256192525">
    <time>2026-09-05T07:07:48.663Z</time>
    <extensions>
        <provider>whs</provider>
    </extensions>
</trkpt>
<trkpt lat="42.42196986240523" lon="77.27782931925249">
    <time>2026-09-05T07:07:49.665Z</time>
    <extensions>
        <provider>whs</provider>
    </extensions>
</trkpt>
<trkpt lat="42.42193786240523" lon="77.2778399192525">
    <time>2026-09-05T07:07:50.666Z</time>
    <extensions>
        <provider>whs</provider>
    </extensions>
</trkpt>
<trkpt lat="42.42189716240523" lon="77.27787121925249">
    <time>2026-09-05T07:07:51.667Z</time>
    <extensions>
        <provider>whs</provider>
    </extensions>
</trkpt>
<trkpt lat="42.42186526240523" lon="77.2779051192525">
    <time>2026-09-05T07:07:52.669Z</time>
    <extensions>
        <provider>whs</provider>
    </extensions>
</trkpt>
<trkpt lat="42.42183246240523" lon="77.27794441925249">
    <time>2026-09-05T07:07:53.670Z</time>
    <extensions>
        <provider>whs</provider>
    </extensions>
</trkpt>
<trkpt lat="42.42180166240523" lon="77.2779794192525">
    <time>2026-09-05T07:07:54.672Z</time>
    <extensions>
        <provider>whs</provider>
    </extensions>
</trkpt>
<trkpt lat="42.42177716240523" lon="77.2780396192525">
    <time>2026-09-05T07:07:55.674Z</time>
    <extensions>
        <provider>whs</provider>
    </extensions>
</trkpt>
<trkpt lat="42.42176226240523" lon="77.2781011192525">
    <time>2026-09-05T07:07:56.675Z</time>
    <extensions>
        <provider>whs</provider>
    </extensions>
</trkpt>
<trkpt lat="42.42175476240523" lon="77.2781427192525">
    <time>2026-09-05T07:07:57.676Z</time>
    <extensions>
        <provider>whs</provider>
    </extensions>
</trkpt>
<trkpt lat="42.42176176240523" lon="77.27819071925249">
    <time>2026-09-05T07:07:58.677Z</time>
    <extensions>
        <provider>whs</provider>
    </extensions>
</trkpt>
<trkpt lat="42.421780662405226" lon="77.27826421925249">
    <time>2026-09-05T07:07:59.679Z</time>
    <extensions>
        <provider>whs</provider>
    </extensions>
</trkpt>
<trkpt lat="42.42179196240523" lon="77.2783166192525">
    <time>2026-09-05T07:08:00.680Z</time>
    <extensions>
        <provider>whs</provider>
    </extensions>
</trkpt>
<trkpt lat="42.42180286240523" lon="77.2783859192525">
    <time>2026-09-05T07:08:01.682Z</time>
    <extensions>
        <provider>whs</provider>
    </extensions>
</trkpt>
<trkpt lat="42.42181396240523" lon="77.2784578192525">
    <time>2026-09-05T07:08:02.683Z</time>
    <extensions>
        <provider>whs</provider>
    </extensions>
</trkpt>
<trkpt lat="42.42183986240523" lon="77.2785107192525">
    <time>2026-09-05T07:08:03.685Z</time>
    <extensions>
        <provider>whs</provider>
    </extensions>
</trkpt>
<trkpt lat="42.42186606240523" lon="77.2785722192525">
    <time>2026-09-05T07:08:04.686Z</time>
    <extensions>
        <provider>whs</provider>
    </extensions>
</trkpt>
<trkpt lat="42.42189626240523" lon="77.27861971925249">
    <time>2026-09-05T07:08:05.689Z</time>
    <extensions>
        <provider>whs</provider>
    </extensions>
</trkpt>
<trkpt lat="42.42192896240523" lon="77.27866111925249">
    <time>2026-09-05T07:08:06.691Z</time>
    <extensions>
        <provider>whs</provider>
    </extensions>
</trkpt>
<trkpt lat="42.42195936240523" lon="77.2786918192525">
    <time>2026-09-05T07:08:07.691Z</time>
    <extensions>
        <provider>whs</provider>
    </extensions>
</trkpt>
<trkpt lat="42.42199306240523" lon="77.2787125192525">
    <time>2026-09-05T07:08:08.693Z</time>
    <extensions>
        <provider>whs</provider>
    </extensions>
</trkpt>
<trkpt lat="42.42202496240523" lon="77.2787307192525">
    <time>2026-09-05T07:08:09.695Z</time>
    <extensions>
        <provider>whs</provider>
    </extensions>
</trkpt>
<trkpt lat="42.42205846240523" lon="77.2787320192525">
    <time>2026-09-05T07:08:10.697Z</time>
    <extensions>
        <provider>whs</provider>
    </extensions>
</trkpt>
<trkpt lat="42.422090162405226" lon="77.2787337192525">
    <time>2026-09-05T07:08:11.698Z</time>
    <extensions>
        <provider>whs</provider>
    </extensions>
</trkpt>
<trkpt lat="42.42212776240523" lon="77.2787272192525">
    <time>2026-09-05T07:08:12.700Z</time>
    <extensions>
        <provider>whs</provider>
    </extensions>
</trkpt>
<trkpt lat="42.42216836240523" lon="77.27872881925249">
    <time>2026-09-05T07:08:13.702Z</time>
    <extensions>
        <provider>whs</provider>
    </extensions>
</trkpt>
<trkpt lat="42.42219906240523" lon="77.2787301192525">
    <time>2026-09-05T07:08:14.703Z</time>
    <extensions>
        <provider>whs</provider>
    </extensions>
</trkpt>
<trkpt lat="42.42222256240523" lon="77.2787040192525">
    <time>2026-09-05T07:08:15.704Z</time>
    <extensions>
        <provider>whs</provider>
    </extensions>
</trkpt>
<trkpt lat="42.42226186240523" lon="77.2787054192525">
    <time>2026-09-05T07:08:16.706Z</time>
    <extensions>
        <provider>whs</provider>
    </extensions>
</trkpt>
<trkpt lat="42.42230956240523" lon="77.2786835192525">
    <time>2026-09-05T07:08:17.707Z</time>
    <extensions>
        <provider>whs</provider>
    </extensions>
</trkpt>
<trkpt lat="42.42234246240523" lon="77.2786763192525">
    <time>2026-09-05T07:08:18.710Z</time>
    <extensions>
        <provider>whs</provider>
    </extensions>
</trkpt>
<trkpt lat="42.42237746240523" lon="77.2786571192525">
    <time>2026-09-05T07:08:19.711Z</time>
    <extensions>
        <provider>whs</provider>
    </extensions>
</trkpt>
<trkpt lat="42.42241476240523" lon="77.2786519192525">
    <time>2026-09-05T07:08:20.711Z</time>
    <extensions>
        <provider>whs</provider>
    </extensions>
</trkpt>
<trkpt lat="42.422447662405226" lon="77.2786268192525">
    <time>2026-09-05T07:08:21.713Z</time>
    <extensions>
        <provider>whs</provider>
    </extensions>
</trkpt>
<trkpt lat="42.42247636240523" lon="77.2785920192525">
    <time>2026-09-05T07:08:22.714Z</time>
    <extensions>
        <provider>whs</provider>
    </extensions>
</trkpt>
<trkpt lat="42.42249226240523" lon="77.2785595192525">
    <time>2026-09-05T07:08:23.715Z</time>
    <extensions>
        <provider>whs</provider>
    </extensions>
</trkpt>
<trkpt lat="42.42251886240523" lon="77.27852321925249">
    <time>2026-09-05T07:08:24.716Z</time>
    <extensions>
        <provider>whs</provider>
    </extensions>
</trkpt>
<trkpt lat="42.42255026240523" lon="77.2784839192525">
    <time>2026-09-05T07:08:25.717Z</time>
    <extensions>
        <provider>whs</provider>
    </extensions>
</trkpt>
<trkpt lat="42.42258856240523" lon="77.27846171925249">
    <time>2026-09-05T07:08:26.719Z</time>
    <extensions>
        <provider>whs</provider>
    </extensions>
</trkpt>
<trkpt lat="42.42263486240523" lon="77.2784310192525">
    <time>2026-09-05T07:08:27.720Z</time>
    <extensions>
        <provider>whs</provider>
    </extensions>
</trkpt>
<trkpt lat="42.42266796240523" lon="77.2784159192525">
    <time>2026-09-05T07:08:28.721Z</time>
    <extensions>
        <provider>whs</provider>
    </extensions>
</trkpt>
<trkpt lat="42.42270786240523" lon="77.2783915192525">
    <time>2026-09-05T07:08:29.723Z</time>
    <extensions>
        <provider>whs</provider>
    </extensions>
</trkpt>
<trkpt lat="42.42274916240523" lon="77.2783533192525">
    <time>2026-09-05T07:08:30.724Z</time>
    <extensions>
        <provider>whs</provider>
    </extensions>
</trkpt>
<trkpt lat="42.42278966240523" lon="77.2783398192525">
    <time>2026-09-05T07:08:31.726Z</time>
    <extensions>
        <provider>whs</provider>
    </extensions>
</trkpt>
<trkpt lat="42.42282766240523" lon="77.2783191192525">
    <time>2026-09-05T07:08:32.727Z</time>
    <extensions>
        <provider>whs</provider>
    </extensions>
</trkpt>
<trkpt lat="42.42286956240523" lon="77.2782992192525">
    <time>2026-09-05T07:08:33.729Z</time>
    <extensions>
        <provider>whs</provider>
    </extensions>
</trkpt>
<trkpt lat="42.42291146240523" lon="77.2782679192525">
    <time>2026-09-05T07:08:34.729Z</time>
    <extensions>
        <provider>whs</provider>
    </extensions>
</trkpt>
<trkpt lat="42.42294536240523" lon="77.27825081925249">
    <time>2026-09-05T07:08:35.731Z</time>
    <extensions>
        <provider>whs</provider>
    </extensions>
</trkpt>
<trkpt lat="42.42298546240523" lon="77.2782151192525">
    <time>2026-09-05T07:08:36.733Z</time>
    <extensions>
        <provider>whs</provider>
    </extensions>
</trkpt>
<trkpt lat="42.42301336240523" lon="77.2781769192525">
    <time>2026-09-05T07:08:37.734Z</time>
    <extensions>
        <provider>whs</provider>
    </extensions>
</trkpt>
<trkpt lat="42.42304456240523" lon="77.2781245192525">
    <time>2026-09-05T07:08:38.737Z</time>
    <extensions>
        <provider>whs</provider>
    </extensions>
</trkpt>
<trkpt lat="42.42306326240523" lon="77.27808301925249">
    <time>2026-09-05T07:08:39.738Z</time>
    <extensions>
        <provider>whs</provider>
    </extensions>
</trkpt>
<trkpt lat="42.423080662405226" lon="77.2780522192525">
    <time>2026-09-05T07:08:40.739Z</time>
    <extensions>
        <provider>whs</provider>
    </extensions>
</trkpt>
<trkpt lat="42.42309936240523" lon="77.27800811925249">
    <time>2026-09-05T07:08:41.740Z</time>
    <extensions>
        <provider>whs</provider>
    </extensions>
</trkpt>
<trkpt lat="42.42311366240523" lon="77.2779696192525">
    <time>2026-09-05T07:08:42.741Z</time>
    <extensions>
        <provider>whs</provider>
    </extensions>
</trkpt>
<trkpt lat="42.42312666240523" lon="77.2779247192525">
    <time>2026-09-05T07:08:43.743Z</time>
    <extensions>
        <provider>whs</provider>
    </extensions>
</trkpt>
<trkpt lat="42.42313896240523" lon="77.2778754192525">
    <time>2026-09-05T07:08:44.744Z</time>
    <extensions>
        <provider>whs</provider>
    </extensions>
</trkpt>
<trkpt lat="42.42315456240523" lon="77.2778239192525">
    <time>2026-09-05T07:08:45.746Z</time>
    <extensions>
        <provider>whs</provider>
    </extensions>
</trkpt>
<trkpt lat="42.423150562405226" lon="77.2777758192525">
    <time>2026-09-05T07:08:46.748Z</time>
    <extensions>
        <provider>whs</provider>
    </extensions>
</trkpt>
<trkpt lat="42.42312716240523" lon="77.2777368192525">
    <time>2026-09-05T07:08:47.749Z</time>
    <extensions>
        <provider>whs</provider>
    </extensions>
</trkpt>
<trkpt lat="42.42310396240523" lon="77.2777078192525">
    <time>2026-09-05T07:08:48.751Z</time>
    <extensions>
        <provider>whs</provider>
    </extensions>
</trkpt>
<trkpt lat="42.42306336240523" lon="77.2776929192525">
    <time>2026-09-05T07:08:49.752Z</time>
    <extensions>
        <provider>whs</provider>
    </extensions>
</trkpt>
<trkpt lat="42.42301866240523" lon="77.2776920192525">
    <time>2026-09-05T07:08:50.754Z</time>
    <extensions>
        <provider>whs</provider>
    </extensions>
</trkpt>
<trkpt lat="42.42297986240523" lon="77.2776990192525">
    <time>2026-09-05T07:08:51.756Z</time>
    <extensions>
        <provider>whs</provider>
    </extensions>
</trkpt>
<trkpt lat="42.42294646240523" lon="77.2777272192525">
    <time>2026-09-05T07:08:52.758Z</time>
    <extensions>
        <provider>whs</provider>
    </extensions>
</trkpt>
<trkpt lat="42.42289716240523" lon="77.2777417192525">
    <time>2026-09-05T07:08:53.759Z</time>
    <extensions>
        <provider>whs</provider>
    </extensions>
</trkpt>
<trkpt lat="42.42285756240523" lon="77.2777616192525">
    <time>2026-09-05T07:08:54.761Z</time>
    <extensions>
        <provider>whs</provider>
    </extensions>
</trkpt>
<trkpt lat="42.42281896240523" lon="77.2777894192525">
    <time>2026-09-05T07:08:55.762Z</time>
    <extensions>
        <provider>whs</provider>
    </extensions>
</trkpt>
<trkpt lat="42.42277436240523" lon="77.2778157192525">
    <time>2026-09-05T07:08:56.764Z</time>
    <extensions>
        <provider>whs</provider>
    </extensions>
</trkpt>
<trkpt lat="42.42274506240523" lon="77.27784531925249">
    <time>2026-09-05T07:08:57.765Z</time>
    <extensions>
        <provider>whs</provider>
    </extensions>
</trkpt>
<trkpt lat="42.42271406240523" lon="77.2778736192525">
    <time>2026-09-05T07:08:58.767Z</time>
    <extensions>
        <provider>whs</provider>
    </extensions>
</trkpt>
<trkpt lat="42.42269236240523" lon="77.27788461925249">
    <time>2026-09-05T07:08:59.769Z</time>
    <extensions>
        <provider>whs</provider>
    </extensions>
</trkpt>
<trkpt lat="42.42264996240523" lon="77.2779021192525">
    <time>2026-09-05T07:09:00.770Z</time>
    <extensions>
        <provider>whs</provider>
    </extensions>
</trkpt>
<trkpt lat="42.42261266240523" lon="77.2779180192525">
    <time>2026-09-05T07:09:01.772Z</time>
    <extensions>
        <provider>whs</provider>
    </extensions>
</trkpt>
<trkpt lat="42.42257836240523" lon="77.27793291925249">
    <time>2026-09-05T07:09:02.774Z</time>
    <extensions>
        <provider>whs</provider>
    </extensions>
</trkpt>
<trkpt lat="42.42255216240523" lon="77.2779514192525">
    <time>2026-09-05T07:09:03.775Z</time>
    <extensions>
        <provider>whs</provider>
    </extensions>
</trkpt>
<trkpt lat="42.42252196240523" lon="77.2779707192525">
    <time>2026-09-05T07:09:04.777Z</time>
    <extensions>
        <provider>whs</provider>
    </extensions>
</trkpt>
<trkpt lat="42.42248376240523" lon="77.27798151925249">
    <time>2026-09-05T07:09:05.778Z</time>
    <extensions>
        <provider>whs</provider>
    </extensions>
</trkpt>
<trkpt lat="42.42244316240523" lon="77.2779989192525">
    <time>2026-09-05T07:09:06.779Z</time>
    <extensions>
        <provider>whs</provider>
    </extensions>
</trkpt>
<trkpt lat="42.42241376240523" lon="77.2780200192525">
    <time>2026-09-05T07:09:07.780Z</time>
    <extensions>
        <provider>whs</provider>
    </extensions>
</trkpt>
<trkpt lat="42.42238196240523" lon="77.2780481192525">
    <time>2026-09-05T07:09:08.782Z</time>
    <extensions>
        <provider>whs</provider>
    </extensions>
</trkpt>
<trkpt lat="42.42235686240523" lon="77.2780814192525">
    <time>2026-09-05T07:09:09.783Z</time>
    <extensions>
        <provider>whs</provider>
    </extensions>
</trkpt>
<trkpt lat="42.42232056240523" lon="77.27812201925249">
    <time>2026-09-05T07:09:10.785Z</time>
    <extensions>
        <provider>whs</provider>
    </extensions>
</trkpt>
<trkpt lat="42.422294462405226" lon="77.27817181925249">
    <time>2026-09-05T07:09:11.786Z</time>
    <extensions>
        <provider>whs</provider>
    </extensions>
</trkpt>
<trkpt lat="42.42226576240523" lon="77.2781971192525">
    <time>2026-09-05T07:09:12.788Z</time>
    <extensions>
        <provider>whs</provider>
    </extensions>
</trkpt>
<trkpt lat="42.42223886240523" lon="77.2782304192525">
    <time>2026-09-05T07:09:13.789Z</time>
    <extensions>
        <provider>whs</provider>
    </extensions>
</trkpt>
<trkpt lat="42.42219926240523" lon="77.2782722192525">
    <time>2026-09-05T07:09:14.791Z</time>
    <extensions>
        <provider>whs</provider>
    </extensions>
</trkpt>
<trkpt lat="42.42218276240523" lon="77.2783247192525">
    <time>2026-09-05T07:09:15.792Z</time>
    <extensions>
        <provider>whs</provider>
    </extensions>
</trkpt>
<trkpt lat="42.42217886240523" lon="77.27836981925249">
    <time>2026-09-05T07:09:16.793Z</time>
    <extensions>
        <provider>whs</provider>
    </extensions>
</trkpt>
<trkpt lat="42.42216836240523" lon="77.2784202192525">
    <time>2026-09-05T07:09:17.795Z</time>
    <extensions>
        <provider>whs</provider>
    </extensions>
</trkpt>
<trkpt lat="42.42215746240523" lon="77.27847561925249">
    <time>2026-09-05T07:09:18.797Z</time>
    <extensions>
        <provider>whs</provider>
    </extensions>
</trkpt>
<trkpt lat="42.422151562405226" lon="77.2785233192525">
    <time>2026-09-05T07:09:19.798Z</time>
    <extensions>
        <provider>whs</provider>
    </extensions>
</trkpt>
<trkpt lat="42.42214656240523" lon="77.2785784192525">
    <time>2026-09-05T07:09:20.799Z</time>
    <extensions>
        <provider>whs</provider>
    </extensions>
</trkpt>
<trkpt lat="42.42215426240523" lon="77.2786651192525">
    <time>2026-09-05T07:09:21.801Z</time>
    <extensions>
        <provider>whs</provider>
    </extensions>
</trkpt>
<trkpt lat="42.42217486240523" lon="77.2787213192525">
    <time>2026-09-05T07:09:23.804Z</time>
    <extensions>
        <provider>whs</provider>
    </extensions>
</trkpt>
<trkpt lat="42.42219556240523" lon="77.2787567192525">
    <time>2026-09-05T07:09:24.805Z</time>
    <extensions>
        <provider>whs</provider>
    </extensions>
</trkpt>
<trkpt lat="42.42223266240523" lon="77.2787806192525">
    <time>2026-09-05T07:09:25.807Z</time>
    <extensions>
        <provider>whs</provider>
    </extensions>
</trkpt>
<trkpt lat="42.42226596240523" lon="77.2787899192525">
    <time>2026-09-05T07:09:26.808Z</time>
    <extensions>
        <provider>whs</provider>
    </extensions>
</trkpt>
<trkpt lat="42.42230006240523" lon="77.2788017192525">
    <time>2026-09-05T07:09:27.809Z</time>
    <extensions>
        <provider>whs</provider>
    </extensions>
</trkpt>
<trkpt lat="42.42234386240523" lon="77.27881021925249">
    <time>2026-09-05T07:09:28.810Z</time>
    <extensions>
        <provider>whs</provider>
    </extensions>
</trkpt>
<trkpt lat="42.42237986240523" lon="77.2788046192525">
    <time>2026-09-05T07:09:29.812Z</time>
    <extensions>
        <provider>whs</provider>
    </extensions>
</trkpt>
<trkpt lat="42.42244426240523" lon="77.2787953192525">
    <time>2026-09-05T07:09:30.813Z</time>
    <extensions>
        <provider>whs</provider>
    </extensions>
</trkpt>
<trkpt lat="42.42247336240523" lon="77.2787814192525">
    <time>2026-09-05T07:09:32.817Z</time>
    <extensions>
        <provider>whs</provider>
    </extensions>
</trkpt>
<trkpt lat="42.422501162405226" lon="77.2787770192525">
    <time>2026-09-05T07:09:33.817Z</time>
    <extensions>
        <provider>whs</provider>
    </extensions>
</trkpt>
<trkpt lat="42.422527962405226" lon="77.2787685192525">
    <time>2026-09-05T07:09:34.819Z</time>
    <extensions>
        <provider>whs</provider>
    </extensions>
</trkpt>
<trkpt lat="42.422597262405226" lon="77.27873221925249">
    <time>2026-09-05T07:09:35.819Z</time>
    <extensions>
        <provider>whs</provider>
    </extensions>
</trkpt>
<trkpt lat="42.42263146240523" lon="77.27871401925249">
    <time>2026-09-05T07:09:36.821Z</time>
    <extensions>
        <provider>whs</provider>
    </extensions>
</trkpt>
<trkpt lat="42.42266486240523" lon="77.2786987192525">
    <time>2026-09-05T07:09:37.822Z</time>
    <extensions>
        <provider>whs</provider>
    </extensions>
</trkpt>
<trkpt lat="42.42269276240523" lon="77.2786662192525">
    <time>2026-09-05T07:09:38.824Z</time>
    <extensions>
        <provider>whs</provider>
    </extensions>
</trkpt>
<trkpt lat="42.42272346240523" lon="77.2786361192525">
    <time>2026-09-05T07:09:39.825Z</time>
    <extensions>
        <provider>whs</provider>
    </extensions>
</trkpt>
<trkpt lat="42.42275186240523" lon="77.2786174192525">
    <time>2026-09-05T07:09:40.827Z</time>
    <extensions>
        <provider>whs</provider>
    </extensions>
</trkpt>
<trkpt lat="42.42278246240523" lon="77.27859501925249">
    <time>2026-09-05T07:09:41.830Z</time>
    <extensions>
        <provider>whs</provider>
    </extensions>
</trkpt>
<trkpt lat="42.42281036240523" lon="77.27856871925249">
    <time>2026-09-05T07:09:42.831Z</time>
    <extensions>
        <provider>whs</provider>
    </extensions>
</trkpt>
<trkpt lat="42.42283456240523" lon="77.27854521925249">
    <time>2026-09-05T07:09:43.832Z</time>
    <extensions>
        <provider>whs</provider>
    </extensions>
</trkpt>
<trkpt lat="42.42285806240523" lon="77.27851151925249">
    <time>2026-09-05T07:09:44.835Z</time>
    <extensions>
        <provider>whs</provider>
    </extensions>
</trkpt>
<trkpt lat="42.42288116240523" lon="77.2784765192525">
    <time>2026-09-05T07:09:45.835Z</time>
    <extensions>
        <provider>whs</provider>
    </extensions>
</trkpt>
<trkpt lat="42.42289666240523" lon="77.2784369192525">
    <time>2026-09-05T07:09:46.838Z</time>
    <extensions>
        <provider>whs</provider>
    </extensions>
</trkpt>
<trkpt lat="42.42291636240523" lon="77.27839801925249">
    <time>2026-09-05T07:09:47.839Z</time>
    <extensions>
        <provider>whs</provider>
    </extensions>
</trkpt>
<trkpt lat="42.42294676240523" lon="77.2783613192525">
    <time>2026-09-05T07:09:48.841Z</time>
    <extensions>
        <provider>whs</provider>
    </extensions>
</trkpt>
<trkpt lat="42.42297506240523" lon="77.2783349192525">
    <time>2026-09-05T07:09:49.842Z</time>
    <extensions>
        <provider>whs</provider>
    </extensions>
</trkpt>
<trkpt lat="42.42299986240523" lon="77.2783012192525">
    <time>2026-09-05T07:09:50.844Z</time>
    <extensions>
        <provider>whs</provider>
    </extensions>
</trkpt>
<trkpt lat="42.42302696240523" lon="77.2782720192525">
    <time>2026-09-05T07:09:51.846Z</time>
    <extensions>
        <provider>whs</provider>
    </extensions>
</trkpt>
<trkpt lat="42.42304816240523" lon="77.2782514192525">
    <time>2026-09-05T07:09:52.847Z</time>
    <extensions>
        <provider>whs</provider>
    </extensions>
</trkpt>
<trkpt lat="42.423073962405226" lon="77.27822351925249">
    <time>2026-09-05T07:09:53.850Z</time>
    <extensions>
        <provider>whs</provider>
    </extensions>
</trkpt>
<trkpt lat="42.42309616240523" lon="77.2781913192525">
    <time>2026-09-05T07:09:54.851Z</time>
    <extensions>
        <provider>whs</provider>
    </extensions>
</trkpt>
<trkpt lat="42.42312506240523" lon="77.2781597192525">
    <time>2026-09-05T07:09:55.853Z</time>
    <extensions>
        <provider>whs</provider>
    </extensions>
</trkpt>
<trkpt lat="42.42315836240523" lon="77.2781349192525">
    <time>2026-09-05T07:09:56.855Z</time>
    <extensions>
        <provider>whs</provider>
    </extensions>
</trkpt>
<trkpt lat="42.42318336240523" lon="77.27811201925249">
    <time>2026-09-05T07:09:57.856Z</time>
    <extensions>
        <provider>whs</provider>
    </extensions>
</trkpt>
<trkpt lat="42.42321526240523" lon="77.27808181925249">
    <time>2026-09-05T07:09:58.857Z</time>
    <extensions>
        <provider>whs</provider>
    </extensions>
</trkpt>
<trkpt lat="42.42324506240523" lon="77.27805621925249">
    <time>2026-09-05T07:09:59.859Z</time>
    <extensions>
        <provider>whs</provider>
    </extensions>
</trkpt>
<trkpt lat="42.42326386240523" lon="77.2780345192525">
    <time>2026-09-05T07:10:00.860Z</time>
    <extensions>
        <provider>whs</provider>
    </extensions>
</trkpt>
<trkpt lat="42.42328146240523" lon="77.27801001925249">
    <time>2026-09-05T07:10:01.861Z</time>
    <extensions>
        <provider>whs</provider>
    </extensions>
</trkpt>
<trkpt lat="42.42327616240523" lon="77.2779834192525">
    <time>2026-09-05T07:10:10.875Z</time>
    <extensions>
        <provider>whs</provider>
    </extensions>
</trkpt>
<trkpt lat="42.42329036240523" lon="77.2779452192525">
    <time>2026-09-05T07:10:14.880Z</time>
    <extensions>
        <provider>whs</provider>
    </extensions>
</trkpt>
<trkpt lat="42.42329766240523" lon="77.2779174192525">
    <time>2026-09-05T07:10:17.886Z</time>
    <extensions>
        <provider>whs</provider>
    </extensions>
</trkpt>
<trkpt lat="42.42327926240523" lon="77.2779067192525">
    <time>2026-09-05T07:10:20.891Z</time>
    <extensions>
        <provider>whs</provider>
    </extensions>
</trkpt>
<trkpt lat="42.42328316240523" lon="77.27788001925249">
    <time>2026-09-05T07:10:26.900Z</time>
    <extensions>
        <provider>whs</provider>
    </extensions>
</trkpt>
<trkpt lat="42.42329106240523" lon="77.27790491925249">
    <time>2026-09-05T07:10:28.902Z</time>
    <extensions>
        <provider>whs</provider>
    </extensions>
</trkpt>
<trkpt lat="42.42330296240523" lon="77.2778863192525">
    <time>2026-09-05T07:10:31.906Z</time>
    <extensions>
        <provider>whs</provider>
    </extensions>
</trkpt>
<trkpt lat="42.42332376240523" lon="77.27787261925249">
    <time>2026-09-05T07:10:34.909Z</time>
    <extensions>
        <provider>whs</provider>
    </extensions>
</trkpt>
<trkpt lat="42.423345762405226" lon="77.2778578192525">
    <time>2026-09-05T07:10:36.910Z</time>
    <extensions>
        <provider>whs</provider>
    </extensions>
</trkpt>
<trkpt lat="42.42336286240523" lon="77.2778667192525">
    <time>2026-09-05T07:10:42.917Z</time>
    <extensions>
        <provider>whs</provider>
    </extensions>
</trkpt>
<trkpt lat="42.42336916240523" lon="77.2778409192525">
    <time>2026-09-05T07:10:45.918Z</time>
    <extensions>
        <provider>whs</provider>
    </extensions>
</trkpt>
<trkpt lat="42.42338676240523" lon="77.2778464192525">
    <time>2026-09-05T07:10:49.923Z</time>
    <extensions>
        <provider>whs</provider>
    </extensions>
</trkpt>
<trkpt lat="42.42336326240523" lon="77.2778241192525">
    <time>2026-09-05T07:10:54.930Z</time>
    <extensions>
        <provider>whs</provider>
    </extensions>
</trkpt>
<trkpt lat="42.42334046240523" lon="77.27781371925249">
    <time>2026-09-05T07:10:56.932Z</time>
    <extensions>
        <provider>whs</provider>
    </extensions>
</trkpt>
<trkpt lat="42.42332886240523" lon="77.2777944192525">
    <time>2026-09-05T07:10:58.934Z</time>
    <extensions>
        <provider>whs</provider>
    </extensions>
</trkpt>
<trkpt lat="42.423325062405226" lon="77.2777641192525">
    <time>2026-09-05T07:11:02.929Z</time>
    <extensions>
        <provider>whs</provider>
    </extensions>
</trkpt>
<trkpt lat="42.423325662405226" lon="77.2777251192525">
    <time>2026-09-05T07:11:06.935Z</time>
    <extensions>
        <provider>whs</provider>
    </extensions>
</trkpt>
<trkpt lat="42.42330706240523" lon="77.27769981925249">
    <time>2026-09-05T07:11:11.940Z</time>
    <extensions>
        <provider>whs</provider>
    </extensions>
</trkpt>
<trkpt lat="42.42332406240523" lon="77.2776896192525">
    <time>2026-09-05T07:11:43.981Z</time>
    <extensions>
        <provider>whs</provider>
    </extensions>
</trkpt>
<trkpt lat="42.42333526240523" lon="77.27771511925249">
    <time>2026-09-05T07:12:00.002Z</time>
    <extensions>
        <provider>whs</provider>
    </extensions>
</trkpt>
<trkpt lat="42.42334396240523" lon="77.2776879192525">
    <time>2026-09-05T07:12:19.022Z</time>
    <extensions>
        <provider>whs</provider>
    </extensions>
</trkpt>
<trkpt lat="42.42335906240523" lon="77.2776649192525">
    <time>2026-09-05T07:12:28.031Z</time>
    <extensions>
        <provider>whs</provider>
    </extensions>
</trkpt>
<trkpt lat="42.42334386240523" lon="77.2776508192525">
    <time>2026-09-05T07:12:37.041Z</time>
    <extensions>
        <provider>whs</provider>
    </extensions>
</trkpt>
<trkpt lat="42.42334356240523" lon="77.2776254192525">
    <time>2026-09-05T07:12:43.047Z</time>
    <extensions>
        <provider>whs</provider>
    </extensions>
</trkpt>
<trkpt lat="42.42333586240523" lon="77.2776552192525">
    <time>2026-09-05T07:12:46.051Z</time>
    <extensions>
        <provider>whs</provider>
    </extensions>
</trkpt>
<trkpt lat="42.42330826240523" lon="77.2776624192525">
    <time>2026-09-05T07:13:11.075Z</time>
    <extensions>
        <provider>whs</provider>
    </extensions>
</trkpt>
<trkpt lat="42.423292862405226" lon="77.27764951925249">
    <time>2026-09-05T07:13:19.074Z</time>
    <extensions>
        <provider>whs</provider>
    </extensions>
</trkpt>
<trkpt lat="42.42330976240523" lon="77.2776382192525">
    <time>2026-09-05T07:13:27.082Z</time>
    <extensions>
        <provider>whs</provider>
    </extensions>
</trkpt>
<trkpt lat="42.42333656240523" lon="77.2776312192525">
    <time>2026-09-05T07:13:35.090Z</time>
    <extensions>
        <provider>whs</provider>
    </extensions>
</trkpt>
<trkpt lat="42.42335626240523" lon="77.27765431925249">
    <time>2026-09-05T07:14:01.119Z</time>
    <extensions>
        <provider>whs</provider>
    </extensions>
</trkpt>
<trkpt lat="42.42333816240523" lon="77.2776786192525">
    <time>2026-09-05T07:14:10.129Z</time>
    <extensions>
        <provider>whs</provider>
    </extensions>
</trkpt>
<trkpt lat="42.42331556240523" lon="77.2776778192525">
    <time>2026-09-05T07:14:20.143Z</time>
    <extensions>
        <provider>whs</provider>
    </extensions>
</trkpt>
<trkpt lat="42.42329786240523" lon="77.2776681192525">
    <time>2026-09-05T07:14:27.155Z</time>
    <extensions>
        <provider>whs</provider>
    </extensions>
</trkpt>
<trkpt lat="42.42331966240523" lon="77.27766461925249">
    <time>2026-09-05T07:14:42.176Z</time>
    <extensions>
        <provider>whs</provider>
    </extensions>
</trkpt>
<trkpt lat="42.42330066240523" lon="77.2776717192525">
    <time>2026-09-05T07:15:01.205Z</time>
    <extensions>
        <provider>whs</provider>
    </extensions>
</trkpt>
<trkpt lat="42.42328366240523" lon="77.2776908192525">
    <time>2026-09-05T07:15:03.208Z</time>
    <extensions>
        <provider>whs</provider>
    </extensions>
</trkpt>
<trkpt lat="42.42329246240523" lon="77.2776687192525">
    <time>2026-09-05T07:15:04.209Z</time>
    <extensions>
        <provider>whs</provider>
    </extensions>
</trkpt>
<trkpt lat="42.42330216240523" lon="77.2776376192525">
    <time>2026-09-05T07:15:09.217Z</time>
    <extensions>
        <provider>whs</provider>
    </extensions>
</trkpt>
<trkpt lat="42.42329536240523" lon="77.2776608192525">
    <time>2026-09-05T07:15:23.239Z</time>
    <extensions>
        <provider>whs</provider>
    </extensions>
</trkpt>
<trkpt lat="42.42330246240523" lon="77.2776372192525">
    <time>2026-09-05T07:15:29.247Z</time>
    <extensions>
        <provider>whs</provider>
    </extensions>
</trkpt>
<trkpt lat="42.42328446240523" lon="77.27763661925249">
    <time>2026-09-05T07:15:35.254Z</time>
    <extensions>
        <provider>whs</provider>
    </extensions>
</trkpt>
<trkpt lat="42.42329676240523" lon="77.27766701925249">
    <time>2026-09-05T07:15:38.258Z</time>
    <extensions>
        <provider>whs</provider>
    </extensions>
</trkpt>
<trkpt lat="42.42330576240523" lon="77.2776448192525">
    <time>2026-09-05T07:15:45.268Z</time>
    <extensions>
        <provider>whs</provider>
    </extensions>
</trkpt>
<trkpt lat="42.42329006240523" lon="77.2776616192525">
    <time>2026-09-05T07:15:59.281Z</time>
    <extensions>
        <provider>whs</provider>
    </extensions>
</trkpt>
<trkpt lat="42.42325536240523" lon="77.2776643192525">
    <time>2026-09-05T07:16:00.282Z</time>
    <extensions>
        <provider>whs</provider>
    </extensions>
</trkpt>
<trkpt lat="42.423212562405226" lon="77.27766821925249">
    <time>2026-09-05T07:16:01.284Z</time>
    <extensions>
        <provider>whs</provider>
    </extensions>
</trkpt>
<trkpt lat="42.42318206240523" lon="77.2776626192525">
    <time>2026-09-05T07:16:02.286Z</time>
    <extensions>
        <provider>whs</provider>
    </extensions>
</trkpt>
<trkpt lat="42.42313666240523" lon="77.27766461925249">
    <time>2026-09-05T07:16:03.287Z</time>
    <extensions>
        <provider>whs</provider>
    </extensions>
</trkpt>
<trkpt lat="42.42308666240523" lon="77.2776807192525">
    <time>2026-09-05T07:16:04.289Z</time>
    <extensions>
        <provider>whs</provider>
    </extensions>
</trkpt>
<trkpt lat="42.423042962405226" lon="77.2776941192525">
    <time>2026-09-05T07:16:05.291Z</time>
    <extensions>
        <provider>whs</provider>
    </extensions>
</trkpt>
<trkpt lat="42.42299826240523" lon="77.2777226192525">
    <time>2026-09-05T07:16:06.292Z</time>
    <extensions>
        <provider>whs</provider>
    </extensions>
</trkpt>
<trkpt lat="42.42295316240523" lon="77.2777552192525">
    <time>2026-09-05T07:16:07.293Z</time>
    <extensions>
        <provider>whs</provider>
    </extensions>
</trkpt>
<trkpt lat="42.42292066240523" lon="77.2777975192525">
    <time>2026-09-05T07:16:08.295Z</time>
    <extensions>
        <provider>whs</provider>
    </extensions>
</trkpt>
<trkpt lat="42.42288356240523" lon="77.27783601925249">
    <time>2026-09-05T07:16:09.297Z</time>
    <extensions>
        <provider>whs</provider>
    </extensions>
</trkpt>
<trkpt lat="42.422854462405226" lon="77.2778541192525">
    <time>2026-09-05T07:16:10.298Z</time>
    <extensions>
        <provider>whs</provider>
    </extensions>
</trkpt>
<trkpt lat="42.42281766240523" lon="77.2778753192525">
    <time>2026-09-05T07:16:11.300Z</time>
    <extensions>
        <provider>whs</provider>
    </extensions>
</trkpt>
<trkpt lat="42.42276706240523" lon="77.2778965192525">
    <time>2026-09-05T07:16:12.301Z</time>
    <extensions>
        <provider>whs</provider>
    </extensions>
</trkpt>
<trkpt lat="42.422719462405226" lon="77.2779132192525">
    <time>2026-09-05T07:16:13.302Z</time>
    <extensions>
        <provider>whs</provider>
    </extensions>
</trkpt>
<trkpt lat="42.42267416240523" lon="77.2779244192525">
    <time>2026-09-05T07:16:14.305Z</time>
    <extensions>
        <provider>whs</provider>
    </extensions>
</trkpt>
<trkpt lat="42.42263176240523" lon="77.2779324192525">
    <time>2026-09-05T07:16:15.305Z</time>
    <extensions>
        <provider>whs</provider>
    </extensions>
</trkpt>
<trkpt lat="42.422595462405226" lon="77.2779287192525">
    <time>2026-09-05T07:16:16.308Z</time>
    <extensions>
        <provider>whs</provider>
    </extensions>
</trkpt>
<trkpt lat="42.42255086240523" lon="77.27793101925249">
    <time>2026-09-05T07:16:17.308Z</time>
    <extensions>
        <provider>whs</provider>
    </extensions>
</trkpt>
<trkpt lat="42.42251186240523" lon="77.2779225192525">
    <time>2026-09-05T07:16:18.310Z</time>
    <extensions>
        <provider>whs</provider>
    </extensions>
</trkpt>
<trkpt lat="42.422482962405226" lon="77.27790281925249">
    <time>2026-09-05T07:16:19.312Z</time>
    <extensions>
        <provider>whs</provider>
    </extensions>
</trkpt>
<trkpt lat="42.42244756240523" lon="77.27786091925249">
    <time>2026-09-05T07:16:20.314Z</time>
    <extensions>
        <provider>whs</provider>
    </extensions>
</trkpt>
<trkpt lat="42.42242356240523" lon="77.2778174192525">
    <time>2026-09-05T07:16:21.315Z</time>
    <extensions>
        <provider>whs</provider>
    </extensions>
</trkpt>
<trkpt lat="42.42239866240523" lon="77.2777744192525">
    <time>2026-09-05T07:16:22.317Z</time>
    <extensions>
        <provider>whs</provider>
    </extensions>
</trkpt>
<trkpt lat="42.42238366240523" lon="77.2777250192525">
    <time>2026-09-05T07:16:23.320Z</time>
    <extensions>
        <provider>whs</provider>
    </extensions>
</trkpt>
<trkpt lat="42.42237576240523" lon="77.2776602192525">
    <time>2026-09-05T07:16:24.320Z</time>
    <extensions>
        <provider>whs</provider>
    </extensions>
</trkpt>
<trkpt lat="42.42236626240523" lon="77.27760641925249">
    <time>2026-09-05T07:16:25.322Z</time>
    <extensions>
        <provider>whs</provider>
    </extensions>
</trkpt>
<trkpt lat="42.422377162405226" lon="77.2775479192525">
    <time>2026-09-05T07:16:26.324Z</time>
    <extensions>
        <provider>whs</provider>
    </extensions>
</trkpt>
<trkpt lat="42.422400862405226" lon="77.2774982192525">
    <time>2026-09-05T07:16:27.326Z</time>
    <extensions>
        <provider>whs</provider>
    </extensions>
</trkpt>
<trkpt lat="42.42243236240523" lon="77.27743981925249">
    <time>2026-09-05T07:16:28.327Z</time>
    <extensions>
        <provider>whs</provider>
    </extensions>
</trkpt>
<trkpt lat="42.42246426240523" lon="77.2774112192525">
    <time>2026-09-05T07:16:29.329Z</time>
    <extensions>
        <provider>whs</provider>
    </extensions>
</trkpt>
<trkpt lat="42.42249676240523" lon="77.2774024192525">
    <time>2026-09-05T07:16:30.331Z</time>
    <extensions>
        <provider>whs</provider>
    </extensions>
</trkpt>
<trkpt lat="42.42254056240523" lon="77.2774102192525">
    <time>2026-09-05T07:16:31.332Z</time>
    <extensions>
        <provider>whs</provider>
    </extensions>
</trkpt>
<trkpt lat="42.42257316240523" lon="77.2774509192525">
    <time>2026-09-05T07:16:32.335Z</time>
    <extensions>
        <provider>whs</provider>
    </extensions>
</trkpt>
<trkpt lat="42.422599062405226" lon="77.27750971925249">
    <time>2026-09-05T07:16:33.337Z</time>
    <extensions>
        <provider>whs</provider>
    </extensions>
</trkpt>
<trkpt lat="42.422619762405226" lon="77.2775702192525">
    <time>2026-09-05T07:16:34.338Z</time>
    <extensions>
        <provider>whs</provider>
    </extensions>
</trkpt>
<trkpt lat="42.42262116240523" lon="77.27763611925249">
    <time>2026-09-05T07:16:35.340Z</time>
    <extensions>
        <provider>whs</provider>
    </extensions>
</trkpt>
<trkpt lat="42.422627662405226" lon="77.27769811925249">
    <time>2026-09-05T07:16:36.341Z</time>
    <extensions>
        <provider>whs</provider>
    </extensions>
</trkpt>
<trkpt lat="42.42261926240523" lon="77.2777609192525">
    <time>2026-09-05T07:16:37.343Z</time>
    <extensions>
        <provider>whs</provider>
    </extensions>
</trkpt>
<trkpt lat="42.42261746240523" lon="77.27783911925249">
    <time>2026-09-05T07:16:38.344Z</time>
    <extensions>
        <provider>whs</provider>
    </extensions>
</trkpt>
<trkpt lat="42.42261616240523" lon="77.2779002192525">
    <time>2026-09-05T07:16:39.346Z</time>
    <extensions>
        <provider>whs</provider>
    </extensions>
</trkpt>
<trkpt lat="42.42260356240523" lon="77.2779526192525">
    <time>2026-09-05T07:16:40.347Z</time>
    <extensions>
        <provider>whs</provider>
    </extensions>
</trkpt>
<trkpt lat="42.422605762405226" lon="77.2779936192525">
    <time>2026-09-05T07:16:41.349Z</time>
    <extensions>
        <provider>whs</provider>
    </extensions>
</trkpt>
<trkpt lat="42.42260956240523" lon="77.2780551192525">
    <time>2026-09-05T07:16:42.350Z</time>
    <extensions>
        <provider>whs</provider>
    </extensions>
</trkpt>
<trkpt lat="42.42261596240523" lon="77.2781116192525">
    <time>2026-09-05T07:16:43.351Z</time>
    <extensions>
        <provider>whs</provider>
    </extensions>
</trkpt>
<trkpt lat="42.42261946240523" lon="77.27817471925249">
    <time>2026-09-05T07:16:44.353Z</time>
    <extensions>
        <provider>whs</provider>
    </extensions>
</trkpt>
<trkpt lat="42.42261996240523" lon="77.27822781925249">
    <time>2026-09-05T07:16:45.354Z</time>
    <extensions>
        <provider>whs</provider>
    </extensions>
</trkpt>
<trkpt lat="42.42260586240523" lon="77.2782804192525">
    <time>2026-09-05T07:16:46.355Z</time>
    <extensions>
        <provider>whs</provider>
    </extensions>
</trkpt>
<trkpt lat="42.42260476240523" lon="77.2783222192525">
    <time>2026-09-05T07:16:47.356Z</time>
    <extensions>
        <provider>whs</provider>
    </extensions>
</trkpt>
<trkpt lat="42.42262506240523" lon="77.27837531925249">
    <time>2026-09-05T07:16:48.358Z</time>
    <extensions>
        <provider>whs</provider>
    </extensions>
</trkpt>
<trkpt lat="42.42264826240523" lon="77.2784343192525">
    <time>2026-09-05T07:16:49.359Z</time>
    <extensions>
        <provider>whs</provider>
    </extensions>
</trkpt>
<trkpt lat="42.42266456240523" lon="77.27848231925249">
    <time>2026-09-05T07:16:50.360Z</time>
    <extensions>
        <provider>whs</provider>
    </extensions>
</trkpt>
<trkpt lat="42.42268766240523" lon="77.2785082192525">
    <time>2026-09-05T07:16:51.363Z</time>
    <extensions>
        <provider>whs</provider>
    </extensions>
</trkpt>
<trkpt lat="42.42271996240523" lon="77.2785128192525">
    <time>2026-09-05T07:16:52.363Z</time>
    <extensions>
        <provider>whs</provider>
    </extensions>
</trkpt>
<trkpt lat="42.42274966240523" lon="77.2785001192525">
    <time>2026-09-05T07:16:53.364Z</time>
    <extensions>
        <provider>whs</provider>
    </extensions>
</trkpt>
<trkpt lat="42.42278396240523" lon="77.2784670192525">
    <time>2026-09-05T07:16:54.365Z</time>
    <extensions>
        <provider>whs</provider>
    </extensions>
</trkpt>
<trkpt lat="42.42281396240523" lon="77.27843321925249">
    <time>2026-09-05T07:16:55.366Z</time>
    <extensions>
        <provider>whs</provider>
    </extensions>
</trkpt>
<trkpt lat="42.42282986240523" lon="77.2783984192525">
    <time>2026-09-05T07:16:56.367Z</time>
    <extensions>
        <provider>whs</provider>
    </extensions>
</trkpt>
<trkpt lat="42.42284016240523" lon="77.2783519192525">
    <time>2026-09-05T07:16:57.368Z</time>
    <extensions>
        <provider>whs</provider>
    </extensions>
</trkpt>
<trkpt lat="42.42285126240523" lon="77.2783027192525">
    <time>2026-09-05T07:16:58.370Z</time>
    <extensions>
        <provider>whs</provider>
    </extensions>
</trkpt>
<trkpt lat="42.42285666240523" lon="77.2782548192525">
    <time>2026-09-05T07:16:59.372Z</time>
    <extensions>
        <provider>whs</provider>
    </extensions>
</trkpt>
<trkpt lat="42.42286686240523" lon="77.2782002192525">
    <time>2026-09-05T07:17:00.373Z</time>
    <extensions>
        <provider>whs</provider>
    </extensions>
</trkpt>
<trkpt lat="42.422891562405226" lon="77.2781575192525">
    <time>2026-09-05T07:17:01.375Z</time>
    <extensions>
        <provider>whs</provider>
    </extensions>
</trkpt>
<trkpt lat="42.42290136240523" lon="77.2781128192525">
    <time>2026-09-05T07:17:02.376Z</time>
    <extensions>
        <provider>whs</provider>
    </extensions>
</trkpt>
<trkpt lat="42.422900062405226" lon="77.2780633192525">
    <time>2026-09-05T07:17:03.377Z</time>
    <extensions>
        <provider>whs</provider>
    </extensions>
</trkpt>
<trkpt lat="42.42290266240523" lon="77.2780068192525">
    <time>2026-09-05T07:17:04.378Z</time>
    <extensions>
        <provider>whs</provider>
    </extensions>
</trkpt>
<trkpt lat="42.42290046240523" lon="77.27795641925249">
    <time>2026-09-05T07:17:05.379Z</time>
    <extensions>
        <provider>whs</provider>
    </extensions>
</trkpt>
<trkpt lat="42.42289476240523" lon="77.2779148192525">
    <time>2026-09-05T07:17:06.380Z</time>
    <extensions>
        <provider>whs</provider>
    </extensions>
</trkpt>
<trkpt lat="42.42288656240523" lon="77.2778692192525">
    <time>2026-09-05T07:17:07.381Z</time>
    <extensions>
        <provider>whs</provider>
    </extensions>
</trkpt>
<trkpt lat="42.42287546240523" lon="77.27782041925249">
    <time>2026-09-05T07:17:08.382Z</time>
    <extensions>
        <provider>whs</provider>
    </extensions>
</trkpt>
<trkpt lat="42.42288916240523" lon="77.2777765192525">
    <time>2026-09-05T07:17:09.384Z</time>
    <extensions>
        <provider>whs</provider>
    </extensions>
</trkpt>
<trkpt lat="42.42288646240523" lon="77.2777106192525">
    <time>2026-09-05T07:17:10.385Z</time>
    <extensions>
        <provider>whs</provider>
    </extensions>
</trkpt>
<trkpt lat="42.422883662405226" lon="77.27765071925249">
    <time>2026-09-05T07:17:11.386Z</time>
    <extensions>
        <provider>whs</provider>
    </extensions>
</trkpt>
<trkpt lat="42.42288966240523" lon="77.2776047192525">
    <time>2026-09-05T07:17:12.387Z</time>
    <extensions>
        <provider>whs</provider>
    </extensions>
</trkpt>
<trkpt lat="42.42288386240523" lon="77.2775625192525">
    <time>2026-09-05T07:17:13.389Z</time>
    <extensions>
        <provider>whs</provider>
    </extensions>
</trkpt>
<trkpt lat="42.42288656240523" lon="77.27751691925249">
    <time>2026-09-05T07:17:14.391Z</time>
    <extensions>
        <provider>whs</provider>
    </extensions>
</trkpt>
<trkpt lat="42.42289376240523" lon="77.27747501925249">
    <time>2026-09-05T07:17:15.392Z</time>
    <extensions>
        <provider>whs</provider>
    </extensions>
</trkpt>
<trkpt lat="42.42291096240523" lon="77.2774460192525">
    <time>2026-09-05T07:17:16.394Z</time>
    <extensions>
        <provider>whs</provider>
    </extensions>
</trkpt>
<trkpt lat="42.42294316240523" lon="77.2774230192525">
    <time>2026-09-05T07:17:17.395Z</time>
    <extensions>
        <provider>whs</provider>
    </extensions>
</trkpt>
<trkpt lat="42.42299326240523" lon="77.2774318192525">
    <time>2026-09-05T07:17:18.396Z</time>
    <extensions>
        <provider>whs</provider>
    </extensions>
</trkpt>
<trkpt lat="42.42303266240523" lon="77.2774776192525">
    <time>2026-09-05T07:17:19.398Z</time>
    <extensions>
        <provider>whs</provider>
    </extensions>
</trkpt>
<trkpt lat="42.42305896240523" lon="77.2775196192525">
    <time>2026-09-05T07:17:20.399Z</time>
    <extensions>
        <provider>whs</provider>
    </extensions>
</trkpt>
<trkpt lat="42.423073962405226" lon="77.2775652192525">
    <time>2026-09-05T07:17:21.401Z</time>
    <extensions>
        <provider>whs</provider>
    </extensions>
</trkpt>
<trkpt lat="42.42308236240523" lon="77.27761481925249">
    <time>2026-09-05T07:17:22.401Z</time>
    <extensions>
        <provider>whs</provider>
    </extensions>
</trkpt>
<trkpt lat="42.42308036240523" lon="77.27767061925249">
    <time>2026-09-05T07:17:23.403Z</time>
    <extensions>
        <provider>whs</provider>
    </extensions>
</trkpt>
<trkpt lat="42.42307126240523" lon="77.27772471925249">
    <time>2026-09-05T07:17:24.405Z</time>
    <extensions>
        <provider>whs</provider>
    </extensions>
</trkpt>
<trkpt lat="42.42305736240523" lon="77.2777780192525">
    <time>2026-09-05T07:17:25.407Z</time>
    <extensions>
        <provider>whs</provider>
    </extensions>
</trkpt>
<trkpt lat="42.42303966240523" lon="77.2778341192525">
    <time>2026-09-05T07:17:26.408Z</time>
    <extensions>
        <provider>whs</provider>
    </extensions>
</trkpt>
<trkpt lat="42.42301876240523" lon="77.27788031925249">
    <time>2026-09-05T07:17:27.410Z</time>
    <extensions>
        <provider>whs</provider>
    </extensions>
</trkpt>
<trkpt lat="42.422998562405226" lon="77.2779390192525">
    <time>2026-09-05T07:17:28.411Z</time>
    <extensions>
        <provider>whs</provider>
    </extensions>
</trkpt>
<trkpt lat="42.42297956240523" lon="77.2779800192525">
    <time>2026-09-05T07:17:29.414Z</time>
    <extensions>
        <provider>whs</provider>
    </extensions>
</trkpt>
<trkpt lat="42.42295146240523" lon="77.2780127192525">
    <time>2026-09-05T07:17:30.414Z</time>
    <extensions>
        <provider>whs</provider>
    </extensions>
</trkpt>
<trkpt lat="42.42291906240523" lon="77.2780331192525">
    <time>2026-09-05T07:17:31.415Z</time>
    <extensions>
        <provider>whs</provider>
    </extensions>
</trkpt>
<trkpt lat="42.42287956240523" lon="77.2780553192525">
    <time>2026-09-05T07:17:32.416Z</time>
    <extensions>
        <provider>whs</provider>
    </extensions>
</trkpt>
<trkpt lat="42.42284336240523" lon="77.2780602192525">
    <time>2026-09-05T07:17:33.417Z</time>
    <extensions>
        <provider>whs</provider>
    </extensions>
</trkpt>
<trkpt lat="42.42280916240523" lon="77.2780426192525">
    <time>2026-09-05T07:17:34.420Z</time>
    <extensions>
        <provider>whs</provider>
    </extensions>
</trkpt>
<trkpt lat="42.42277326240523" lon="77.27800401925249">
    <time>2026-09-05T07:17:35.420Z</time>
    <extensions>
        <provider>whs</provider>
    </extensions>
</trkpt>
<trkpt lat="42.42275976240523" lon="77.2779587192525">
    <time>2026-09-05T07:17:36.421Z</time>
    <extensions>
        <provider>whs</provider>
    </extensions>
</trkpt>
<trkpt lat="42.42275236240523" lon="77.27790661925249">
    <time>2026-09-05T07:17:37.423Z</time>
    <extensions>
        <provider>whs</provider>
    </extensions>
</trkpt>
<trkpt lat="42.42275496240523" lon="77.27785421925249">
    <time>2026-09-05T07:17:38.424Z</time>
    <extensions>
        <provider>whs</provider>
    </extensions>
</trkpt>
<trkpt lat="42.42276856240523" lon="77.2777939192525">
    <time>2026-09-05T07:17:39.426Z</time>
    <extensions>
        <provider>whs</provider>
    </extensions>
</trkpt>
<trkpt lat="42.42280536240523" lon="77.27776081925249">
    <time>2026-09-05T07:17:40.427Z</time>
    <extensions>
        <provider>whs</provider>
    </extensions>
</trkpt>
<trkpt lat="42.42284036240523" lon="77.27774481925249">
    <time>2026-09-05T07:17:41.429Z</time>
    <extensions>
        <provider>whs</provider>
    </extensions>
</trkpt>
<trkpt lat="42.42287796240523" lon="77.27774791925249">
    <time>2026-09-05T07:17:42.431Z</time>
    <extensions>
        <provider>whs</provider>
    </extensions>
</trkpt>
<trkpt lat="42.42291076240523" lon="77.2777425192525">
    <time>2026-09-05T07:17:43.432Z</time>
    <extensions>
        <provider>whs</provider>
    </extensions>
</trkpt>
<trkpt lat="42.42294366240523" lon="77.2777402192525">
    <time>2026-09-05T07:17:44.432Z</time>
    <extensions>
        <provider>whs</provider>
    </extensions>
</trkpt>
<trkpt lat="42.42297976240523" lon="77.2777482192525">
    <time>2026-09-05T07:17:45.434Z</time>
    <extensions>
        <provider>whs</provider>
    </extensions>
</trkpt>
<trkpt lat="42.42301426240523" lon="77.2777548192525">
    <time>2026-09-05T07:17:46.435Z</time>
    <extensions>
        <provider>whs</provider>
    </extensions>
</trkpt>
<trkpt lat="42.42303056240523" lon="77.2777891192525">
    <time>2026-09-05T07:17:47.436Z</time>
    <extensions>
        <provider>whs</provider>
    </extensions>
</trkpt>
<trkpt lat="42.42304126240523" lon="77.2778304192525">
    <time>2026-09-05T07:17:48.438Z</time>
    <extensions>
        <provider>whs</provider>
    </extensions>
</trkpt>
<trkpt lat="42.42306266240523" lon="77.2778894192525">
    <time>2026-09-05T07:17:49.439Z</time>
    <extensions>
        <provider>whs</provider>
    </extensions>
</trkpt>
<trkpt lat="42.423057562405226" lon="77.2779426192525">
    <time>2026-09-05T07:17:50.441Z</time>
    <extensions>
        <provider>whs</provider>
    </extensions>
</trkpt>
<trkpt lat="42.42306536240523" lon="77.27798681925249">
    <time>2026-09-05T07:17:51.442Z</time>
    <extensions>
        <provider>whs</provider>
    </extensions>
</trkpt>
<trkpt lat="42.42307786240523" lon="77.2780135192525">
    <time>2026-09-05T07:17:52.444Z</time>
    <extensions>
        <provider>whs</provider>
    </extensions>
</trkpt>
<trkpt lat="42.42310156240523" lon="77.27802151925249">
    <time>2026-09-05T07:17:54.448Z</time>
    <extensions>
        <provider>whs</provider>
    </extensions>
</trkpt>
<trkpt lat="42.42310256240523" lon="77.2779852192525">
    <time>2026-09-05T07:17:57.452Z</time>
    <extensions>
        <provider>whs</provider>
    </extensions>
</trkpt>
<trkpt lat="42.42312086240523" lon="77.2779862192525">
    <time>2026-09-05T07:17:59.456Z</time>
    <extensions>
        <provider>whs</provider>
    </extensions>
</trkpt>
<trkpt lat="42.42314076240523" lon="77.27798081925249">
    <time>2026-09-05T07:18:09.472Z</time>
    <extensions>
        <provider>whs</provider>
    </extensions>
</trkpt>
<trkpt lat="42.42315806240523" lon="77.2779900192525">
    <time>2026-09-05T07:18:14.478Z</time>
    <extensions>
        <provider>whs</provider>
    </extensions>
</trkpt>
<trkpt lat="42.42317076240523" lon="77.27796621925249">
    <time>2026-09-05T07:18:32.500Z</time>
    <extensions>
        <provider>whs</provider>
    </extensions>
</trkpt>
<trkpt lat="42.42318466240523" lon="77.2779491192525">
    <time>2026-09-05T07:18:34.502Z</time>
    <extensions>
        <provider>whs</provider>
    </extensions>
</trkpt>
<trkpt lat="42.42320516240523" lon="77.27792051925249">
    <time>2026-09-05T07:18:45.519Z</time>
    <extensions>
        <provider>whs</provider>
    </extensions>
</trkpt>
<trkpt lat="42.42321296240523" lon="77.27788891925249">
    <time>2026-09-05T07:18:49.525Z</time>
    <extensions>
        <provider>whs</provider>
    </extensions>
</trkpt>
<trkpt lat="42.42323306240523" lon="77.2778820192525">
    <time>2026-09-05T07:18:55.534Z</time>
    <extensions>
        <provider>whs</provider>
    </extensions>
</trkpt>
<trkpt lat="42.42325386240523" lon="77.2778706192525">
    <time>2026-09-05T07:18:56.538Z</time>
    <extensions>
        <provider>whs</provider>
    </extensions>
</trkpt>
<trkpt lat="42.42328026240523" lon="77.2778778192525">
    <time>2026-09-05T07:19:00.544Z</time>
    <extensions>
        <provider>whs</provider>
    </extensions>
</trkpt>
<trkpt lat="42.42329846240523" lon="77.2778827192525">
    <time>2026-09-05T07:19:06.553Z</time>
    <extensions>
        <provider>whs</provider>
    </extensions>
</trkpt>
<trkpt lat="42.42332696240523" lon="77.2778591192525">
    <time>2026-09-05T07:19:12.562Z</time>
    <extensions>
        <provider>whs</provider>
    </extensions>
</trkpt>
<trkpt lat="42.42334116240523" lon="77.2778359192525">
    <time>2026-09-05T07:19:14.564Z</time>
    <extensions>
        <provider>whs</provider>
    </extensions>
</trkpt>
<trkpt lat="42.42336356240523" lon="77.2778146192525">
    <time>2026-09-05T07:19:18.569Z</time>
    <extensions>
        <provider>whs</provider>
    </extensions>
</trkpt>
<trkpt lat="42.42336806240523" lon="77.27778881925249">
    <time>2026-09-05T07:19:22.575Z</time>
    <extensions>
        <provider>whs</provider>
    </extensions>
</trkpt>
<trkpt lat="42.42335956240523" lon="77.2777621192525">
    <time>2026-09-05T07:19:24.578Z</time>
    <extensions>
        <provider>whs</provider>
    </extensions>
</trkpt>
<trkpt lat="42.42335206240523" lon="77.2777353192525">
    <time>2026-09-05T07:19:29.584Z</time>
    <extensions>
        <provider>whs</provider>
    </extensions>
</trkpt>
<trkpt lat="42.42335796240523" lon="77.2776982192525">
    <time>2026-09-05T07:19:33.591Z</time>
    <extensions>
        <provider>whs</provider>
    </extensions>
</trkpt>
<trkpt lat="42.42335136240523" lon="77.27767181925249">
    <time>2026-09-05T07:19:36.596Z</time>
    <extensions>
        <provider>whs</provider>
    </extensions>
</trkpt>
<trkpt lat="42.42333306240523" lon="77.2776460192525">
    <time>2026-09-05T07:19:39.601Z</time>
    <extensions>
        <provider>whs</provider>
    </extensions>
</trkpt>
<trkpt lat="42.42331926240523" lon="77.2776272192525">
    <time>2026-09-05T07:19:54.624Z</time>
    <extensions>
        <provider>whs</provider>
    </extensions>
</trkpt>
<trkpt lat="42.42331876240523" lon="77.2776728192525">
    <time>2026-09-05T07:20:49.694Z</time>
    <extensions>
        <provider>whs</provider>
    </extensions>
</trkpt>
<trkpt lat="42.42333556240523" lon="77.2776900192525">
    <time>2026-09-05T07:20:51.697Z</time>
    <extensions>
        <provider>whs</provider>
    </extensions>
</trkpt>
<trkpt lat="42.42331846240523" lon="77.2776693192525">
    <time>2026-09-05T07:21:50.788Z</time>
    <extensions>
        <provider>whs</provider>
    </extensions>
</trkpt>
<trkpt lat="42.42333256240523" lon="77.2776949192525">
    <time>2026-09-05T07:22:10.823Z</time>
    <extensions>
        <provider>whs</provider>
    </extensions>
</trkpt>
<trkpt lat="42.42333026240523" lon="77.2776666192525">
    <time>2026-09-05T07:22:25.843Z</time>
    <extensions>
        <provider>whs</provider>
    </extensions>
</trkpt>
<trkpt lat="42.423346362405226" lon="77.2776862192525">
    <time>2026-09-05T07:22:34.854Z</time>
    <extensions>
        <provider>whs</provider>
    </extensions>
</trkpt>
<trkpt lat="42.42332256240523" lon="77.2776755192525">
    <time>2026-09-05T07:22:53.883Z</time>
    <extensions>
        <provider>whs</provider>
    </extensions>
</trkpt>
<trkpt lat="42.42332976240523" lon="77.2776517192525">
    <time>2026-09-05T07:23:05.904Z</time>
    <extensions>
        <provider>whs</provider>
    </extensions>
</trkpt>
<trkpt lat="42.42333086240523" lon="77.2776138192525">
    <time>2026-09-05T07:23:09.910Z</time>
    <extensions>
        <provider>whs</provider>
    </extensions>
</trkpt>
<trkpt lat="42.42332696240523" lon="77.27763971925249">
    <time>2026-09-05T07:23:16.920Z</time>
    <extensions>
        <provider>whs</provider>
    </extensions>
</trkpt>
<trkpt lat="42.42330306240523" lon="77.2776389192525">
    <time>2026-09-05T07:23:55.978Z</time>
    <extensions>
        <provider>whs</provider>
    </extensions>
</trkpt>
<trkpt lat="42.42327996240523" lon="77.2776423192525">
    <time>2026-09-05T07:23:56.980Z</time>
    <extensions>
        <provider>whs</provider>
    </extensions>
</trkpt>
<trkpt lat="42.42326066240523" lon="77.27766221925249">
    <time>2026-09-05T07:24:04.993Z</time>
    <extensions>
        <provider>whs</provider>
    </extensions>
</trkpt>
<trkpt lat="42.42325016240523" lon="77.2776877192525">
    <time>2026-09-05T07:24:07.998Z</time>
    <extensions>
        <provider>whs</provider>
    </extensions>
</trkpt>
<trkpt lat="42.42326136240523" lon="77.2776661192525">
    <time>2026-09-05T07:24:11.003Z</time>
    <extensions>
        <provider>whs</provider>
    </extensions>
</trkpt>
<trkpt lat="42.42327736240523" lon="77.27768781925249">
    <time>2026-09-05T07:24:14.007Z</time>
    <extensions>
        <provider>whs</provider>
    </extensions>
</trkpt>
<trkpt lat="42.42329556240523" lon="77.2776788192525">
    <time>2026-09-05T07:24:21.017Z</time>
    <extensions>
        <provider>whs</provider>
    </extensions>
</trkpt>
<trkpt lat="42.42326056240523" lon="77.27768641925249">
    <time>2026-09-05T07:24:31.030Z</time>
    <extensions>
        <provider>whs</provider>
    </extensions>
</trkpt>
<trkpt lat="42.42322666240523" lon="77.2776970192525">
    <time>2026-09-05T07:24:32.032Z</time>
    <extensions>
        <provider>whs</provider>
    </extensions>
</trkpt>
<trkpt lat="42.42319096240523" lon="77.2777133192525">
    <time>2026-09-05T07:24:33.034Z</time>
    <extensions>
        <provider>whs</provider>
    </extensions>
</trkpt>
<trkpt lat="42.42314236240523" lon="77.2777112192525">
    <time>2026-09-05T07:24:34.036Z</time>
    <extensions>
        <provider>whs</provider>
    </extensions>
</trkpt>
<trkpt lat="42.42310046240523" lon="77.2777138192525">
    <time>2026-09-05T07:24:35.036Z</time>
    <extensions>
        <provider>whs</provider>
    </extensions>
</trkpt>
<trkpt lat="42.42306156240523" lon="77.2777283192525">
    <time>2026-09-05T07:24:36.037Z</time>
    <extensions>
        <provider>whs</provider>
    </extensions>
</trkpt>
<trkpt lat="42.42303476240523" lon="77.2777677192525">
    <time>2026-09-05T07:24:37.039Z</time>
    <extensions>
        <provider>whs</provider>
    </extensions>
</trkpt>
<trkpt lat="42.42300176240523" lon="77.27778861925249">
    <time>2026-09-05T07:24:38.040Z</time>
    <extensions>
        <provider>whs</provider>
    </extensions>
</trkpt>
<trkpt lat="42.42297816240523" lon="77.2778097192525">
    <time>2026-09-05T07:24:39.041Z</time>
    <extensions>
        <provider>whs</provider>
    </extensions>
</trkpt>
<trkpt lat="42.42294826240523" lon="77.2778354192525">
    <time>2026-09-05T07:24:40.042Z</time>
    <extensions>
        <provider>whs</provider>
    </extensions>
</trkpt>
<trkpt lat="42.42291916240523" lon="77.27786231925249">
    <time>2026-09-05T07:24:41.044Z</time>
    <extensions>
        <provider>whs</provider>
    </extensions>
</trkpt>
<trkpt lat="42.42288206240523" lon="77.2778833192525">
    <time>2026-09-05T07:24:42.045Z</time>
    <extensions>
        <provider>whs</provider>
    </extensions>
</trkpt>
<trkpt lat="42.422833162405226" lon="77.2779168192525">
    <time>2026-09-05T07:24:43.046Z</time>
    <extensions>
        <provider>whs</provider>
    </extensions>
</trkpt>
<trkpt lat="42.42279126240523" lon="77.27796191925249">
    <time>2026-09-05T07:24:44.047Z</time>
    <extensions>
        <provider>whs</provider>
    </extensions>
</trkpt>
<trkpt lat="42.42276886240523" lon="77.27800501925249">
    <time>2026-09-05T07:24:45.049Z</time>
    <extensions>
        <provider>whs</provider>
    </extensions>
</trkpt>
<trkpt lat="42.422740162405226" lon="77.2780406192525">
    <time>2026-09-05T07:24:46.050Z</time>
    <extensions>
        <provider>whs</provider>
    </extensions>
</trkpt>
<trkpt lat="42.42272096240523" lon="77.2780821192525">
    <time>2026-09-05T07:24:47.051Z</time>
    <extensions>
        <provider>whs</provider>
    </extensions>
</trkpt>
<trkpt lat="42.422693962405226" lon="77.2781301192525">
    <time>2026-09-05T07:24:48.053Z</time>
    <extensions>
        <provider>whs</provider>
    </extensions>
</trkpt>
<trkpt lat="42.42266606240523" lon="77.2781587192525">
    <time>2026-09-05T07:24:49.055Z</time>
    <extensions>
        <provider>whs</provider>
    </extensions>
</trkpt>
<trkpt lat="42.42264076240523" lon="77.2781903192525">
    <time>2026-09-05T07:24:50.055Z</time>
    <extensions>
        <provider>whs</provider>
    </extensions>
</trkpt>
<trkpt lat="42.42260736240523" lon="77.2782242192525">
    <time>2026-09-05T07:24:51.056Z</time>
    <extensions>
        <provider>whs</provider>
    </extensions>
</trkpt>
<trkpt lat="42.42257956240523" lon="77.2782701192525">
    <time>2026-09-05T07:24:52.058Z</time>
    <extensions>
        <provider>whs</provider>
    </extensions>
</trkpt>
<trkpt lat="42.42256326240523" lon="77.2783115192525">
    <time>2026-09-05T07:24:53.059Z</time>
    <extensions>
        <provider>whs</provider>
    </extensions>
</trkpt>
<trkpt lat="42.42254206240523" lon="77.27837051925249">
    <time>2026-09-05T07:24:54.062Z</time>
    <extensions>
        <provider>whs</provider>
    </extensions>
</trkpt>
<trkpt lat="42.42254106240523" lon="77.2784134192525">
    <time>2026-09-05T07:24:55.062Z</time>
    <extensions>
        <provider>whs</provider>
    </extensions>
</trkpt>
<trkpt lat="42.422551062405226" lon="77.27846911925249">
    <time>2026-09-05T07:24:56.063Z</time>
    <extensions>
        <provider>whs</provider>
    </extensions>
</trkpt>
<trkpt lat="42.42258166240523" lon="77.2785326192525">
    <time>2026-09-05T07:24:57.065Z</time>
    <extensions>
        <provider>whs</provider>
    </extensions>
</trkpt>
<trkpt lat="42.42262026240523" lon="77.2785794192525">
    <time>2026-09-05T07:24:58.066Z</time>
    <extensions>
        <provider>whs</provider>
    </extensions>
</trkpt>
<trkpt lat="42.42266226240523" lon="77.27861061925249">
    <time>2026-09-05T07:24:59.067Z</time>
    <extensions>
        <provider>whs</provider>
    </extensions>
</trkpt>
<trkpt lat="42.42269776240523" lon="77.2786170192525">
    <time>2026-09-05T07:25:00.069Z</time>
    <extensions>
        <provider>whs</provider>
    </extensions>
</trkpt>
<trkpt lat="42.42273916240523" lon="77.2785977192525">
    <time>2026-09-05T07:25:01.071Z</time>
    <extensions>
        <provider>whs</provider>
    </extensions>
</trkpt>
<trkpt lat="42.42276906240523" lon="77.2785648192525">
    <time>2026-09-05T07:25:02.074Z</time>
    <extensions>
        <provider>whs</provider>
    </extensions>
</trkpt>
<trkpt lat="42.42279056240523" lon="77.2785325192525">
    <time>2026-09-05T07:25:03.075Z</time>
    <extensions>
        <provider>whs</provider>
    </extensions>
</trkpt>
<trkpt lat="42.42281456240523" lon="77.2784922192525">
    <time>2026-09-05T07:25:04.076Z</time>
    <extensions>
        <provider>whs</provider>
    </extensions>
</trkpt>
<trkpt lat="42.42284076240523" lon="77.2784544192525">
    <time>2026-09-05T07:25:05.078Z</time>
    <extensions>
        <provider>whs</provider>
    </extensions>
</trkpt>
<trkpt lat="42.42285246240523" lon="77.2784115192525">
    <time>2026-09-05T07:25:06.079Z</time>
    <extensions>
        <provider>whs</provider>
    </extensions>
</trkpt>
<trkpt lat="42.42286126240523" lon="77.27836381925249">
    <time>2026-09-05T07:25:07.082Z</time>
    <extensions>
        <provider>whs</provider>
    </extensions>
</trkpt>
<trkpt lat="42.42286096240523" lon="77.2783062192525">
    <time>2026-09-05T07:25:08.082Z</time>
    <extensions>
        <provider>whs</provider>
    </extensions>
</trkpt>
<trkpt lat="42.422862362405226" lon="77.27825371925249">
    <time>2026-09-05T07:25:09.083Z</time>
    <extensions>
        <provider>whs</provider>
    </extensions>
</trkpt>
<trkpt lat="42.42285346240523" lon="77.2781970192525">
    <time>2026-09-05T07:25:10.085Z</time>
    <extensions>
        <provider>whs</provider>
    </extensions>
</trkpt>
<trkpt lat="42.42285596240523" lon="77.2781406192525">
    <time>2026-09-05T07:25:11.086Z</time>
    <extensions>
        <provider>whs</provider>
    </extensions>
</trkpt>
<trkpt lat="42.42285616240523" lon="77.2780918192525">
    <time>2026-09-05T07:25:12.089Z</time>
    <extensions>
        <provider>whs</provider>
    </extensions>
</trkpt>
<trkpt lat="42.42286016240523" lon="77.2780236192525">
    <time>2026-09-05T07:25:13.080Z</time>
    <extensions>
        <provider>whs</provider>
    </extensions>
</trkpt>
<trkpt lat="42.42285936240523" lon="77.2779818192525">
    <time>2026-09-05T07:25:14.081Z</time>
    <extensions>
        <provider>whs</provider>
    </extensions>
</trkpt>
<trkpt lat="42.422849562405226" lon="77.27793031925249">
    <time>2026-09-05T07:25:15.083Z</time>
    <extensions>
        <provider>whs</provider>
    </extensions>
</trkpt>
<trkpt lat="42.42285246240523" lon="77.2778734192525">
    <time>2026-09-05T07:25:16.085Z</time>
    <extensions>
        <provider>whs</provider>
    </extensions>
</trkpt>
<trkpt lat="42.42285646240523" lon="77.2778297192525">
    <time>2026-09-05T07:25:17.087Z</time>
    <extensions>
        <provider>whs</provider>
    </extensions>
</trkpt>
<trkpt lat="42.42285676240523" lon="77.2777909192525">
    <time>2026-09-05T07:25:18.089Z</time>
    <extensions>
        <provider>whs</provider>
    </extensions>
</trkpt>
<trkpt lat="42.42284496240523" lon="77.2777568192525">
    <time>2026-09-05T07:25:19.089Z</time>
    <extensions>
        <provider>whs</provider>
    </extensions>
</trkpt>
<trkpt lat="42.42283526240523" lon="77.2777107192525">
    <time>2026-09-05T07:25:20.091Z</time>
    <extensions>
        <provider>whs</provider>
    </extensions>
</trkpt>
<trkpt lat="42.422830162405226" lon="77.2776613192525">
    <time>2026-09-05T07:25:21.092Z</time>
    <extensions>
        <provider>whs</provider>
    </extensions>
</trkpt>
<trkpt lat="42.422802162405226" lon="77.27761551925249">
    <time>2026-09-05T07:25:22.094Z</time>
    <extensions>
        <provider>whs</provider>
    </extensions>
</trkpt>
<trkpt lat="42.42277876240523" lon="77.2775774192525">
    <time>2026-09-05T07:25:23.096Z</time>
    <extensions>
        <provider>whs</provider>
    </extensions>
</trkpt>
<trkpt lat="42.42275686240523" lon="77.2775364192525">
    <time>2026-09-05T07:25:24.096Z</time>
    <extensions>
        <provider>whs</provider>
    </extensions>
</trkpt>
<trkpt lat="42.42272596240523" lon="77.2775005192525">
    <time>2026-09-05T07:25:25.098Z</time>
    <extensions>
        <provider>whs</provider>
    </extensions>
</trkpt>
<trkpt lat="42.42269686240523" lon="77.2774694192525">
    <time>2026-09-05T07:25:26.099Z</time>
    <extensions>
        <provider>whs</provider>
    </extensions>
</trkpt>
<trkpt lat="42.42265816240523" lon="77.27746091925249">
    <time>2026-09-05T07:25:27.100Z</time>
    <extensions>
        <provider>whs</provider>
    </extensions>
</trkpt>
<trkpt lat="42.42261806240523" lon="77.27749061925249">
    <time>2026-09-05T07:25:28.101Z</time>
    <extensions>
        <provider>whs</provider>
    </extensions>
</trkpt>
<trkpt lat="42.422591162405226" lon="77.2775214192525">
    <time>2026-09-05T07:25:29.102Z</time>
    <extensions>
        <provider>whs</provider>
    </extensions>
</trkpt>
<trkpt lat="42.42257276240523" lon="77.2775664192525">
    <time>2026-09-05T07:25:30.104Z</time>
    <extensions>
        <provider>whs</provider>
    </extensions>
</trkpt>
<trkpt lat="42.422561362405226" lon="77.27762991925249">
    <time>2026-09-05T07:25:31.105Z</time>
    <extensions>
        <provider>whs</provider>
    </extensions>
</trkpt>
<trkpt lat="42.42255846240523" lon="77.2776846192525">
    <time>2026-09-05T07:25:32.105Z</time>
    <extensions>
        <provider>whs</provider>
    </extensions>
</trkpt>
<trkpt lat="42.42256426240523" lon="77.2777231192525">
    <time>2026-09-05T07:25:33.106Z</time>
    <extensions>
        <provider>whs</provider>
    </extensions>
</trkpt>
<trkpt lat="42.42256546240523" lon="77.2777813192525">
    <time>2026-09-05T07:25:34.107Z</time>
    <extensions>
        <provider>whs</provider>
    </extensions>
</trkpt>
<trkpt lat="42.42257006240523" lon="77.2778388192525">
    <time>2026-09-05T07:25:35.108Z</time>
    <extensions>
        <provider>whs</provider>
    </extensions>
</trkpt>
<trkpt lat="42.42256276240523" lon="77.2778918192525">
    <time>2026-09-05T07:25:36.109Z</time>
    <extensions>
        <provider>whs</provider>
    </extensions>
</trkpt>
<trkpt lat="42.42256266240523" lon="77.2779463192525">
    <time>2026-09-05T07:25:37.111Z</time>
    <extensions>
        <provider>whs</provider>
    </extensions>
</trkpt>
<trkpt lat="42.42256496240523" lon="77.27799251925249">
    <time>2026-09-05T07:25:38.111Z</time>
    <extensions>
        <provider>whs</provider>
    </extensions>
</trkpt>
<trkpt lat="42.42257916240523" lon="77.2780297192525">
    <time>2026-09-05T07:25:39.112Z</time>
    <extensions>
        <provider>whs</provider>
    </extensions>
</trkpt>
<trkpt lat="42.422599062405226" lon="77.2780666192525">
    <time>2026-09-05T07:25:40.114Z</time>
    <extensions>
        <provider>whs</provider>
    </extensions>
</trkpt>
<trkpt lat="42.422627062405226" lon="77.2781277192525">
    <time>2026-09-05T07:25:41.115Z</time>
    <extensions>
        <provider>whs</provider>
    </extensions>
</trkpt>
<trkpt lat="42.42264626240523" lon="77.27817731925249">
    <time>2026-09-05T07:25:42.115Z</time>
    <extensions>
        <provider>whs</provider>
    </extensions>
</trkpt>
<trkpt lat="42.42265506240523" lon="77.27822401925249">
    <time>2026-09-05T07:25:43.117Z</time>
    <extensions>
        <provider>whs</provider>
    </extensions>
</trkpt>
<trkpt lat="42.42267616240523" lon="77.2782669192525">
    <time>2026-09-05T07:25:44.117Z</time>
    <extensions>
        <provider>whs</provider>
    </extensions>
</trkpt>
<trkpt lat="42.42269196240523" lon="77.2783266192525">
    <time>2026-09-05T07:25:45.118Z</time>
    <extensions>
        <provider>whs</provider>
    </extensions>
</trkpt>
<trkpt lat="42.42270656240523" lon="77.2783752192525">
    <time>2026-09-05T07:25:46.120Z</time>
    <extensions>
        <provider>whs</provider>
    </extensions>
</trkpt>
<trkpt lat="42.42272726240523" lon="77.2784108192525">
    <time>2026-09-05T07:25:47.121Z</time>
    <extensions>
        <provider>whs</provider>
    </extensions>
</trkpt>
<trkpt lat="42.42275576240523" lon="77.2784367192525">
    <time>2026-09-05T07:25:48.121Z</time>
    <extensions>
        <provider>whs</provider>
    </extensions>
</trkpt>
<trkpt lat="42.42279516240523" lon="77.2784468192525">
    <time>2026-09-05T07:25:49.123Z</time>
    <extensions>
        <provider>whs</provider>
    </extensions>
</trkpt>
<trkpt lat="42.42282756240523" lon="77.2784457192525">
    <time>2026-09-05T07:25:50.123Z</time>
    <extensions>
        <provider>whs</provider>
    </extensions>
</trkpt>
<trkpt lat="42.42286156240523" lon="77.27843921925249">
    <time>2026-09-05T07:25:51.124Z</time>
    <extensions>
        <provider>whs</provider>
    </extensions>
</trkpt>
<trkpt lat="42.42288966240523" lon="77.2784135192525">
    <time>2026-09-05T07:25:52.126Z</time>
    <extensions>
        <provider>whs</provider>
    </extensions>
</trkpt>
<trkpt lat="42.42291186240523" lon="77.27838461925249">
    <time>2026-09-05T07:25:53.127Z</time>
    <extensions>
        <provider>whs</provider>
    </extensions>
</trkpt>
<trkpt lat="42.42293706240523" lon="77.2783481192525">
    <time>2026-09-05T07:25:54.128Z</time>
    <extensions>
        <provider>whs</provider>
    </extensions>
</trkpt>
<trkpt lat="42.42295336240523" lon="77.2783048192525">
    <time>2026-09-05T07:25:55.129Z</time>
    <extensions>
        <provider>whs</provider>
    </extensions>
</trkpt>
<trkpt lat="42.42296786240523" lon="77.2782600192525">
    <time>2026-09-05T07:25:56.131Z</time>
    <extensions>
        <provider>whs</provider>
    </extensions>
</trkpt>
<trkpt lat="42.42297866240523" lon="77.2782145192525">
    <time>2026-09-05T07:25:57.133Z</time>
    <extensions>
        <provider>whs</provider>
    </extensions>
</trkpt>
<trkpt lat="42.42298566240523" lon="77.2781664192525">
    <time>2026-09-05T07:25:58.133Z</time>
    <extensions>
        <provider>whs</provider>
    </extensions>
</trkpt>
<trkpt lat="42.42299326240523" lon="77.2781214192525">
    <time>2026-09-05T07:25:59.135Z</time>
    <extensions>
        <provider>whs</provider>
    </extensions>
</trkpt>
<trkpt lat="42.42300816240523" lon="77.2780789192525">
    <time>2026-09-05T07:26:00.136Z</time>
    <extensions>
        <provider>whs</provider>
    </extensions>
</trkpt>
<trkpt lat="42.42301526240523" lon="77.2780360192525">
    <time>2026-09-05T07:26:01.137Z</time>
    <extensions>
        <provider>whs</provider>
    </extensions>
</trkpt>
<trkpt lat="42.42302036240523" lon="77.27798991925249">
    <time>2026-09-05T07:26:02.139Z</time>
    <extensions>
        <provider>whs</provider>
    </extensions>
</trkpt>
<trkpt lat="42.42303946240523" lon="77.27794301925249">
    <time>2026-09-05T07:26:03.140Z</time>
    <extensions>
        <provider>whs</provider>
    </extensions>
</trkpt>
<trkpt lat="42.42304116240523" lon="77.2778973192525">
    <time>2026-09-05T07:26:04.141Z</time>
    <extensions>
        <provider>whs</provider>
    </extensions>
</trkpt>
<trkpt lat="42.42304586240523" lon="77.27785441925249">
    <time>2026-09-05T07:26:05.143Z</time>
    <extensions>
        <provider>whs</provider>
    </extensions>
</trkpt>
<trkpt lat="42.42305546240523" lon="77.27780751925249">
    <time>2026-09-05T07:26:06.143Z</time>
    <extensions>
        <provider>whs</provider>
    </extensions>
</trkpt>
<trkpt lat="42.42306896240523" lon="77.2777382192525">
    <time>2026-09-05T07:26:07.144Z</time>
    <extensions>
        <provider>whs</provider>
    </extensions>
</trkpt>
<trkpt lat="42.42308516240523" lon="77.2776961192525">
    <time>2026-09-05T07:26:08.147Z</time>
    <extensions>
        <provider>whs</provider>
    </extensions>
</trkpt>
<trkpt lat="42.423106162405226" lon="77.2776496192525">
    <time>2026-09-05T07:26:09.148Z</time>
    <extensions>
        <provider>whs</provider>
    </extensions>
</trkpt>
<trkpt lat="42.423136562405226" lon="77.2776231192525">
    <time>2026-09-05T07:26:10.148Z</time>
    <extensions>
        <provider>whs</provider>
    </extensions>
</trkpt>
<trkpt lat="42.42316586240523" lon="77.27760621925249">
    <time>2026-09-05T07:26:11.149Z</time>
    <extensions>
        <provider>whs</provider>
    </extensions>
</trkpt>
<trkpt lat="42.42320186240523" lon="77.2776008192525">
    <time>2026-09-05T07:26:12.151Z</time>
    <extensions>
        <provider>whs</provider>
    </extensions>
</trkpt>
<trkpt lat="42.42324276240523" lon="77.2776083192525">
    <time>2026-09-05T07:26:13.151Z</time>
    <extensions>
        <provider>whs</provider>
    </extensions>
</trkpt>
<trkpt lat="42.42328516240523" lon="77.2776474192525">
    <time>2026-09-05T07:26:14.152Z</time>
    <extensions>
        <provider>whs</provider>
    </extensions>
</trkpt>
<trkpt lat="42.42331176240523" lon="77.27767371925249">
    <time>2026-09-05T07:26:15.153Z</time>
    <extensions>
        <provider>whs</provider>
    </extensions>
</trkpt>
<trkpt lat="42.42334036240523" lon="77.2777049192525">
    <time>2026-09-05T07:26:16.154Z</time>
    <extensions>
        <provider>whs</provider>
    </extensions>
</trkpt>
<trkpt lat="42.42335836240523" lon="77.27774671925249">
    <time>2026-09-05T07:26:17.156Z</time>
    <extensions>
        <provider>whs</provider>
    </extensions>
</trkpt>
<trkpt lat="42.42336316240523" lon="77.27779461925249">
    <time>2026-09-05T07:26:18.155Z</time>
    <extensions>
        <provider>whs</provider>
    </extensions>
</trkpt>
<trkpt lat="42.423349962405226" lon="77.2778521192525">
    <time>2026-09-05T07:26:19.156Z</time>
    <extensions>
        <provider>whs</provider>
    </extensions>
</trkpt>
<trkpt lat="42.423332362405226" lon="77.2779024192525">
    <time>2026-09-05T07:26:20.157Z</time>
    <extensions>
        <provider>whs</provider>
    </extensions>
</trkpt>
<trkpt lat="42.42330086240523" lon="77.2779383192525">
    <time>2026-09-05T07:26:21.158Z</time>
    <extensions>
        <provider>whs</provider>
    </extensions>
</trkpt>
<trkpt lat="42.42326646240523" lon="77.27795591925249">
    <time>2026-09-05T07:26:22.159Z</time>
    <extensions>
        <provider>whs</provider>
    </extensions>
</trkpt>
<trkpt lat="42.42321656240523" lon="77.2779579192525">
    <time>2026-09-05T07:26:23.160Z</time>
    <extensions>
        <provider>whs</provider>
    </extensions>
</trkpt>
<trkpt lat="42.423173062405226" lon="77.2779443192525">
    <time>2026-09-05T07:26:24.161Z</time>
    <extensions>
        <provider>whs</provider>
    </extensions>
</trkpt>
<trkpt lat="42.423135362405226" lon="77.2779269192525">
    <time>2026-09-05T07:26:25.162Z</time>
    <extensions>
        <provider>whs</provider>
    </extensions>
</trkpt>
<trkpt lat="42.42310706240523" lon="77.2778972192525">
    <time>2026-09-05T07:26:26.163Z</time>
    <extensions>
        <provider>whs</provider>
    </extensions>
</trkpt>
<trkpt lat="42.42309416240523" lon="77.2778519192525">
    <time>2026-09-05T07:26:27.164Z</time>
    <extensions>
        <provider>whs</provider>
    </extensions>
</trkpt>
<trkpt lat="42.42309126240523" lon="77.2777907192525">
    <time>2026-09-05T07:26:28.167Z</time>
    <extensions>
        <provider>whs</provider>
    </extensions>
</trkpt>
<trkpt lat="42.42309556240523" lon="77.2777482192525">
    <time>2026-09-05T07:26:29.167Z</time>
    <extensions>
        <provider>whs</provider>
    </extensions>
</trkpt>
<trkpt lat="42.42310826240523" lon="77.2776951192525">
    <time>2026-09-05T07:26:30.168Z</time>
    <extensions>
        <provider>whs</provider>
    </extensions>
</trkpt>
<trkpt lat="42.42311446240523" lon="77.2776690192525">
    <time>2026-09-05T07:26:31.169Z</time>
    <extensions>
        <provider>whs</provider>
    </extensions>
</trkpt>
<trkpt lat="42.42313266240523" lon="77.2776350192525">
    <time>2026-09-05T07:26:32.169Z</time>
    <extensions>
        <provider>whs</provider>
    </extensions>
</trkpt>
<trkpt lat="42.42315856240523" lon="77.27761531925249">
    <time>2026-09-05T07:26:33.170Z</time>
    <extensions>
        <provider>whs</provider>
    </extensions>
</trkpt>
<trkpt lat="42.42319266240523" lon="77.2776164192525">
    <time>2026-09-05T07:26:34.171Z</time>
    <extensions>
        <provider>whs</provider>
    </extensions>
</trkpt>
<trkpt lat="42.423233262405226" lon="77.27761961925249">
    <time>2026-09-05T07:26:35.171Z</time>
    <extensions>
        <provider>whs</provider>
    </extensions>
</trkpt>
<trkpt lat="42.42326506240523" lon="77.2776408192525">
    <time>2026-09-05T07:26:36.172Z</time>
    <extensions>
        <provider>whs</provider>
    </extensions>
</trkpt>
<trkpt lat="42.42328886240523" lon="77.2776532192525">
    <time>2026-09-05T07:26:37.173Z</time>
    <extensions>
        <provider>whs</provider>
    </extensions>
</trkpt>
<trkpt lat="42.42330146240523" lon="77.2776710192525">
    <time>2026-09-05T07:26:38.175Z</time>
    <extensions>
        <provider>whs</provider>
    </extensions>
</trkpt>
<trkpt lat="42.42331136240523" lon="77.2776472192525">
    <time>2026-09-05T07:26:46.182Z</time>
    <extensions>
        <provider>whs</provider>
    </extensions>
</trkpt>
<trkpt lat="42.42332816240523" lon="77.27767201925249">
    <time>2026-09-05T07:26:48.186Z</time>
    <extensions>
        <provider>whs</provider>
    </extensions>
</trkpt>
<trkpt lat="42.42332886240523" lon="77.27769791925249">
    <time>2026-09-05T07:26:51.189Z</time>
    <extensions>
        <provider>whs</provider>
    </extensions>
</trkpt>
<trkpt lat="42.42334676240523" lon="77.2777165192525">
    <time>2026-09-05T07:26:55.194Z</time>
    <extensions>
        <provider>whs</provider>
    </extensions>
</trkpt>
<trkpt lat="42.42333156240523" lon="77.2777428192525">
    <time>2026-09-05T07:27:02.203Z</time>
    <extensions>
        <provider>whs</provider>
    </extensions>
</trkpt>
<trkpt lat="42.42334266240523" lon="77.2777233192525">
    <time>2026-09-05T07:27:12.210Z</time>
    <extensions>
        <provider>whs</provider>
    </extensions>
</trkpt>
<trkpt lat="42.42332436240523" lon="77.27771271925249">
    <time>2026-09-05T07:27:18.218Z</time>
    <extensions>
        <provider>whs</provider>
    </extensions>
</trkpt>
<trkpt lat="42.42333326240523" lon="77.2776711192525">
    <time>2026-09-05T07:27:22.223Z</time>
    <extensions>
        <provider>whs</provider>
    </extensions>
</trkpt>
<trkpt lat="42.42333036240523" lon="77.27764381925249">
    <time>2026-09-05T07:27:26.229Z</time>
    <extensions>
        <provider>whs</provider>
    </extensions>
</trkpt>
<trkpt lat="42.42332536240523" lon="77.2776678192525">
    <time>2026-09-05T07:27:35.241Z</time>
    <extensions>
        <provider>whs</provider>
    </extensions>
</trkpt>
<trkpt lat="42.42334266240523" lon="77.27767491925249">
    <time>2026-09-05T07:27:44.254Z</time>
    <extensions>
        <provider>whs</provider>
    </extensions>
</trkpt>
<trkpt lat="42.42335536240523" lon="77.27764351925249">
    <time>2026-09-05T07:28:10.293Z</time>
    <extensions>
        <provider>whs</provider>
    </extensions>
</trkpt>
<trkpt lat="42.42334786240523" lon="77.27762101925249">
    <time>2026-09-05T07:28:14.298Z</time>
    <extensions>
        <provider>whs</provider>
    </extensions>
</trkpt>
<trkpt lat="42.42332376240523" lon="77.27765981925249">
    <time>2026-09-05T07:28:29.316Z</time>
    <extensions>
        <provider>whs</provider>
    </extensions>
</trkpt>
<trkpt lat="42.42333096240523" lon="77.2776839192525">
    <time>2026-09-05T07:28:42.330Z</time>
    <extensions>
        <provider>whs</provider>
    </extensions>
</trkpt>
<trkpt lat="42.42332536240523" lon="77.2777126192525">
    <time>2026-09-05T07:28:44.333Z</time>
    <extensions>
        <provider>whs</provider>
    </extensions>
</trkpt>
<trkpt lat="42.42332866240523" lon="77.2777463192525">
    <time>2026-09-05T07:28:48.337Z</time>
    <extensions>
        <provider>whs</provider>
    </extensions>
</trkpt>
<trkpt lat="42.42335406240523" lon="77.27770551925249">
    <time>2026-09-05T07:28:55.345Z</time>
    <extensions>
        <provider>whs</provider>
    </extensions>
</trkpt>
<trkpt lat="42.42333486240523" lon="77.2777099192525">
    <time>2026-09-05T07:29:03.353Z</time>
    <extensions>
        <provider>whs</provider>
    </extensions>
</trkpt>
<trkpt lat="42.42335906240523" lon="77.2777094192525">
    <time>2026-09-05T07:29:06.356Z</time>
    <extensions>
        <provider>whs</provider>
    </extensions>
</trkpt>
<trkpt lat="42.42333686240523" lon="77.27771201925249">
    <time>2026-09-05T07:29:09.360Z</time>
    <extensions>
        <provider>whs</provider>
    </extensions>
</trkpt>
<trkpt lat="42.42332196240523" lon="77.2776869192525">
    <time>2026-09-05T07:29:51.404Z</time>
    <extensions>
        <provider>whs</provider>
    </extensions>
</trkpt>
<trkpt lat="42.42335066240523" lon="77.27769741925249">
    <time>2026-09-05T07:30:08.429Z</time>
    <extensions>
        <provider>whs</provider>
    </extensions>
</trkpt>
<trkpt lat="42.42333006240523" lon="77.2777169192525">
    <time>2026-09-05T07:30:31.463Z</time>
    <extensions>
        <provider>whs</provider>
    </extensions>
</trkpt>
<trkpt lat="42.42334216240523" lon="77.2776972192525">
    <time>2026-09-05T07:30:46.482Z</time>
    <extensions>
        <provider>whs</provider>
    </extensions>
</trkpt>
<trkpt lat="42.423330562405226" lon="77.2777224192525">
    <time>2026-09-05T07:30:53.491Z</time>
    <extensions>
        <provider>whs</provider>
    </extensions>
</trkpt>
<trkpt lat="42.42333536240523" lon="77.2776908192525">
    <time>2026-09-05T07:30:59.499Z</time>
    <extensions>
        <provider>whs</provider>
    </extensions>
</trkpt>
<trkpt lat="42.423319562405226" lon="77.2777097192525">
    <time>2026-09-05T07:31:16.520Z</time>
    <extensions>
        <provider>whs</provider>
    </extensions>
</trkpt>
<trkpt lat="42.42329986240523" lon="77.2777104192525">
    <time>2026-09-05T07:31:25.531Z</time>
    <extensions>
        <provider>whs</provider>
    </extensions>
</trkpt>
<trkpt lat="42.42332166240523" lon="77.2776925192525">
    <time>2026-09-05T07:31:28.535Z</time>
    <extensions>
        <provider>whs</provider>
    </extensions>
</trkpt>
<trkpt lat="42.42333806240523" lon="77.2777105192525">
    <time>2026-09-05T07:31:40.548Z</time>
    <extensions>
        <provider>whs</provider>
    </extensions>
</trkpt>
<trkpt lat="42.42336426240523" lon="77.2777033192525">
    <time>2026-09-05T07:31:42.551Z</time>
    <extensions>
        <provider>whs</provider>
    </extensions>
</trkpt>
<trkpt lat="42.42335886240523" lon="77.2776793192525">
    <time>2026-09-05T07:31:45.553Z</time>
    <extensions>
        <provider>whs</provider>
    </extensions>
</trkpt>
<trkpt lat="42.42333766240523" lon="77.2776958192525">
    <time>2026-09-05T07:32:02.574Z</time>
    <extensions>
        <provider>whs</provider>
    </extensions>
</trkpt>
<trkpt lat="42.42335786240523" lon="77.27771701925249">
    <time>2026-09-05T07:32:08.583Z</time>
    <extensions>
        <provider>whs</provider>
    </extensions>
</trkpt>
<trkpt lat="42.42336816240523" lon="77.2777532192525">
    <time>2026-09-05T07:32:19.599Z</time>
    <extensions>
        <provider>whs</provider>
    </extensions>
</trkpt>
<trkpt lat="42.42337806240523" lon="77.2777210192525">
    <time>2026-09-05T07:32:28.611Z</time>
    <extensions>
        <provider>whs</provider>
    </extensions>
</trkpt>
<trkpt lat="42.42335946240523" lon="77.27768521925249">
    <time>2026-09-05T07:32:33.618Z</time>
    <extensions>
        <provider>whs</provider>
    </extensions>
</trkpt>
<trkpt lat="42.42336086240523" lon="77.27771221925249">
    <time>2026-09-05T07:32:36.622Z</time>
    <extensions>
        <provider>whs</provider>
    </extensions>
</trkpt>
<trkpt lat="42.42337536240523" lon="77.2777372192525">
    <time>2026-09-05T07:32:43.632Z</time>
    <extensions>
        <provider>whs</provider>
    </extensions>
</trkpt>
<trkpt lat="42.42338426240523" lon="77.27777661925249">
    <time>2026-09-05T07:32:51.643Z</time>
    <extensions>
        <provider>whs</provider>
    </extensions>
</trkpt>
<trkpt lat="42.42338926240523" lon="77.2777442192525">
    <time>2026-09-05T07:32:55.646Z</time>
    <extensions>
        <provider>whs</provider>
    </extensions>
</trkpt>
<trkpt lat="42.42338876240523" lon="77.2777135192525">
    <time>2026-09-05T07:32:56.648Z</time>
    <extensions>
        <provider>whs</provider>
    </extensions>
</trkpt>
<trkpt lat="42.42336356240523" lon="77.2777176192525">
    <time>2026-09-05T07:32:57.649Z</time>
    <extensions>
        <provider>whs</provider>
    </extensions>
</trkpt>
<trkpt lat="42.42336936240523" lon="77.2777599192525">
    <time>2026-09-05T07:33:00.652Z</time>
    <extensions>
        <provider>whs</provider>
    </extensions>
</trkpt>
<trkpt lat="42.42338916240523" lon="77.2777544192525">
    <time>2026-09-05T07:33:03.656Z</time>
    <extensions>
        <provider>whs</provider>
    </extensions>
</trkpt>
<trkpt lat="42.42338136240523" lon="77.2777770192525">
    <time>2026-09-05T07:33:07.660Z</time>
    <extensions>
        <provider>whs</provider>
    </extensions>
</trkpt>
<trkpt lat="42.42336796240523" lon="77.2777945192525">
    <time>2026-09-05T07:33:12.665Z</time>
    <extensions>
        <provider>whs</provider>
    </extensions>
</trkpt>
<trkpt lat="42.42336626240523" lon="77.2778243192525">
    <time>2026-09-05T07:33:26.679Z</time>
    <extensions>
        <provider>whs</provider>
    </extensions>
</trkpt>
<trkpt lat="42.42338436240523" lon="77.2777949192525">
    <time>2026-09-05T07:33:29.682Z</time>
    <extensions>
        <provider>whs</provider>
    </extensions>
</trkpt>
<trkpt lat="42.42337276240523" lon="77.2777602192525">
    <time>2026-09-05T07:33:42.695Z</time>
    <extensions>
        <provider>whs</provider>
    </extensions>
</trkpt>
<trkpt lat="42.42336326240523" lon="77.27773331925249">
    <time>2026-09-05T07:33:44.699Z</time>
    <extensions>
        <provider>whs</provider>
    </extensions>
</trkpt>
<trkpt lat="42.42333246240523" lon="77.27770221925249">
    <time>2026-09-05T07:33:46.700Z</time>
    <extensions>
        <provider>whs</provider>
    </extensions>
</trkpt>
<trkpt lat="42.42333536240523" lon="77.2776662192525">
    <time>2026-09-05T07:33:48.702Z</time>
    <extensions>
        <provider>whs</provider>
    </extensions>
</trkpt>
<trkpt lat="42.42330846240523" lon="77.2776674192525">
    <time>2026-09-05T07:33:59.716Z</time>
    <extensions>
        <provider>whs</provider>
    </extensions>
</trkpt>
<trkpt lat="42.42329956240523" lon="77.2776331192525">
    <time>2026-09-05T07:34:07.725Z</time>
    <extensions>
        <provider>whs</provider>
    </extensions>
</trkpt>
<trkpt lat="42.42328136240523" lon="77.2776278192525">
    <time>2026-09-05T07:34:10.729Z</time>
    <extensions>
        <provider>whs</provider>
    </extensions>
</trkpt>
<trkpt lat="42.42326346240523" lon="77.2776446192525">
    <time>2026-09-05T07:34:24.747Z</time>
    <extensions>
        <provider>whs</provider>
    </extensions>
</trkpt>
<trkpt lat="42.42324636240523" lon="77.2776566192525">
    <time>2026-09-05T07:34:25.748Z</time>
    <extensions>
        <provider>whs</provider>
    </extensions>
</trkpt>
<trkpt lat="42.42321616240523" lon="77.2776637192525">
    <time>2026-09-05T07:34:26.749Z</time>
    <extensions>
        <provider>whs</provider>
    </extensions>
</trkpt>
<trkpt lat="42.42318416240523" lon="77.2776833192525">
    <time>2026-09-05T07:34:27.751Z</time>
    <extensions>
        <provider>whs</provider>
    </extensions>
</trkpt>
<trkpt lat="42.42314946240523" lon="77.2777107192525">
    <time>2026-09-05T07:34:28.752Z</time>
    <extensions>
        <provider>whs</provider>
    </extensions>
</trkpt>
<trkpt lat="42.42312956240523" lon="77.2777449192525">
    <time>2026-09-05T07:34:29.753Z</time>
    <extensions>
        <provider>whs</provider>
    </extensions>
</trkpt>
<trkpt lat="42.42309696240523" lon="77.2777535192525">
    <time>2026-09-05T07:34:30.754Z</time>
    <extensions>
        <provider>whs</provider>
    </extensions>
</trkpt>
<trkpt lat="42.423061162405226" lon="77.27778091925249">
    <time>2026-09-05T07:34:31.755Z</time>
    <extensions>
        <provider>whs</provider>
    </extensions>
</trkpt>
<trkpt lat="42.42302156240523" lon="77.2778326192525">
    <time>2026-09-05T07:34:32.757Z</time>
    <extensions>
        <provider>whs</provider>
    </extensions>
</trkpt>
<trkpt lat="42.42298966240523" lon="77.27787741925249">
    <time>2026-09-05T07:34:33.758Z</time>
    <extensions>
        <provider>whs</provider>
    </extensions>
</trkpt>
<trkpt lat="42.42296156240523" lon="77.27791451925249">
    <time>2026-09-05T07:34:34.759Z</time>
    <extensions>
        <provider>whs</provider>
    </extensions>
</trkpt>
<trkpt lat="42.42292796240523" lon="77.2779489192525">
    <time>2026-09-05T07:34:35.761Z</time>
    <extensions>
        <provider>whs</provider>
    </extensions>
</trkpt>
<trkpt lat="42.42289306240523" lon="77.2779754192525">
    <time>2026-09-05T07:34:36.763Z</time>
    <extensions>
        <provider>whs</provider>
    </extensions>
</trkpt>
<trkpt lat="42.42286436240523" lon="77.2780122192525">
    <time>2026-09-05T07:34:37.763Z</time>
    <extensions>
        <provider>whs</provider>
    </extensions>
</trkpt>
<trkpt lat="42.42283556240523" lon="77.2780252192525">
    <time>2026-09-05T07:34:38.764Z</time>
    <extensions>
        <provider>whs</provider>
    </extensions>
</trkpt>
<trkpt lat="42.42279716240523" lon="77.2780391192525">
    <time>2026-09-05T07:34:39.765Z</time>
    <extensions>
        <provider>whs</provider>
    </extensions>
</trkpt>
<trkpt lat="42.42276656240523" lon="77.2780494192525">
    <time>2026-09-05T07:34:40.766Z</time>
    <extensions>
        <provider>whs</provider>
    </extensions>
</trkpt>
<trkpt lat="42.42273676240523" lon="77.2780652192525">
    <time>2026-09-05T07:34:41.767Z</time>
    <extensions>
        <provider>whs</provider>
    </extensions>
</trkpt>
<trkpt lat="42.42270736240523" lon="77.2780856192525">
    <time>2026-09-05T07:34:42.769Z</time>
    <extensions>
        <provider>whs</provider>
    </extensions>
</trkpt>
<trkpt lat="42.42268046240523" lon="77.2781123192525">
    <time>2026-09-05T07:34:43.770Z</time>
    <extensions>
        <provider>whs</provider>
    </extensions>
</trkpt>
<trkpt lat="42.42264506240523" lon="77.27815841925249">
    <time>2026-09-05T07:34:44.772Z</time>
    <extensions>
        <provider>whs</provider>
    </extensions>
</trkpt>
<trkpt lat="42.42262476240523" lon="77.27820771925249">
    <time>2026-09-05T07:34:45.771Z</time>
    <extensions>
        <provider>whs</provider>
    </extensions>
</trkpt>
<trkpt lat="42.422633162405226" lon="77.27826781925249">
    <time>2026-09-05T07:34:46.773Z</time>
    <extensions>
        <provider>whs</provider>
    </extensions>
</trkpt>
<trkpt lat="42.42265556240523" lon="77.2783155192525">
    <time>2026-09-05T07:34:47.773Z</time>
    <extensions>
        <provider>whs</provider>
    </extensions>
</trkpt>
<trkpt lat="42.42269356240523" lon="77.2783457192525">
    <time>2026-09-05T07:34:48.774Z</time>
    <extensions>
        <provider>whs</provider>
    </extensions>
</trkpt>
<trkpt lat="42.42272526240523" lon="77.2783673192525">
    <time>2026-09-05T07:34:49.775Z</time>
    <extensions>
        <provider>whs</provider>
    </extensions>
</trkpt>
<trkpt lat="42.42275746240523" lon="77.2783774192525">
    <time>2026-09-05T07:34:50.776Z</time>
    <extensions>
        <provider>whs</provider>
    </extensions>
</trkpt>
<trkpt lat="42.42279206240523" lon="77.27838511925249">
    <time>2026-09-05T07:34:51.777Z</time>
    <extensions>
        <provider>whs</provider>
    </extensions>
</trkpt>
<trkpt lat="42.42282636240523" lon="77.2783794192525">
    <time>2026-09-05T07:34:52.778Z</time>
    <extensions>
        <provider>whs</provider>
    </extensions>
</trkpt>
<trkpt lat="42.42285316240523" lon="77.2783634192525">
    <time>2026-09-05T07:34:53.779Z</time>
    <extensions>
        <provider>whs</provider>
    </extensions>
</trkpt>
<trkpt lat="42.42287646240523" lon="77.2783278192525">
    <time>2026-09-05T07:34:54.780Z</time>
    <extensions>
        <provider>whs</provider>
    </extensions>
</trkpt>
<trkpt lat="42.42289796240523" lon="77.2782902192525">
    <time>2026-09-05T07:34:55.781Z</time>
    <extensions>
        <provider>whs</provider>
    </extensions>
</trkpt>
<trkpt lat="42.422915862405226" lon="77.27824341925249">
    <time>2026-09-05T07:34:56.782Z</time>
    <extensions>
        <provider>whs</provider>
    </extensions>
</trkpt>
<trkpt lat="42.42292896240523" lon="77.2781997192525">
    <time>2026-09-05T07:34:57.783Z</time>
    <extensions>
        <provider>whs</provider>
    </extensions>
</trkpt>
<trkpt lat="42.42295686240523" lon="77.2781691192525">
    <time>2026-09-05T07:34:58.784Z</time>
    <extensions>
        <provider>whs</provider>
    </extensions>
</trkpt>
<trkpt lat="42.42297346240523" lon="77.2781430192525">
    <time>2026-09-05T07:34:59.786Z</time>
    <extensions>
        <provider>whs</provider>
    </extensions>
</trkpt>
<trkpt lat="42.42300666240523" lon="77.27813041925249">
    <time>2026-09-05T07:35:00.787Z</time>
    <extensions>
        <provider>whs</provider>
    </extensions>
</trkpt>
<trkpt lat="42.42304736240523" lon="77.2781456192525">
    <time>2026-09-05T07:35:01.788Z</time>
    <extensions>
        <provider>whs</provider>
    </extensions>
</trkpt>
<trkpt lat="42.42308176240523" lon="77.2781576192525">
    <time>2026-09-05T07:35:02.790Z</time>
    <extensions>
        <provider>whs</provider>
    </extensions>
</trkpt>
<trkpt lat="42.42311006240523" lon="77.2781597192525">
    <time>2026-09-05T07:35:03.791Z</time>
    <extensions>
        <provider>whs</provider>
    </extensions>
</trkpt>
<trkpt lat="42.42313706240523" lon="77.2781349192525">
    <time>2026-09-05T07:35:04.792Z</time>
    <extensions>
        <provider>whs</provider>
    </extensions>
</trkpt>
<trkpt lat="42.42316116240523" lon="77.2781020192525">
    <time>2026-09-05T07:35:05.793Z</time>
    <extensions>
        <provider>whs</provider>
    </extensions>
</trkpt>
<trkpt lat="42.42316796240523" lon="77.2780594192525">
    <time>2026-09-05T07:35:06.795Z</time>
    <extensions>
        <provider>whs</provider>
    </extensions>
</trkpt>
<trkpt lat="42.42318326240523" lon="77.2779992192525">
    <time>2026-09-05T07:35:07.796Z</time>
    <extensions>
        <provider>whs</provider>
    </extensions>
</trkpt>
<trkpt lat="42.423202862405226" lon="77.2779347192525">
    <time>2026-09-05T07:35:08.796Z</time>
    <extensions>
        <provider>whs</provider>
    </extensions>
</trkpt>
<trkpt lat="42.42321726240523" lon="77.2778682192525">
    <time>2026-09-05T07:35:09.797Z</time>
    <extensions>
        <provider>whs</provider>
    </extensions>
</trkpt>
<trkpt lat="42.42322896240523" lon="77.2778127192525">
    <time>2026-09-05T07:35:10.798Z</time>
    <extensions>
        <provider>whs</provider>
    </extensions>
</trkpt>
<trkpt lat="42.42323306240523" lon="77.2777768192525">
    <time>2026-09-05T07:35:11.799Z</time>
    <extensions>
        <provider>whs</provider>
    </extensions>
</trkpt>
<trkpt lat="42.42324126240523" lon="77.27774051925249">
    <time>2026-09-05T07:35:12.800Z</time>
    <extensions>
        <provider>whs</provider>
    </extensions>
</trkpt>
<trkpt lat="42.42323796240523" lon="77.2776922192525">
    <time>2026-09-05T07:35:13.801Z</time>
    <extensions>
        <provider>whs</provider>
    </extensions>
</trkpt>
<trkpt lat="42.423234462405226" lon="77.2776461192525">
    <time>2026-09-05T07:35:14.802Z</time>
    <extensions>
        <provider>whs</provider>
    </extensions>
</trkpt>
<trkpt lat="42.42322756240523" lon="77.2776023192525">
    <time>2026-09-05T07:35:15.803Z</time>
    <extensions>
        <provider>whs</provider>
    </extensions>
</trkpt>
<trkpt lat="42.42321566240523" lon="77.2775529192525">
    <time>2026-09-05T07:35:16.804Z</time>
    <extensions>
        <provider>whs</provider>
    </extensions>
</trkpt>
<trkpt lat="42.42321146240523" lon="77.2774938192525">
    <time>2026-09-05T07:35:17.805Z</time>
    <extensions>
        <provider>whs</provider>
    </extensions>
</trkpt>
<trkpt lat="42.42318386240523" lon="77.2774677192525">
    <time>2026-09-05T07:35:18.806Z</time>
    <extensions>
        <provider>whs</provider>
    </extensions>
</trkpt>
<trkpt lat="42.42314196240523" lon="77.27743981925249">
    <time>2026-09-05T07:35:19.807Z</time>
    <extensions>
        <provider>whs</provider>
    </extensions>
</trkpt>
<trkpt lat="42.42310876240523" lon="77.27741851925249">
    <time>2026-09-05T07:35:20.808Z</time>
    <extensions>
        <provider>whs</provider>
    </extensions>
</trkpt>
<trkpt lat="42.42306746240523" lon="77.2774184192525">
    <time>2026-09-05T07:35:21.809Z</time>
    <extensions>
        <provider>whs</provider>
    </extensions>
</trkpt>
<trkpt lat="42.42302816240523" lon="77.2774397192525">
    <time>2026-09-05T07:35:22.809Z</time>
    <extensions>
        <provider>whs</provider>
    </extensions>
</trkpt>
<trkpt lat="42.42300356240523" lon="77.2774825192525">
    <time>2026-09-05T07:35:23.811Z</time>
    <extensions>
        <provider>whs</provider>
    </extensions>
</trkpt>
<trkpt lat="42.42298556240523" lon="77.2775403192525">
    <time>2026-09-05T07:35:24.812Z</time>
    <extensions>
        <provider>whs</provider>
    </extensions>
</trkpt>
<trkpt lat="42.42296586240523" lon="77.2776034192525">
    <time>2026-09-05T07:35:25.813Z</time>
    <extensions>
        <provider>whs</provider>
    </extensions>
</trkpt>
<trkpt lat="42.42296556240523" lon="77.2776671192525">
    <time>2026-09-05T07:35:26.813Z</time>
    <extensions>
        <provider>whs</provider>
    </extensions>
</trkpt>
<trkpt lat="42.42295706240523" lon="77.2777205192525">
    <time>2026-09-05T07:35:27.814Z</time>
    <extensions>
        <provider>whs</provider>
    </extensions>
</trkpt>
<trkpt lat="42.42295106240523" lon="77.27776801925249">
    <time>2026-09-05T07:35:28.815Z</time>
    <extensions>
        <provider>whs</provider>
    </extensions>
</trkpt>
<trkpt lat="42.422945662405226" lon="77.2778108192525">
    <time>2026-09-05T07:35:29.816Z</time>
    <extensions>
        <provider>whs</provider>
    </extensions>
</trkpt>
<trkpt lat="42.42293216240523" lon="77.2778548192525">
    <time>2026-09-05T07:35:30.817Z</time>
    <extensions>
        <provider>whs</provider>
    </extensions>
</trkpt>
<trkpt lat="42.42293686240523" lon="77.2779107192525">
    <time>2026-09-05T07:35:31.819Z</time>
    <extensions>
        <provider>whs</provider>
    </extensions>
</trkpt>
<trkpt lat="42.42292536240523" lon="77.2779567192525">
    <time>2026-09-05T07:35:32.819Z</time>
    <extensions>
        <provider>whs</provider>
    </extensions>
</trkpt>
<trkpt lat="42.422906762405226" lon="77.2780403192525">
    <time>2026-09-05T07:35:33.820Z</time>
    <extensions>
        <provider>whs</provider>
    </extensions>
</trkpt>
<trkpt lat="42.42292346240523" lon="77.2780893192525">
    <time>2026-09-05T07:35:34.821Z</time>
    <extensions>
        <provider>whs</provider>
    </extensions>
</trkpt>
<trkpt lat="42.42298696240523" lon="77.27816611925249">
    <time>2026-09-05T07:35:36.823Z</time>
    <extensions>
        <provider>whs</provider>
    </extensions>
</trkpt>
<trkpt lat="42.42305826240523" lon="77.27819961925249">
    <time>2026-09-05T07:35:38.825Z</time>
    <extensions>
        <provider>whs</provider>
    </extensions>
</trkpt>
<trkpt lat="42.42309316240523" lon="77.2781961192525">
    <time>2026-09-05T07:35:39.826Z</time>
    <extensions>
        <provider>whs</provider>
    </extensions>
</trkpt>
<trkpt lat="42.42315096240523" lon="77.2781691192525">
    <time>2026-09-05T07:35:41.827Z</time>
    <extensions>
        <provider>whs</provider>
    </extensions>
</trkpt>
<trkpt lat="42.42319566240523" lon="77.2781087192525">
    <time>2026-09-05T07:35:43.830Z</time>
    <extensions>
        <provider>whs</provider>
    </extensions>
</trkpt>
<trkpt lat="42.42321236240523" lon="77.2780674192525">
    <time>2026-09-05T07:35:44.831Z</time>
    <extensions>
        <provider>whs</provider>
    </extensions>
</trkpt>
<trkpt lat="42.42322926240523" lon="77.27802271925249">
    <time>2026-09-05T07:35:45.831Z</time>
    <extensions>
        <provider>whs</provider>
    </extensions>
</trkpt>
<trkpt lat="42.42323616240523" lon="77.2779762192525">
    <time>2026-09-05T07:35:46.832Z</time>
    <extensions>
        <provider>whs</provider>
    </extensions>
</trkpt>
<trkpt lat="42.42324276240523" lon="77.2779340192525">
    <time>2026-09-05T07:35:47.832Z</time>
    <extensions>
        <provider>whs</provider>
    </extensions>
</trkpt>
<trkpt lat="42.423240562405226" lon="77.2778807192525">
    <time>2026-09-05T07:35:48.833Z</time>
    <extensions>
        <provider>whs</provider>
    </extensions>
</trkpt>
<trkpt lat="42.42323976240523" lon="77.2778376192525">
    <time>2026-09-05T07:35:49.834Z</time>
    <extensions>
        <provider>whs</provider>
    </extensions>
</trkpt>
<trkpt lat="42.42323476240523" lon="77.2777975192525">
    <time>2026-09-05T07:35:50.834Z</time>
    <extensions>
        <provider>whs</provider>
    </extensions>
</trkpt>
<trkpt lat="42.42322426240523" lon="77.2777538192525">
    <time>2026-09-05T07:35:51.835Z</time>
    <extensions>
        <provider>whs</provider>
    </extensions>
</trkpt>
<trkpt lat="42.423211962405226" lon="77.2777114192525">
    <time>2026-09-05T07:35:52.835Z</time>
    <extensions>
        <provider>whs</provider>
    </extensions>
</trkpt>
<trkpt lat="42.42320986240523" lon="77.2776599192525">
    <time>2026-09-05T07:35:53.836Z</time>
    <extensions>
        <provider>whs</provider>
    </extensions>
</trkpt>
<trkpt lat="42.42319776240523" lon="77.27761291925249">
    <time>2026-09-05T07:35:54.838Z</time>
    <extensions>
        <provider>whs</provider>
    </extensions>
</trkpt>
<trkpt lat="42.42319156240523" lon="77.2775630192525">
    <time>2026-09-05T07:35:55.837Z</time>
    <extensions>
        <provider>whs</provider>
    </extensions>
</trkpt>
<trkpt lat="42.42319786240523" lon="77.2775112192525">
    <time>2026-09-05T07:35:56.838Z</time>
    <extensions>
        <provider>whs</provider>
    </extensions>
</trkpt>
<trkpt lat="42.42318616240523" lon="77.2774691192525">
    <time>2026-09-05T07:35:57.839Z</time>
    <extensions>
        <provider>whs</provider>
    </extensions>
</trkpt>
<trkpt lat="42.42316846240523" lon="77.2774364192525">
    <time>2026-09-05T07:35:58.840Z</time>
    <extensions>
        <provider>whs</provider>
    </extensions>
</trkpt>
<trkpt lat="42.42313786240523" lon="77.27742521925249">
    <time>2026-09-05T07:35:59.840Z</time>
    <extensions>
        <provider>whs</provider>
    </extensions>
</trkpt>
<trkpt lat="42.42310146240523" lon="77.27742261925249">
    <time>2026-09-05T07:36:00.842Z</time>
    <extensions>
        <provider>whs</provider>
    </extensions>
</trkpt>
<trkpt lat="42.42305516240523" lon="77.2774474192525">
    <time>2026-09-05T07:36:01.842Z</time>
    <extensions>
        <provider>whs</provider>
    </extensions>
</trkpt>
<trkpt lat="42.42303446240523" lon="77.27747051925249">
    <time>2026-09-05T07:36:02.843Z</time>
    <extensions>
        <provider>whs</provider>
    </extensions>
</trkpt>
<trkpt lat="42.42302026240523" lon="77.2775115192525">
    <time>2026-09-05T07:36:03.845Z</time>
    <extensions>
        <provider>whs</provider>
    </extensions>
</trkpt>
<trkpt lat="42.42301336240523" lon="77.27756381925249">
    <time>2026-09-05T07:36:04.844Z</time>
    <extensions>
        <provider>whs</provider>
    </extensions>
</trkpt>
<trkpt lat="42.42300726240523" lon="77.27759781925249">
    <time>2026-09-05T07:36:05.845Z</time>
    <extensions>
        <provider>whs</provider>
    </extensions>
</trkpt>
<trkpt lat="42.42300386240523" lon="77.2776583192525">
    <time>2026-09-05T07:36:06.846Z</time>
    <extensions>
        <provider>whs</provider>
    </extensions>
</trkpt>
<trkpt lat="42.42300896240523" lon="77.27769331925249">
    <time>2026-09-05T07:36:07.846Z</time>
    <extensions>
        <provider>whs</provider>
    </extensions>
</trkpt>
<trkpt lat="42.42300906240523" lon="77.2777437192525">
    <time>2026-09-05T07:36:08.847Z</time>
    <extensions>
        <provider>whs</provider>
    </extensions>
</trkpt>
<trkpt lat="42.42301446240523" lon="77.2778158192525">
    <time>2026-09-05T07:36:09.847Z</time>
    <extensions>
        <provider>whs</provider>
    </extensions>
</trkpt>
<trkpt lat="42.42302666240523" lon="77.2778613192525">
    <time>2026-09-05T07:36:10.849Z</time>
    <extensions>
        <provider>whs</provider>
    </extensions>
</trkpt>
<trkpt lat="42.42304436240523" lon="77.27791281925249">
    <time>2026-09-05T07:36:11.849Z</time>
    <extensions>
        <provider>whs</provider>
    </extensions>
</trkpt>
<trkpt lat="42.42305566240523" lon="77.2779695192525">
    <time>2026-09-05T07:36:12.849Z</time>
    <extensions>
        <provider>whs</provider>
    </extensions>
</trkpt>
<trkpt lat="42.42307176240523" lon="77.2780116192525">
    <time>2026-09-05T07:36:13.850Z</time>
    <extensions>
        <provider>whs</provider>
    </extensions>
</trkpt>
<trkpt lat="42.42308886240523" lon="77.2780520192525">
    <time>2026-09-05T07:36:14.852Z</time>
    <extensions>
        <provider>whs</provider>
    </extensions>
</trkpt>
<trkpt lat="42.42310446240523" lon="77.2780864192525">
    <time>2026-09-05T07:36:15.852Z</time>
    <extensions>
        <provider>whs</provider>
    </extensions>
</trkpt>
<trkpt lat="42.42312276240523" lon="77.2781075192525">
    <time>2026-09-05T07:36:16.853Z</time>
    <extensions>
        <provider>whs</provider>
    </extensions>
</trkpt>
<trkpt lat="42.42314886240523" lon="77.27811991925249">
    <time>2026-09-05T07:36:17.854Z</time>
    <extensions>
        <provider>whs</provider>
    </extensions>
</trkpt>
<trkpt lat="42.42317806240523" lon="77.2781176192525">
    <time>2026-09-05T07:36:18.855Z</time>
    <extensions>
        <provider>whs</provider>
    </extensions>
</trkpt>
<trkpt lat="42.42322206240523" lon="77.2780955192525">
    <time>2026-09-05T07:36:19.855Z</time>
    <extensions>
        <provider>whs</provider>
    </extensions>
</trkpt>
<trkpt lat="42.42326056240523" lon="77.2780462192525">
    <time>2026-09-05T07:36:20.856Z</time>
    <extensions>
        <provider>whs</provider>
    </extensions>
</trkpt>
<trkpt lat="42.42327376240523" lon="77.2779963192525">
    <time>2026-09-05T07:36:21.857Z</time>
    <extensions>
        <provider>whs</provider>
    </extensions>
</trkpt>
<trkpt lat="42.42328216240523" lon="77.2779482192525">
    <time>2026-09-05T07:36:22.859Z</time>
    <extensions>
        <provider>whs</provider>
    </extensions>
</trkpt>
<trkpt lat="42.42328416240523" lon="77.2778971192525">
    <time>2026-09-05T07:36:23.859Z</time>
    <extensions>
        <provider>whs</provider>
    </extensions>
</trkpt>
<trkpt lat="42.42329546240523" lon="77.2778555192525">
    <time>2026-09-05T07:36:24.862Z</time>
    <extensions>
        <provider>whs</provider>
    </extensions>
</trkpt>
<trkpt lat="42.42330306240523" lon="77.2778126192525">
    <time>2026-09-05T07:36:25.861Z</time>
    <extensions>
        <provider>whs</provider>
    </extensions>
</trkpt>
<trkpt lat="42.42331026240523" lon="77.2777645192525">
    <time>2026-09-05T07:36:26.862Z</time>
    <extensions>
        <provider>whs</provider>
    </extensions>
</trkpt>
<trkpt lat="42.42331806240523" lon="77.2777210192525">
    <time>2026-09-05T07:36:27.864Z</time>
    <extensions>
        <provider>whs</provider>
    </extensions>
</trkpt>
<trkpt lat="42.42332316240523" lon="77.2776704192525">
    <time>2026-09-05T07:36:28.865Z</time>
    <extensions>
        <provider>whs</provider>
    </extensions>
</trkpt>
<trkpt lat="42.42331236240523" lon="77.2776281192525">
    <time>2026-09-05T07:36:29.867Z</time>
    <extensions>
        <provider>whs</provider>
    </extensions>
</trkpt>
<trkpt lat="42.42329576240523" lon="77.2775929192525">
    <time>2026-09-05T07:36:30.868Z</time>
    <extensions>
        <provider>whs</provider>
    </extensions>
</trkpt>
<trkpt lat="42.42326566240523" lon="77.2775654192525">
    <time>2026-09-05T07:36:31.869Z</time>
    <extensions>
        <provider>whs</provider>
    </extensions>
</trkpt>
<trkpt lat="42.42323436240523" lon="77.2775505192525">
    <time>2026-09-05T07:36:32.870Z</time>
    <extensions>
        <provider>whs</provider>
    </extensions>
</trkpt>
<trkpt lat="42.42320636240523" lon="77.2775562192525">
    <time>2026-09-05T07:36:33.872Z</time>
    <extensions>
        <provider>whs</provider>
    </extensions>
</trkpt>
<trkpt lat="42.42316936240523" lon="77.2775596192525">
    <time>2026-09-05T07:36:34.872Z</time>
    <extensions>
        <provider>whs</provider>
    </extensions>
</trkpt>
<trkpt lat="42.42313316240523" lon="77.27758061925249">
    <time>2026-09-05T07:36:35.874Z</time>
    <extensions>
        <provider>whs</provider>
    </extensions>
</trkpt>
<trkpt lat="42.42308216240523" lon="77.2776317192525">
    <time>2026-09-05T07:36:36.875Z</time>
    <extensions>
        <provider>whs</provider>
    </extensions>
</trkpt>
<trkpt lat="42.42305156240523" lon="77.2776659192525">
    <time>2026-09-05T07:36:37.877Z</time>
    <extensions>
        <provider>whs</provider>
    </extensions>
</trkpt>
<trkpt lat="42.42302476240523" lon="77.2777052192525">
    <time>2026-09-05T07:36:38.878Z</time>
    <extensions>
        <provider>whs</provider>
    </extensions>
</trkpt>
<trkpt lat="42.42301576240523" lon="77.2777423192525">
    <time>2026-09-05T07:36:39.879Z</time>
    <extensions>
        <provider>whs</provider>
    </extensions>
</trkpt>
<trkpt lat="42.42301916240523" lon="77.2777746192525">
    <time>2026-09-05T07:36:40.880Z</time>
    <extensions>
        <provider>whs</provider>
    </extensions>
</trkpt>
<trkpt lat="42.42301476240523" lon="77.2778136192525">
    <time>2026-09-05T07:36:41.882Z</time>
    <extensions>
        <provider>whs</provider>
    </extensions>
</trkpt>
<trkpt lat="42.42301546240523" lon="77.2778541192525">
    <time>2026-09-05T07:36:42.884Z</time>
    <extensions>
        <provider>whs</provider>
    </extensions>
</trkpt>
<trkpt lat="42.42301666240523" lon="77.2778984192525">
    <time>2026-09-05T07:36:43.884Z</time>
    <extensions>
        <provider>whs</provider>
    </extensions>
</trkpt>
<trkpt lat="42.42303676240523" lon="77.2779450192525">
    <time>2026-09-05T07:36:44.887Z</time>
    <extensions>
        <provider>whs</provider>
    </extensions>
</trkpt>
<trkpt lat="42.42305316240523" lon="77.27798581925249">
    <time>2026-09-05T07:36:45.887Z</time>
    <extensions>
        <provider>whs</provider>
    </extensions>
</trkpt>
<trkpt lat="42.42307716240523" lon="77.2780293192525">
    <time>2026-09-05T07:36:46.888Z</time>
    <extensions>
        <provider>whs</provider>
    </extensions>
</trkpt>
<trkpt lat="42.42310186240523" lon="77.2780584192525">
    <time>2026-09-05T07:36:47.889Z</time>
    <extensions>
        <provider>whs</provider>
    </extensions>
</trkpt>
<trkpt lat="42.42313196240523" lon="77.2780802192525">
    <time>2026-09-05T07:36:48.890Z</time>
    <extensions>
        <provider>whs</provider>
    </extensions>
</trkpt>
<trkpt lat="42.42316746240523" lon="77.2780865192525">
    <time>2026-09-05T07:36:49.891Z</time>
    <extensions>
        <provider>whs</provider>
    </extensions>
</trkpt>
<trkpt lat="42.42320126240523" lon="77.2780766192525">
    <time>2026-09-05T07:36:50.893Z</time>
    <extensions>
        <provider>whs</provider>
    </extensions>
</trkpt>
<trkpt lat="42.42323076240523" lon="77.2780525192525">
    <time>2026-09-05T07:36:51.894Z</time>
    <extensions>
        <provider>whs</provider>
    </extensions>
</trkpt>
<trkpt lat="42.42325276240523" lon="77.2780158192525">
    <time>2026-09-05T07:36:52.896Z</time>
    <extensions>
        <provider>whs</provider>
    </extensions>
</trkpt>
<trkpt lat="42.42326966240523" lon="77.2779864192525">
    <time>2026-09-05T07:36:53.897Z</time>
    <extensions>
        <provider>whs</provider>
    </extensions>
</trkpt>
<trkpt lat="42.42328506240523" lon="77.2779479192525">
    <time>2026-09-05T07:36:54.898Z</time>
    <extensions>
        <provider>whs</provider>
    </extensions>
</trkpt>
<trkpt lat="42.42330046240523" lon="77.2779177192525">
    <time>2026-09-05T07:36:55.900Z</time>
    <extensions>
        <provider>whs</provider>
    </extensions>
</trkpt>
<trkpt lat="42.42331056240523" lon="77.2778847192525">
    <time>2026-09-05T07:36:56.901Z</time>
    <extensions>
        <provider>whs</provider>
    </extensions>
</trkpt>
<trkpt lat="42.423316562405226" lon="77.2778509192525">
    <time>2026-09-05T07:36:57.901Z</time>
    <extensions>
        <provider>whs</provider>
    </extensions>
</trkpt>
<trkpt lat="42.42332196240523" lon="77.2778246192525">
    <time>2026-09-05T07:36:58.902Z</time>
    <extensions>
        <provider>whs</provider>
    </extensions>
</trkpt>
<trkpt lat="42.42330246240523" lon="77.2778183192525">
    <time>2026-09-05T07:37:06.911Z</time>
    <extensions>
        <provider>whs</provider>
    </extensions>
</trkpt>
<trkpt lat="42.42331996240523" lon="77.2778116192525">
    <time>2026-09-05T07:37:09.914Z</time>
    <extensions>
        <provider>whs</provider>
    </extensions>
</trkpt>
<trkpt lat="42.42332846240523" lon="77.2777889192525">
    <time>2026-09-05T07:37:15.921Z</time>
    <extensions>
        <provider>whs</provider>
    </extensions>
</trkpt>
<trkpt lat="42.42332866240523" lon="77.27775461925249">
    <time>2026-09-05T07:37:18.925Z</time>
    <extensions>
        <provider>whs</provider>
    </extensions>
</trkpt>
<trkpt lat="42.42331736240523" lon="77.2777327192525">
    <time>2026-09-05T07:37:27.938Z</time>
    <extensions>
        <provider>whs</provider>
    </extensions>
</trkpt>
<trkpt lat="42.423295862405226" lon="77.2777315192525">
    <time>2026-09-05T07:37:31.944Z</time>
    <extensions>
        <provider>whs</provider>
    </extensions>
</trkpt>
<trkpt lat="42.42329036240523" lon="77.2777070192525">
    <time>2026-09-05T07:38:02.989Z</time>
    <extensions>
        <provider>whs</provider>
    </extensions>
</trkpt>
<trkpt lat="42.42328976240523" lon="77.2777327192525">
    <time>2026-09-05T07:38:11.002Z</time>
    <extensions>
        <provider>whs</provider>
    </extensions>
</trkpt>
<trkpt lat="42.42327926240523" lon="77.27770651925249">
    <time>2026-09-05T07:38:14.998Z</time>
    <extensions>
        <provider>whs</provider>
    </extensions>
</trkpt>
<trkpt lat="42.42330876240523" lon="77.2776801192525">
    <time>2026-09-05T07:38:31.021Z</time>
    <extensions>
        <provider>whs</provider>
    </extensions>
</trkpt>
<trkpt lat="42.42332586240523" lon="77.2776710192525">
    <time>2026-09-05T07:38:33.024Z</time>
    <extensions>
        <provider>whs</provider>
    </extensions>
</trkpt>
<trkpt lat="42.423340262405226" lon="77.2776558192525">
    <time>2026-09-05T07:38:35.027Z</time>
    <extensions>
        <provider>whs</provider>
    </extensions>
</trkpt>
<trkpt lat="42.42334446240523" lon="77.2776303192525">
    <time>2026-09-05T07:38:39.033Z</time>
    <extensions>
        <provider>whs</provider>
    </extensions>
</trkpt>
<trkpt lat="42.42331886240523" lon="77.27763711925249">
    <time>2026-09-05T07:38:42.038Z</time>
    <extensions>
        <provider>whs</provider>
    </extensions>
</trkpt>
<trkpt lat="42.42331156240523" lon="77.27770101925249">
    <time>2026-09-05T07:38:46.043Z</time>
    <extensions>
        <provider>whs</provider>
    </extensions>
</trkpt>
<trkpt lat="42.42328416240523" lon="77.2776837192525">
    <time>2026-09-05T07:38:53.051Z</time>
    <extensions>
        <provider>whs</provider>
    </extensions>
</trkpt>
<trkpt lat="42.42328956240523" lon="77.2776578192525">
    <time>2026-09-05T07:38:55.054Z</time>
    <extensions>
        <provider>whs</provider>
    </extensions>
</trkpt>
<trkpt lat="42.42330246240523" lon="77.2776758192525">
    <time>2026-09-05T07:39:01.064Z</time>
    <extensions>
        <provider>whs</provider>
    </extensions>
</trkpt>
<trkpt lat="42.42329026240523" lon="77.2776496192525">
    <time>2026-09-05T07:39:06.072Z</time>
    <extensions>
        <provider>whs</provider>
    </extensions>
</trkpt>
<trkpt lat="42.42327146240523" lon="77.2776423192525">
    <time>2026-09-05T07:39:08.074Z</time>
    <extensions>
        <provider>whs</provider>
    </extensions>
</trkpt>
<trkpt lat="42.42329196240523" lon="77.2776583192525">
    <time>2026-09-05T07:39:22.091Z</time>
    <extensions>
        <provider>whs</provider>
    </extensions>
</trkpt>
<trkpt lat="42.42327376240523" lon="77.2776774192525">
    <time>2026-09-05T07:39:25.096Z</time>
    <extensions>
        <provider>whs</provider>
    </extensions>
</trkpt>
<trkpt lat="42.42329026240523" lon="77.2776671192525">
    <time>2026-09-05T07:40:02.145Z</time>
    <extensions>
        <provider>whs</provider>
    </extensions>
</trkpt>
<trkpt lat="42.42327816240523" lon="77.27764401925249">
    <time>2026-09-05T07:40:04.148Z</time>
    <extensions>
        <provider>whs</provider>
    </extensions>
</trkpt>
<trkpt lat="42.42329816240523" lon="77.2776319192525">
    <time>2026-09-05T07:40:07.152Z</time>
    <extensions>
        <provider>whs</provider>
    </extensions>
</trkpt>
<trkpt lat="42.42331136240523" lon="77.2776150192525">
    <time>2026-09-05T07:40:11.159Z</time>
    <extensions>
        <provider>whs</provider>
    </extensions>
</trkpt>
<trkpt lat="42.42332536240523" lon="77.2775967192525">
    <time>2026-09-05T07:40:12.160Z</time>
    <extensions>
        <provider>whs</provider>
    </extensions>
</trkpt>
<trkpt lat="42.42333546240523" lon="77.2775697192525">
    <time>2026-09-05T07:40:15.164Z</time>
    <extensions>
        <provider>whs</provider>
    </extensions>
</trkpt>
<trkpt lat="42.42333526240523" lon="77.2775343192525">
    <time>2026-09-05T07:40:18.166Z</time>
    <extensions>
        <provider>whs</provider>
    </extensions>
</trkpt>
<trkpt lat="42.42333386240523" lon="77.2775651192525">
    <time>2026-09-05T07:40:26.177Z</time>
    <extensions>
        <provider>whs</provider>
    </extensions>
</trkpt>
<trkpt lat="42.42333546240523" lon="77.27759111925249">
    <time>2026-09-05T07:40:32.186Z</time>
    <extensions>
        <provider>whs</provider>
    </extensions>
</trkpt>
<trkpt lat="42.42331056240523" lon="77.2776283192525">
    <time>2026-09-05T07:40:35.189Z</time>
    <extensions>
        <provider>whs</provider>
    </extensions>
</trkpt>
<trkpt lat="42.42331566240523" lon="77.27765501925249">
    <time>2026-09-05T07:40:59.226Z</time>
    <extensions>
        <provider>whs</provider>
    </extensions>
</trkpt>
<trkpt lat="42.42330636240523" lon="77.27762321925249">
    <time>2026-09-05T07:41:02.232Z</time>
    <extensions>
        <provider>whs</provider>
    </extensions>
</trkpt>
<trkpt lat="42.42330296240523" lon="77.2775948192525">
    <time>2026-09-05T07:41:07.239Z</time>
    <extensions>
        <provider>whs</provider>
    </extensions>
</trkpt>
<trkpt lat="42.42331156240523" lon="77.2775641192525">
    <time>2026-09-05T07:41:28.272Z</time>
    <extensions>
        <provider>whs</provider>
    </extensions>
</trkpt>
<trkpt lat="42.42329926240523" lon="77.2775965192525">
    <time>2026-09-05T07:41:46.297Z</time>
    <extensions>
        <provider>whs</provider>
    </extensions>
</trkpt>
<trkpt lat="42.42329356240523" lon="77.27762631925249">
    <time>2026-09-05T07:41:52.306Z</time>
    <extensions>
        <provider>whs</provider>
    </extensions>
</trkpt>
<trkpt lat="42.42327046240523" lon="77.2776293192525">
    <time>2026-09-05T07:41:55.310Z</time>
    <extensions>
        <provider>whs</provider>
    </extensions>
</trkpt>
<trkpt lat="42.42327786240523" lon="77.2776541192525">
    <time>2026-09-05T07:42:00.318Z</time>
    <extensions>
        <provider>whs</provider>
    </extensions>
</trkpt>
<trkpt lat="42.42327616240523" lon="77.27762801925249">
    <time>2026-09-05T07:42:03.321Z</time>
    <extensions>
        <provider>whs</provider>
    </extensions>
</trkpt>
<trkpt lat="42.42329296240523" lon="77.2776180192525">
    <time>2026-09-05T07:42:06.326Z</time>
    <extensions>
        <provider>whs</provider>
    </extensions>
</trkpt>
<trkpt lat="42.42329626240523" lon="77.2776494192525">
    <time>2026-09-05T07:42:21.348Z</time>
    <extensions>
        <provider>whs</provider>
    </extensions>
</trkpt>
<trkpt lat="42.42326136240523" lon="77.27764691925249">
    <time>2026-09-05T07:42:28.359Z</time>
    <extensions>
        <provider>whs</provider>
    </extensions>
</trkpt>
<trkpt lat="42.42325356240523" lon="77.2776745192525">
    <time>2026-09-05T07:42:42.385Z</time>
    <extensions>
        <provider>whs</provider>
    </extensions>
</trkpt>
<trkpt lat="42.42327086240523" lon="77.2776456192525">
    <time>2026-09-05T07:42:50.400Z</time>
    <extensions>
        <provider>whs</provider>
    </extensions>
</trkpt>
<trkpt lat="42.42327526240523" lon="77.27762101925249">
    <time>2026-09-05T07:42:54.406Z</time>
    <extensions>
        <provider>whs</provider>
    </extensions>
</trkpt>
<trkpt lat="42.42326446240523" lon="77.2776597192525">
    <time>2026-09-05T07:43:05.426Z</time>
    <extensions>
        <provider>whs</provider>
    </extensions>
</trkpt>
<trkpt lat="42.42325046240523" lon="77.2776778192525">
    <time>2026-09-05T07:43:09.432Z</time>
    <extensions>
        <provider>whs</provider>
    </extensions>
</trkpt>
<trkpt lat="42.42321576240523" lon="77.27769861925249">
    <time>2026-09-05T07:43:10.433Z</time>
    <extensions>
        <provider>whs</provider>
    </extensions>
</trkpt>
<trkpt lat="42.42317196240523" lon="77.27772471925249">
    <time>2026-09-05T07:43:11.434Z</time>
    <extensions>
        <provider>whs</provider>
    </extensions>
</trkpt>
<trkpt lat="42.42313786240523" lon="77.2777794192525">
    <time>2026-09-05T07:43:12.437Z</time>
    <extensions>
        <provider>whs</provider>
    </extensions>
</trkpt>
<trkpt lat="42.42309056240523" lon="77.27783171925249">
    <time>2026-09-05T07:43:13.437Z</time>
    <extensions>
        <provider>whs</provider>
    </extensions>
</trkpt>
<trkpt lat="42.42305646240523" lon="77.2778780192525">
    <time>2026-09-05T07:43:14.438Z</time>
    <extensions>
        <provider>whs</provider>
    </extensions>
</trkpt>
<trkpt lat="42.42303116240523" lon="77.27792721925249">
    <time>2026-09-05T07:43:15.440Z</time>
    <extensions>
        <provider>whs</provider>
    </extensions>
</trkpt>
<trkpt lat="42.42301036240523" lon="77.2779733192525">
    <time>2026-09-05T07:43:16.442Z</time>
    <extensions>
        <provider>whs</provider>
    </extensions>
</trkpt>
<trkpt lat="42.42298996240523" lon="77.2780272192525">
    <time>2026-09-05T07:43:17.442Z</time>
    <extensions>
        <provider>whs</provider>
    </extensions>
</trkpt>
<trkpt lat="42.42295436240523" lon="77.27806341925249">
    <time>2026-09-05T07:43:18.443Z</time>
    <extensions>
        <provider>whs</provider>
    </extensions>
</trkpt>
<trkpt lat="42.42292976240523" lon="77.2780972192525">
    <time>2026-09-05T07:43:19.445Z</time>
    <extensions>
        <provider>whs</provider>
    </extensions>
</trkpt>
<trkpt lat="42.42288536240523" lon="77.2780994192525">
    <time>2026-09-05T07:43:20.446Z</time>
    <extensions>
        <provider>whs</provider>
    </extensions>
</trkpt>
<trkpt lat="42.422838662405226" lon="77.27810171925249">
    <time>2026-09-05T07:43:21.446Z</time>
    <extensions>
        <provider>whs</provider>
    </extensions>
</trkpt>
<trkpt lat="42.422793062405226" lon="77.2780846192525">
    <time>2026-09-05T07:43:22.449Z</time>
    <extensions>
        <provider>whs</provider>
    </extensions>
</trkpt>
<trkpt lat="42.42275516240523" lon="77.27806961925249">
    <time>2026-09-05T07:43:23.449Z</time>
    <extensions>
        <provider>whs</provider>
    </extensions>
</trkpt>
<trkpt lat="42.42270896240523" lon="77.2780438192525">
    <time>2026-09-05T07:43:24.450Z</time>
    <extensions>
        <provider>whs</provider>
    </extensions>
</trkpt>
<trkpt lat="42.422672662405226" lon="77.27801601925249">
    <time>2026-09-05T07:43:25.451Z</time>
    <extensions>
        <provider>whs</provider>
    </extensions>
</trkpt>
<trkpt lat="42.42263826240523" lon="77.2779852192525">
    <time>2026-09-05T07:43:26.452Z</time>
    <extensions>
        <provider>whs</provider>
    </extensions>
</trkpt>
<trkpt lat="42.42261906240523" lon="77.27793961925249">
    <time>2026-09-05T07:43:27.453Z</time>
    <extensions>
        <provider>whs</provider>
    </extensions>
</trkpt>
<trkpt lat="42.42260216240523" lon="77.2778940192525">
    <time>2026-09-05T07:43:28.454Z</time>
    <extensions>
        <provider>whs</provider>
    </extensions>
</trkpt>
<trkpt lat="42.42260086240523" lon="77.2778457192525">
    <time>2026-09-05T07:43:29.457Z</time>
    <extensions>
        <provider>whs</provider>
    </extensions>
</trkpt>
<trkpt lat="42.42259236240523" lon="77.27780031925249">
    <time>2026-09-05T07:43:30.457Z</time>
    <extensions>
        <provider>whs</provider>
    </extensions>
</trkpt>
<trkpt lat="42.42258836240523" lon="77.27775051925249">
    <time>2026-09-05T07:43:31.458Z</time>
    <extensions>
        <provider>whs</provider>
    </extensions>
</trkpt>
<trkpt lat="42.42259596240523" lon="77.2776972192525">
    <time>2026-09-05T07:43:32.459Z</time>
    <extensions>
        <provider>whs</provider>
    </extensions>
</trkpt>
<trkpt lat="42.42261476240523" lon="77.2776348192525">
    <time>2026-09-05T07:43:33.459Z</time>
    <extensions>
        <provider>whs</provider>
    </extensions>
</trkpt>
<trkpt lat="42.42262276240523" lon="77.2775669192525">
    <time>2026-09-05T07:43:34.460Z</time>
    <extensions>
        <provider>whs</provider>
    </extensions>
</trkpt>
<trkpt lat="42.42262996240523" lon="77.2775029192525">
    <time>2026-09-05T07:43:35.462Z</time>
    <extensions>
        <provider>whs</provider>
    </extensions>
</trkpt>
<trkpt lat="42.42265206240523" lon="77.2774577192525">
    <time>2026-09-05T07:43:36.463Z</time>
    <extensions>
        <provider>whs</provider>
    </extensions>
</trkpt>
<trkpt lat="42.42267406240523" lon="77.2774230192525">
    <time>2026-09-05T07:43:37.464Z</time>
    <extensions>
        <provider>whs</provider>
    </extensions>
</trkpt>
<trkpt lat="42.42269836240523" lon="77.2773947192525">
    <time>2026-09-05T07:43:38.465Z</time>
    <extensions>
        <provider>whs</provider>
    </extensions>
</trkpt>
<trkpt lat="42.42273176240523" lon="77.2773657192525">
    <time>2026-09-05T07:43:39.465Z</time>
    <extensions>
        <provider>whs</provider>
    </extensions>
</trkpt>
<trkpt lat="42.42277396240523" lon="77.2773657192525">
    <time>2026-09-05T07:43:40.466Z</time>
    <extensions>
        <provider>whs</provider>
    </extensions>
</trkpt>
<trkpt lat="42.42280736240523" lon="77.2773756192525">
    <time>2026-09-05T07:43:41.467Z</time>
    <extensions>
        <provider>whs</provider>
    </extensions>
</trkpt>
<trkpt lat="42.42284796240523" lon="77.2774144192525">
    <time>2026-09-05T07:43:42.469Z</time>
    <extensions>
        <provider>whs</provider>
    </extensions>
</trkpt>
<trkpt lat="42.42287626240523" lon="77.2774603192525">
    <time>2026-09-05T07:43:43.469Z</time>
    <extensions>
        <provider>whs</provider>
    </extensions>
</trkpt>
<trkpt lat="42.42289326240523" lon="77.2775251192525">
    <time>2026-09-05T07:43:44.471Z</time>
    <extensions>
        <provider>whs</provider>
    </extensions>
</trkpt>
<trkpt lat="42.42289836240523" lon="77.27759351925249">
    <time>2026-09-05T07:43:45.472Z</time>
    <extensions>
        <provider>whs</provider>
    </extensions>
</trkpt>
<trkpt lat="42.42290546240523" lon="77.2776657192525">
    <time>2026-09-05T07:43:46.471Z</time>
    <extensions>
        <provider>whs</provider>
    </extensions>
</trkpt>
<trkpt lat="42.422899462405226" lon="77.2777277192525">
    <time>2026-09-05T07:43:47.472Z</time>
    <extensions>
        <provider>whs</provider>
    </extensions>
</trkpt>
<trkpt lat="42.42290866240523" lon="77.27778431925249">
    <time>2026-09-05T07:43:48.473Z</time>
    <extensions>
        <provider>whs</provider>
    </extensions>
</trkpt>
<trkpt lat="42.42292716240523" lon="77.2778174192525">
    <time>2026-09-05T07:43:49.474Z</time>
    <extensions>
        <provider>whs</provider>
    </extensions>
</trkpt>
<trkpt lat="42.422936562405226" lon="77.2778567192525">
    <time>2026-09-05T07:43:50.475Z</time>
    <extensions>
        <provider>whs</provider>
    </extensions>
</trkpt>
<trkpt lat="42.42294456240523" lon="77.27789561925249">
    <time>2026-09-05T07:43:51.475Z</time>
    <extensions>
        <provider>whs</provider>
    </extensions>
</trkpt>
<trkpt lat="42.42295776240523" lon="77.27794011925249">
    <time>2026-09-05T07:43:52.476Z</time>
    <extensions>
        <provider>whs</provider>
    </extensions>
</trkpt>
<trkpt lat="42.42297176240523" lon="77.2779811192525">
    <time>2026-09-05T07:43:53.478Z</time>
    <extensions>
        <provider>whs</provider>
    </extensions>
</trkpt>
<trkpt lat="42.42298906240523" lon="77.2780209192525">
    <time>2026-09-05T07:43:54.478Z</time>
    <extensions>
        <provider>whs</provider>
    </extensions>
</trkpt>
<trkpt lat="42.42301086240523" lon="77.27806601925249">
    <time>2026-09-05T07:43:55.478Z</time>
    <extensions>
        <provider>whs</provider>
    </extensions>
</trkpt>
<trkpt lat="42.42303436240523" lon="77.2781008192525">
    <time>2026-09-05T07:43:56.480Z</time>
    <extensions>
        <provider>whs</provider>
    </extensions>
</trkpt>
<trkpt lat="42.42306226240523" lon="77.27811941925249">
    <time>2026-09-05T07:43:57.480Z</time>
    <extensions>
        <provider>whs</provider>
    </extensions>
</trkpt>
<trkpt lat="42.42309346240523" lon="77.27812991925249">
    <time>2026-09-05T07:43:58.481Z</time>
    <extensions>
        <provider>whs</provider>
    </extensions>
</trkpt>
<trkpt lat="42.42313346240523" lon="77.2781217192525">
    <time>2026-09-05T07:43:59.481Z</time>
    <extensions>
        <provider>whs</provider>
    </extensions>
</trkpt>
<trkpt lat="42.42316096240523" lon="77.27807941925249">
    <time>2026-09-05T07:44:00.483Z</time>
    <extensions>
        <provider>whs</provider>
    </extensions>
</trkpt>
<trkpt lat="42.42318416240523" lon="77.2780319192525">
    <time>2026-09-05T07:44:01.483Z</time>
    <extensions>
        <provider>whs</provider>
    </extensions>
</trkpt>
<trkpt lat="42.42319696240523" lon="77.2779847192525">
    <time>2026-09-05T07:44:02.484Z</time>
    <extensions>
        <provider>whs</provider>
    </extensions>
</trkpt>
<trkpt lat="42.42319226240523" lon="77.27792981925249">
    <time>2026-09-05T07:44:03.485Z</time>
    <extensions>
        <provider>whs</provider>
    </extensions>
</trkpt>
<trkpt lat="42.42319666240523" lon="77.2778650192525">
    <time>2026-09-05T07:44:04.486Z</time>
    <extensions>
        <provider>whs</provider>
    </extensions>
</trkpt>
<trkpt lat="42.42320876240523" lon="77.27781011925249">
    <time>2026-09-05T07:44:05.487Z</time>
    <extensions>
        <provider>whs</provider>
    </extensions>
</trkpt>
<trkpt lat="42.42320566240523" lon="77.2777626192525">
    <time>2026-09-05T07:44:06.487Z</time>
    <extensions>
        <provider>whs</provider>
    </extensions>
</trkpt>
<trkpt lat="42.42319856240523" lon="77.2777219192525">
    <time>2026-09-05T07:44:07.488Z</time>
    <extensions>
        <provider>whs</provider>
    </extensions>
</trkpt>
<trkpt lat="42.42319076240523" lon="77.2776813192525">
    <time>2026-09-05T07:44:08.490Z</time>
    <extensions>
        <provider>whs</provider>
    </extensions>
</trkpt>
<trkpt lat="42.42318366240523" lon="77.27763351925249">
    <time>2026-09-05T07:44:09.490Z</time>
    <extensions>
        <provider>whs</provider>
    </extensions>
</trkpt>
<trkpt lat="42.42318306240523" lon="77.27757941925249">
    <time>2026-09-05T07:44:10.490Z</time>
    <extensions>
        <provider>whs</provider>
    </extensions>
</trkpt>
<trkpt lat="42.42319346240523" lon="77.2775457192525">
    <time>2026-09-05T07:44:11.492Z</time>
    <extensions>
        <provider>whs</provider>
    </extensions>
</trkpt>
<trkpt lat="42.42318926240523" lon="77.27750231925249">
    <time>2026-09-05T07:44:12.493Z</time>
    <extensions>
        <provider>whs</provider>
    </extensions>
</trkpt>
<trkpt lat="42.423187662405226" lon="77.2774601192525">
    <time>2026-09-05T07:44:13.493Z</time>
    <extensions>
        <provider>whs</provider>
    </extensions>
</trkpt>
<trkpt lat="42.42317886240523" lon="77.27741951925249">
    <time>2026-09-05T07:44:14.494Z</time>
    <extensions>
        <provider>whs</provider>
    </extensions>
</trkpt>
<trkpt lat="42.423149962405226" lon="77.2773821192525">
    <time>2026-09-05T07:44:15.494Z</time>
    <extensions>
        <provider>whs</provider>
    </extensions>
</trkpt>
<trkpt lat="42.42311916240523" lon="77.2773639192525">
    <time>2026-09-05T07:44:16.496Z</time>
    <extensions>
        <provider>whs</provider>
    </extensions>
</trkpt>
<trkpt lat="42.42307436240523" lon="77.2773592192525">
    <time>2026-09-05T07:44:17.496Z</time>
    <extensions>
        <provider>whs</provider>
    </extensions>
</trkpt>
<trkpt lat="42.42304096240523" lon="77.2773734192525">
    <time>2026-09-05T07:44:18.497Z</time>
    <extensions>
        <provider>whs</provider>
    </extensions>
</trkpt>
<trkpt lat="42.42301806240523" lon="77.2774174192525">
    <time>2026-09-05T07:44:19.498Z</time>
    <extensions>
        <provider>whs</provider>
    </extensions>
</trkpt>
<trkpt lat="42.42299686240523" lon="77.2774634192525">
    <time>2026-09-05T07:44:20.498Z</time>
    <extensions>
        <provider>whs</provider>
    </extensions>
</trkpt>
<trkpt lat="42.42297276240523" lon="77.2775092192525">
    <time>2026-09-05T07:44:21.499Z</time>
    <extensions>
        <provider>whs</provider>
    </extensions>
</trkpt>
<trkpt lat="42.42296716240523" lon="77.2775613192525">
    <time>2026-09-05T07:44:22.500Z</time>
    <extensions>
        <provider>whs</provider>
    </extensions>
</trkpt>
<trkpt lat="42.42295706240523" lon="77.2775968192525">
    <time>2026-09-05T07:44:23.501Z</time>
    <extensions>
        <provider>whs</provider>
    </extensions>
</trkpt>
<trkpt lat="42.42296706240523" lon="77.2776310192525">
    <time>2026-09-05T07:44:24.502Z</time>
    <extensions>
        <provider>whs</provider>
    </extensions>
</trkpt>
<trkpt lat="42.422983962405226" lon="77.2776709192525">
    <time>2026-09-05T07:44:25.503Z</time>
    <extensions>
        <provider>whs</provider>
    </extensions>
</trkpt>
<trkpt lat="42.42302536240523" lon="77.2777339192525">
    <time>2026-09-05T07:44:26.504Z</time>
    <extensions>
        <provider>whs</provider>
    </extensions>
</trkpt>
<trkpt lat="42.42304666240523" lon="77.2777853192525">
    <time>2026-09-05T07:44:27.505Z</time>
    <extensions>
        <provider>whs</provider>
    </extensions>
</trkpt>
<trkpt lat="42.42308166240523" lon="77.2778255192525">
    <time>2026-09-05T07:44:28.507Z</time>
    <extensions>
        <provider>whs</provider>
    </extensions>
</trkpt>
<trkpt lat="42.42310306240523" lon="77.2778438192525">
    <time>2026-09-05T07:44:29.507Z</time>
    <extensions>
        <provider>whs</provider>
    </extensions>
</trkpt>
<trkpt lat="42.42313586240523" lon="77.2778593192525">
    <time>2026-09-05T07:44:30.508Z</time>
    <extensions>
        <provider>whs</provider>
    </extensions>
</trkpt>
<trkpt lat="42.42316836240523" lon="77.27786711925249">
    <time>2026-09-05T07:44:31.510Z</time>
    <extensions>
        <provider>whs</provider>
    </extensions>
</trkpt>
<trkpt lat="42.42319896240523" lon="77.2778723192525">
    <time>2026-09-05T07:44:32.512Z</time>
    <extensions>
        <provider>whs</provider>
    </extensions>
</trkpt>
<trkpt lat="42.42323456240523" lon="77.2778641192525">
    <time>2026-09-05T07:44:33.512Z</time>
    <extensions>
        <provider>whs</provider>
    </extensions>
</trkpt>
<trkpt lat="42.423263662405226" lon="77.27784841925249">
    <time>2026-09-05T07:44:34.515Z</time>
    <extensions>
        <provider>whs</provider>
    </extensions>
</trkpt>
<trkpt lat="42.42329326240523" lon="77.2778306192525">
    <time>2026-09-05T07:44:35.515Z</time>
    <extensions>
        <provider>whs</provider>
    </extensions>
</trkpt>
<trkpt lat="42.42332016240523" lon="77.2778074192525">
    <time>2026-09-05T07:44:36.516Z</time>
    <extensions>
        <provider>whs</provider>
    </extensions>
</trkpt>
<trkpt lat="42.42334466240523" lon="77.27778861925249">
    <time>2026-09-05T07:44:37.518Z</time>
    <extensions>
        <provider>whs</provider>
    </extensions>
</trkpt>
<trkpt lat="42.42336306240523" lon="77.2777724192525">
    <time>2026-09-05T07:44:38.518Z</time>
    <extensions>
        <provider>whs</provider>
    </extensions>
</trkpt>
<trkpt lat="42.42333956240523" lon="77.27777521925249">
    <time>2026-09-05T07:44:44.526Z</time>
    <extensions>
        <provider>whs</provider>
    </extensions>
</trkpt>
<trkpt lat="42.42331386240523" lon="77.2777629192525">
    <time>2026-09-05T07:44:47.530Z</time>
    <extensions>
        <provider>whs</provider>
    </extensions>
</trkpt>
<trkpt lat="42.42332166240523" lon="77.27773951925249">
    <time>2026-09-05T07:44:50.533Z</time>
    <extensions>
        <provider>whs</provider>
    </extensions>
</trkpt>
<trkpt lat="42.42333646240523" lon="77.27772251925249">
    <time>2026-09-05T07:44:56.541Z</time>
    <extensions>
        <provider>whs</provider>
    </extensions>
</trkpt>
<trkpt lat="42.423318962405226" lon="77.2777162192525">
    <time>2026-09-05T07:45:02.546Z</time>
    <extensions>
        <provider>whs</provider>
    </extensions>
</trkpt>
<trkpt lat="42.423316562405226" lon="77.2776882192525">
    <time>2026-09-05T07:45:06.549Z</time>
    <extensions>
        <provider>whs</provider>
    </extensions>
</trkpt>
<trkpt lat="42.42329966240523" lon="77.2776793192525">
    <time>2026-09-05T07:45:16.554Z</time>
    <extensions>
        <provider>whs</provider>
    </extensions>
</trkpt>
<trkpt lat="42.42330286240523" lon="77.2776470192525">
    <time>2026-09-05T07:45:32.570Z</time>
    <extensions>
        <provider>whs</provider>
    </extensions>
</trkpt>
<trkpt lat="42.42332196240523" lon="77.27763731925249">
    <time>2026-09-05T07:45:38.577Z</time>
    <extensions>
        <provider>whs</provider>
    </extensions>
</trkpt>
<trkpt lat="42.42329786240523" lon="77.2776490192525">
    <time>2026-09-05T07:45:44.583Z</time>
    <extensions>
        <provider>whs</provider>
    </extensions>
</trkpt>
<trkpt lat="42.42327646240523" lon="77.2776304192525">
    <time>2026-09-05T07:45:57.602Z</time>
    <extensions>
        <provider>whs</provider>
    </extensions>
</trkpt>
<trkpt lat="42.423300762405226" lon="77.2776144192525">
    <time>2026-09-05T07:46:19.634Z</time>
    <extensions>
        <provider>whs</provider>
    </extensions>
</trkpt>
<trkpt lat="42.42333146240523" lon="77.2776257192525">
    <time>2026-09-05T07:46:34.655Z</time>
    <extensions>
        <provider>whs</provider>
    </extensions>
</trkpt>
<trkpt lat="42.42330756240523" lon="77.27763921925249">
    <time>2026-09-05T07:46:38.660Z</time>
    <extensions>
        <provider>whs</provider>
    </extensions>
</trkpt>
<trkpt lat="42.42328776240523" lon="77.2776490192525">
    <time>2026-09-05T07:46:40.663Z</time>
    <extensions>
        <provider>whs</provider>
    </extensions>
</trkpt>
<trkpt lat="42.423280062405226" lon="77.2776264192525">
    <time>2026-09-05T07:46:48.673Z</time>
    <extensions>
        <provider>whs</provider>
    </extensions>
</trkpt>
<trkpt lat="42.42327346240523" lon="77.27766531925249">
    <time>2026-09-05T07:47:01.691Z</time>
    <extensions>
        <provider>whs</provider>
    </extensions>
</trkpt>
<trkpt lat="42.42329086240523" lon="77.27767391925249">
    <time>2026-09-05T07:47:09.701Z</time>
    <extensions>
        <provider>whs</provider>
    </extensions>
</trkpt>
<trkpt lat="42.42327466240523" lon="77.2776498192525">
    <time>2026-09-05T07:47:12.704Z</time>
    <extensions>
        <provider>whs</provider>
    </extensions>
</trkpt>
<trkpt lat="42.42325996240523" lon="77.2776692192525">
    <time>2026-09-05T07:47:16.708Z</time>
    <extensions>
        <provider>whs</provider>
    </extensions>
</trkpt>
<trkpt lat="42.42328076240523" lon="77.2776594192525">
    <time>2026-09-05T07:47:28.721Z</time>
    <extensions>
        <provider>whs</provider>
    </extensions>
</trkpt>
<trkpt lat="42.42329796240523" lon="77.27764521925249">
    <time>2026-09-05T07:47:32.725Z</time>
    <extensions>
        <provider>whs</provider>
    </extensions>
</trkpt>
<trkpt lat="42.42327116240523" lon="77.2776466192525">
    <time>2026-09-05T07:47:43.735Z</time>
    <extensions>
        <provider>whs</provider>
    </extensions>
</trkpt>
<trkpt lat="42.42325796240523" lon="77.2776267192525">
    <time>2026-09-05T07:47:46.740Z</time>
    <extensions>
        <provider>whs</provider>
    </extensions>
</trkpt>
<trkpt lat="42.42327966240523" lon="77.2776133192525">
    <time>2026-09-05T07:47:51.746Z</time>
    <extensions>
        <provider>whs</provider>
    </extensions>
</trkpt>
<trkpt lat="42.42329976240523" lon="77.27763711925249">
    <time>2026-09-05T07:47:56.751Z</time>
    <extensions>
        <provider>whs</provider>
    </extensions>
</trkpt>
<trkpt lat="42.42327326240523" lon="77.2776376192525">
    <time>2026-09-05T07:48:02.758Z</time>
    <extensions>
        <provider>whs</provider>
    </extensions>
</trkpt>
<trkpt lat="42.42325336240523" lon="77.27763371925249">
    <time>2026-09-05T07:48:09.763Z</time>
    <extensions>
        <provider>whs</provider>
    </extensions>
</trkpt>
<trkpt lat="42.42326266240523" lon="77.2776123192525">
    <time>2026-09-05T07:48:12.766Z</time>
    <extensions>
        <provider>whs</provider>
    </extensions>
</trkpt>
<trkpt lat="42.42325866240523" lon="77.27763971925249">
    <time>2026-09-05T07:48:21.778Z</time>
    <extensions>
        <provider>whs</provider>
    </extensions>
</trkpt>
<trkpt lat="42.42327856240523" lon="77.2776350192525">
    <time>2026-09-05T07:48:24.771Z</time>
    <extensions>
        <provider>whs</provider>
    </extensions>
</trkpt>
<trkpt lat="42.42329766240523" lon="77.2776229192525">
    <time>2026-09-05T07:48:31.781Z</time>
    <extensions>
        <provider>whs</provider>
    </extensions>
</trkpt>
<trkpt lat="42.42331566240523" lon="77.2776241192525">
    <time>2026-09-05T07:48:37.789Z</time>
    <extensions>
        <provider>whs</provider>
    </extensions>
</trkpt>
<trkpt lat="42.42330816240523" lon="77.2776467192525">
    <time>2026-09-05T07:48:43.797Z</time>
    <extensions>
        <provider>whs</provider>
    </extensions>
</trkpt>
<trkpt lat="42.42328606240523" lon="77.2776439192525">
    <time>2026-09-05T07:48:58.817Z</time>
    <extensions>
        <provider>whs</provider>
    </extensions>
</trkpt>
<trkpt lat="42.42326446240523" lon="77.2776343192525">
    <time>2026-09-05T07:49:07.827Z</time>
    <extensions>
        <provider>whs</provider>
    </extensions>
</trkpt>
<trkpt lat="42.42324556240523" lon="77.2776393192525">
    <time>2026-09-05T07:49:09.830Z</time>
    <extensions>
        <provider>whs</provider>
    </extensions>
</trkpt>
<trkpt lat="42.42324996240523" lon="77.27766821925249">
    <time>2026-09-05T07:49:18.840Z</time>
    <extensions>
        <provider>whs</provider>
    </extensions>
</trkpt>
<trkpt lat="42.423210162405226" lon="77.2776966192525">
    <time>2026-09-05T07:49:29.859Z</time>
    <extensions>
        <provider>whs</provider>
    </extensions>
</trkpt>
<trkpt lat="42.42317266240523" lon="77.27771271925249">
    <time>2026-09-05T07:49:30.860Z</time>
    <extensions>
        <provider>whs</provider>
    </extensions>
</trkpt>
<trkpt lat="42.42311386240523" lon="77.2777164192525">
    <time>2026-09-05T07:49:31.863Z</time>
    <extensions>
        <provider>whs</provider>
    </extensions>
</trkpt>
<trkpt lat="42.42306296240523" lon="77.2777317192525">
    <time>2026-09-05T07:49:32.864Z</time>
    <extensions>
        <provider>whs</provider>
    </extensions>
</trkpt>
<trkpt lat="42.42302796240523" lon="77.2777406192525">
    <time>2026-09-05T07:49:33.866Z</time>
    <extensions>
        <provider>whs</provider>
    </extensions>
</trkpt>
<trkpt lat="42.422982162405226" lon="77.2777459192525">
    <time>2026-09-05T07:49:34.867Z</time>
    <extensions>
        <provider>whs</provider>
    </extensions>
</trkpt>
<trkpt lat="42.42293846240523" lon="77.2777560192525">
    <time>2026-09-05T07:49:35.870Z</time>
    <extensions>
        <provider>whs</provider>
    </extensions>
</trkpt>
<trkpt lat="42.42290076240523" lon="77.2777579192525">
    <time>2026-09-05T07:49:36.871Z</time>
    <extensions>
        <provider>whs</provider>
    </extensions>
</trkpt>
<trkpt lat="42.422869662405226" lon="77.2777454192525">
    <time>2026-09-05T07:49:37.873Z</time>
    <extensions>
        <provider>whs</provider>
    </extensions>
</trkpt>
<trkpt lat="42.42282826240523" lon="77.2777447192525">
    <time>2026-09-05T07:49:38.874Z</time>
    <extensions>
        <provider>whs</provider>
    </extensions>
</trkpt>
<trkpt lat="42.42279046240523" lon="77.2777445192525">
    <time>2026-09-05T07:49:39.876Z</time>
    <extensions>
        <provider>whs</provider>
    </extensions>
</trkpt>
<trkpt lat="42.42274936240523" lon="77.2777402192525">
    <time>2026-09-05T07:49:40.877Z</time>
    <extensions>
        <provider>whs</provider>
    </extensions>
</trkpt>
<trkpt lat="42.42271056240523" lon="77.2777332192525">
    <time>2026-09-05T07:49:41.879Z</time>
    <extensions>
        <provider>whs</provider>
    </extensions>
</trkpt>
<trkpt lat="42.42267276240523" lon="77.2777454192525">
    <time>2026-09-05T07:49:42.880Z</time>
    <extensions>
        <provider>whs</provider>
    </extensions>
</trkpt>
<trkpt lat="42.42262936240523" lon="77.2777590192525">
    <time>2026-09-05T07:49:43.881Z</time>
    <extensions>
        <provider>whs</provider>
    </extensions>
</trkpt>
<trkpt lat="42.42258536240523" lon="77.2777609192525">
    <time>2026-09-05T07:49:44.883Z</time>
    <extensions>
        <provider>whs</provider>
    </extensions>
</trkpt>
<trkpt lat="42.42253626240523" lon="77.2777444192525">
    <time>2026-09-05T07:49:45.884Z</time>
    <extensions>
        <provider>whs</provider>
    </extensions>
</trkpt>
<trkpt lat="42.42249336240523" lon="77.2777299192525">
    <time>2026-09-05T07:49:46.886Z</time>
    <extensions>
        <provider>whs</provider>
    </extensions>
</trkpt>
<trkpt lat="42.42245796240523" lon="77.2777169192525">
    <time>2026-09-05T07:49:47.888Z</time>
    <extensions>
        <provider>whs</provider>
    </extensions>
</trkpt>
<trkpt lat="42.42242916240523" lon="77.2776936192525">
    <time>2026-09-05T07:49:48.889Z</time>
    <extensions>
        <provider>whs</provider>
    </extensions>
</trkpt>
<trkpt lat="42.42239626240523" lon="77.2776800192525">
    <time>2026-09-05T07:49:49.891Z</time>
    <extensions>
        <provider>whs</provider>
    </extensions>
</trkpt>
<trkpt lat="42.42236546240523" lon="77.2776726192525">
    <time>2026-09-05T07:49:50.892Z</time>
    <extensions>
        <provider>whs</provider>
    </extensions>
</trkpt>
<trkpt lat="42.42232786240523" lon="77.2776501192525">
    <time>2026-09-05T07:49:51.894Z</time>
    <extensions>
        <provider>whs</provider>
    </extensions>
</trkpt>
<trkpt lat="42.42228826240523" lon="77.2776169192525">
    <time>2026-09-05T07:49:52.894Z</time>
    <extensions>
        <provider>whs</provider>
    </extensions>
</trkpt>
<trkpt lat="42.42224436240523" lon="77.2775847192525">
    <time>2026-09-05T07:49:53.896Z</time>
    <extensions>
        <provider>whs</provider>
    </extensions>
</trkpt>
<trkpt lat="42.42220176240523" lon="77.2775525192525">
    <time>2026-09-05T07:49:54.897Z</time>
    <extensions>
        <provider>whs</provider>
    </extensions>
</trkpt>
<trkpt lat="42.42216856240523" lon="77.2775321192525">
    <time>2026-09-05T07:49:55.899Z</time>
    <extensions>
        <provider>whs</provider>
    </extensions>
</trkpt>
<trkpt lat="42.42212476240523" lon="77.27750711925249">
    <time>2026-09-05T07:49:56.900Z</time>
    <extensions>
        <provider>whs</provider>
    </extensions>
</trkpt>
<trkpt lat="42.42208646240523" lon="77.2774862192525">
    <time>2026-09-05T07:49:57.902Z</time>
    <extensions>
        <provider>whs</provider>
    </extensions>
</trkpt>
<trkpt lat="42.42204206240523" lon="77.2774677192525">
    <time>2026-09-05T07:49:58.903Z</time>
    <extensions>
        <provider>whs</provider>
    </extensions>
</trkpt>
<trkpt lat="42.42200286240523" lon="77.2774527192525">
    <time>2026-09-05T07:49:59.904Z</time>
    <extensions>
        <provider>whs</provider>
    </extensions>
</trkpt>
<trkpt lat="42.42197596240523" lon="77.2774366192525">
    <time>2026-09-05T07:50:00.906Z</time>
    <extensions>
        <provider>whs</provider>
    </extensions>
</trkpt>
<trkpt lat="42.42193596240523" lon="77.2774247192525">
    <time>2026-09-05T07:50:01.908Z</time>
    <extensions>
        <provider>whs</provider>
    </extensions>
</trkpt>
<trkpt lat="42.42189286240523" lon="77.2774271192525">
    <time>2026-09-05T07:50:02.909Z</time>
    <extensions>
        <provider>whs</provider>
    </extensions>
</trkpt>
<trkpt lat="42.42185396240523" lon="77.2774285192525">
    <time>2026-09-05T07:50:03.910Z</time>
    <extensions>
        <provider>whs</provider>
    </extensions>
</trkpt>
<trkpt lat="42.42181676240523" lon="77.2774485192525">
    <time>2026-09-05T07:50:04.911Z</time>
    <extensions>
        <provider>whs</provider>
    </extensions>
</trkpt>
<trkpt lat="42.42178886240523" lon="77.2774656192525">
    <time>2026-09-05T07:50:05.913Z</time>
    <extensions>
        <provider>whs</provider>
    </extensions>
</trkpt>
<trkpt lat="42.42176166240523" lon="77.27748271925249">
    <time>2026-09-05T07:50:06.914Z</time>
    <extensions>
        <provider>whs</provider>
    </extensions>
</trkpt>
<trkpt lat="42.42174486240523" lon="77.2775173192525">
    <time>2026-09-05T07:50:07.915Z</time>
    <extensions>
        <provider>whs</provider>
    </extensions>
</trkpt>
<trkpt lat="42.421747862405226" lon="77.2775678192525">
    <time>2026-09-05T07:50:08.917Z</time>
    <extensions>
        <provider>whs</provider>
    </extensions>
</trkpt>
<trkpt lat="42.42174216240523" lon="77.2776298192525">
    <time>2026-09-05T07:50:09.918Z</time>
    <extensions>
        <provider>whs</provider>
    </extensions>
</trkpt>
<trkpt lat="42.42175036240523" lon="77.2776884192525">
    <time>2026-09-05T07:50:10.920Z</time>
    <extensions>
        <provider>whs</provider>
    </extensions>
</trkpt>
<trkpt lat="42.42176506240523" lon="77.2777378192525">
    <time>2026-09-05T07:50:11.921Z</time>
    <extensions>
        <provider>whs</provider>
    </extensions>
</trkpt>
<trkpt lat="42.42178526240523" lon="77.2777837192525">
    <time>2026-09-05T07:50:12.922Z</time>
    <extensions>
        <provider>whs</provider>
    </extensions>
</trkpt>
<trkpt lat="42.42180756240523" lon="77.27781611925249">
    <time>2026-09-05T07:50:13.924Z</time>
    <extensions>
        <provider>whs</provider>
    </extensions>
</trkpt>
<trkpt lat="42.42182436240523" lon="77.2778460192525">
    <time>2026-09-05T07:50:14.924Z</time>
    <extensions>
        <provider>whs</provider>
    </extensions>
</trkpt>
<trkpt lat="42.42185396240523" lon="77.2778598192525">
    <time>2026-09-05T07:50:15.925Z</time>
    <extensions>
        <provider>whs</provider>
    </extensions>
</trkpt>
<trkpt lat="42.42188946240523" lon="77.27786761925249">
    <time>2026-09-05T07:50:16.926Z</time>
    <extensions>
        <provider>whs</provider>
    </extensions>
</trkpt>
<trkpt lat="42.42192646240523" lon="77.2778708192525">
    <time>2026-09-05T07:50:17.928Z</time>
    <extensions>
        <provider>whs</provider>
    </extensions>
</trkpt>
<trkpt lat="42.42196946240523" lon="77.2778636192525">
    <time>2026-09-05T07:50:18.929Z</time>
    <extensions>
        <provider>whs</provider>
    </extensions>
</trkpt>
<trkpt lat="42.42201326240523" lon="77.2778574192525">
    <time>2026-09-05T07:50:19.929Z</time>
    <extensions>
        <provider>whs</provider>
    </extensions>
</trkpt>
<trkpt lat="42.42204646240523" lon="77.2778579192525">
    <time>2026-09-05T07:50:20.932Z</time>
    <extensions>
        <provider>whs</provider>
    </extensions>
</trkpt>
<trkpt lat="42.42207686240523" lon="77.2778655192525">
    <time>2026-09-05T07:50:21.933Z</time>
    <extensions>
        <provider>whs</provider>
    </extensions>
</trkpt>
<trkpt lat="42.42211466240523" lon="77.2778744192525">
    <time>2026-09-05T07:50:22.933Z</time>
    <extensions>
        <provider>whs</provider>
    </extensions>
</trkpt>
<trkpt lat="42.42215746240523" lon="77.27787861925249">
    <time>2026-09-05T07:50:23.934Z</time>
    <extensions>
        <provider>whs</provider>
    </extensions>
</trkpt>
<trkpt lat="42.42219016240523" lon="77.2778776192525">
    <time>2026-09-05T07:50:24.936Z</time>
    <extensions>
        <provider>whs</provider>
    </extensions>
</trkpt>
<trkpt lat="42.42221756240523" lon="77.2778900192525">
    <time>2026-09-05T07:50:25.936Z</time>
    <extensions>
        <provider>whs</provider>
    </extensions>
</trkpt>
<trkpt lat="42.42225406240523" lon="77.2778830192525">
    <time>2026-09-05T07:50:26.937Z</time>
    <extensions>
        <provider>whs</provider>
    </extensions>
</trkpt>
<trkpt lat="42.42229176240523" lon="77.2778878192525">
    <time>2026-09-05T07:50:27.939Z</time>
    <extensions>
        <provider>whs</provider>
    </extensions>
</trkpt>
<trkpt lat="42.422330362405226" lon="77.2778961192525">
    <time>2026-09-05T07:50:28.939Z</time>
    <extensions>
        <provider>whs</provider>
    </extensions>
</trkpt>
<trkpt lat="42.42236546240523" lon="77.2778957192525">
    <time>2026-09-05T07:50:29.941Z</time>
    <extensions>
        <provider>whs</provider>
    </extensions>
</trkpt>
<trkpt lat="42.42240006240523" lon="77.27790131925249">
    <time>2026-09-05T07:50:30.941Z</time>
    <extensions>
        <provider>whs</provider>
    </extensions>
</trkpt>
<trkpt lat="42.42243516240523" lon="77.2779088192525">
    <time>2026-09-05T07:50:31.942Z</time>
    <extensions>
        <provider>whs</provider>
    </extensions>
</trkpt>
<trkpt lat="42.422468362405226" lon="77.2779103192525">
    <time>2026-09-05T07:50:32.943Z</time>
    <extensions>
        <provider>whs</provider>
    </extensions>
</trkpt>
<trkpt lat="42.42251026240523" lon="77.27792481925249">
    <time>2026-09-05T07:50:33.944Z</time>
    <extensions>
        <provider>whs</provider>
    </extensions>
</trkpt>
<trkpt lat="42.42253556240523" lon="77.2779338192525">
    <time>2026-09-05T07:50:34.946Z</time>
    <extensions>
        <provider>whs</provider>
    </extensions>
</trkpt>
<trkpt lat="42.42258776240523" lon="77.2779417192525">
    <time>2026-09-05T07:50:35.945Z</time>
    <extensions>
        <provider>whs</provider>
    </extensions>
</trkpt>
<trkpt lat="42.42263126240523" lon="77.2779553192525">
    <time>2026-09-05T07:50:36.947Z</time>
    <extensions>
        <provider>whs</provider>
    </extensions>
</trkpt>
<trkpt lat="42.42268256240523" lon="77.27796551925249">
    <time>2026-09-05T07:50:37.947Z</time>
    <extensions>
        <provider>whs</provider>
    </extensions>
</trkpt>
<trkpt lat="42.42271466240523" lon="77.2779780192525">
    <time>2026-09-05T07:50:38.948Z</time>
    <extensions>
        <provider>whs</provider>
    </extensions>
</trkpt>
<trkpt lat="42.422749262405226" lon="77.2779821192525">
    <time>2026-09-05T07:50:39.950Z</time>
    <extensions>
        <provider>whs</provider>
    </extensions>
</trkpt>
<trkpt lat="42.42278656240523" lon="77.2779869192525">
    <time>2026-09-05T07:50:40.951Z</time>
    <extensions>
        <provider>whs</provider>
    </extensions>
</trkpt>
<trkpt lat="42.42282396240523" lon="77.2780010192525">
    <time>2026-09-05T07:50:41.951Z</time>
    <extensions>
        <provider>whs</provider>
    </extensions>
</trkpt>
<trkpt lat="42.42285376240523" lon="77.2780106192525">
    <time>2026-09-05T07:50:42.951Z</time>
    <extensions>
        <provider>whs</provider>
    </extensions>
</trkpt>
<trkpt lat="42.42289046240523" lon="77.2780137192525">
    <time>2026-09-05T07:50:43.952Z</time>
    <extensions>
        <provider>whs</provider>
    </extensions>
</trkpt>
<trkpt lat="42.42293076240523" lon="77.27802751925249">
    <time>2026-09-05T07:50:44.954Z</time>
    <extensions>
        <provider>whs</provider>
    </extensions>
</trkpt>
<trkpt lat="42.42298096240523" lon="77.2780343192525">
    <time>2026-09-05T07:50:45.953Z</time>
    <extensions>
        <provider>whs</provider>
    </extensions>
</trkpt>
<trkpt lat="42.42301856240523" lon="77.2780261192525">
    <time>2026-09-05T07:50:46.955Z</time>
    <extensions>
        <provider>whs</provider>
    </extensions>
</trkpt>
<trkpt lat="42.42305426240523" lon="77.2780120192525">
    <time>2026-09-05T07:50:47.955Z</time>
    <extensions>
        <provider>whs</provider>
    </extensions>
</trkpt>
<trkpt lat="42.42308226240523" lon="77.2779909192525">
    <time>2026-09-05T07:50:48.956Z</time>
    <extensions>
        <provider>whs</provider>
    </extensions>
</trkpt>
<trkpt lat="42.42311186240523" lon="77.2779654192525">
    <time>2026-09-05T07:50:49.957Z</time>
    <extensions>
        <provider>whs</provider>
    </extensions>
</trkpt>
<trkpt lat="42.42313126240523" lon="77.2779470192525">
    <time>2026-09-05T07:50:50.958Z</time>
    <extensions>
        <provider>whs</provider>
    </extensions>
</trkpt>
<trkpt lat="42.42316246240523" lon="77.2779285192525">
    <time>2026-09-05T07:50:51.961Z</time>
    <extensions>
        <provider>whs</provider>
    </extensions>
</trkpt>
<trkpt lat="42.42319186240523" lon="77.2779249192525">
    <time>2026-09-05T07:50:52.961Z</time>
    <extensions>
        <provider>whs</provider>
    </extensions>
</trkpt>
<trkpt lat="42.423218062405226" lon="77.2778997192525">
    <time>2026-09-05T07:50:53.962Z</time>
    <extensions>
        <provider>whs</provider>
    </extensions>
</trkpt>
<trkpt lat="42.42324286240523" lon="77.27787121925249">
    <time>2026-09-05T07:50:54.964Z</time>
    <extensions>
        <provider>whs</provider>
    </extensions>
</trkpt>
<trkpt lat="42.42326106240523" lon="77.27785611925249">
    <time>2026-09-05T07:50:55.964Z</time>
    <extensions>
        <provider>whs</provider>
    </extensions>
</trkpt>
<trkpt lat="42.423281262405226" lon="77.27781851925249">
    <time>2026-09-05T07:50:56.966Z</time>
    <extensions>
        <provider>whs</provider>
    </extensions>
</trkpt>
<trkpt lat="42.42328966240523" lon="77.2777842192525">
    <time>2026-09-05T07:50:57.966Z</time>
    <extensions>
        <provider>whs</provider>
    </extensions>
</trkpt>
<trkpt lat="42.42330066240523" lon="77.2777605192525">
    <time>2026-09-05T07:50:58.967Z</time>
    <extensions>
        <provider>whs</provider>
    </extensions>
</trkpt>
<trkpt lat="42.42331666240523" lon="77.2777446192525">
    <time>2026-09-05T07:51:00.968Z</time>
    <extensions>
        <provider>whs</provider>
    </extensions>
</trkpt>
<trkpt lat="42.42329846240523" lon="77.2777446192525">
    <time>2026-09-05T07:51:03.970Z</time>
    <extensions>
        <provider>whs</provider>
    </extensions>
</trkpt>
<trkpt lat="42.42327966240523" lon="77.2777497192525">
    <time>2026-09-05T07:51:05.972Z</time>
    <extensions>
        <provider>whs</provider>
    </extensions>
</trkpt>
<trkpt lat="42.42329796240523" lon="77.27773711925249">
    <time>2026-09-05T07:51:12.978Z</time>
    <extensions>
        <provider>whs</provider>
    </extensions>
</trkpt>
<trkpt lat="42.42330146240523" lon="77.27771011925249">
    <time>2026-09-05T07:51:29.993Z</time>
    <extensions>
        <provider>whs</provider>
    </extensions>
</trkpt>
<trkpt lat="42.42330646240523" lon="77.2777351192525">
    <time>2026-09-05T07:51:41.004Z</time>
    <extensions>
        <provider>whs</provider>
    </extensions>
</trkpt>
<trkpt lat="42.42331396240523" lon="77.2777603192525">
    <time>2026-09-05T07:51:58.023Z</time>
    <extensions>
        <provider>whs</provider>
    </extensions>
</trkpt>
<trkpt lat="42.42330066240523" lon="77.2777825192525">
    <time>2026-09-05T07:52:00.024Z</time>
    <extensions>
        <provider>whs</provider>
    </extensions>
</trkpt>
<trkpt lat="42.42331266240523" lon="77.27774861925249">
    <time>2026-09-05T07:52:25.051Z</time>
    <extensions>
        <provider>whs</provider>
    </extensions>
</trkpt>
<trkpt lat="42.42328606240523" lon="77.2777695192525">
    <time>2026-09-05T07:52:32.063Z</time>
    <extensions>
        <provider>whs</provider>
    </extensions>
</trkpt>
<trkpt lat="42.42328336240523" lon="77.27774361925249">
    <time>2026-09-05T07:52:47.085Z</time>
    <extensions>
        <provider>whs</provider>
    </extensions>
</trkpt>
<trkpt lat="42.42327556240523" lon="77.2777110192525">
    <time>2026-09-05T07:53:14.123Z</time>
    <extensions>
        <provider>whs</provider>
    </extensions>
</trkpt>
<trkpt lat="42.42329926240523" lon="77.2777267192525">
    <time>2026-09-05T07:53:28.143Z</time>
    <extensions>
        <provider>whs</provider>
    </extensions>
</trkpt>
<trkpt lat="42.42331966240523" lon="77.2777557192525">
    <time>2026-09-05T07:53:30.145Z</time>
    <extensions>
        <provider>whs</provider>
    </extensions>
</trkpt>
<trkpt lat="42.42332416240523" lon="77.2777275192525">
    <time>2026-09-05T07:53:38.156Z</time>
    <extensions>
        <provider>whs</provider>
    </extensions>
</trkpt>
<trkpt lat="42.42332166240523" lon="77.2776939192525">
    <time>2026-09-05T07:53:40.158Z</time>
    <extensions>
        <provider>whs</provider>
    </extensions>
</trkpt>
<trkpt lat="42.423330562405226" lon="77.27766411925249">
    <time>2026-09-05T07:53:42.160Z</time>
    <extensions>
        <provider>whs</provider>
    </extensions>
</trkpt>
<trkpt lat="42.42331276240523" lon="77.2776578192525">
    <time>2026-09-05T07:53:46.164Z</time>
    <extensions>
        <provider>whs</provider>
    </extensions>
</trkpt>
<trkpt lat="42.42329996240523" lon="77.2776381192525">
    <time>2026-09-05T07:53:50.170Z</time>
    <extensions>
        <provider>whs</provider>
    </extensions>
</trkpt>
<trkpt lat="42.42328516240523" lon="77.2776228192525">
    <time>2026-09-05T07:53:53.172Z</time>
    <extensions>
        <provider>whs</provider>
    </extensions>
</trkpt>
<trkpt lat="42.42327196240523" lon="77.2776455192525">
    <time>2026-09-05T07:54:02.183Z</time>
    <extensions>
        <provider>whs</provider>
    </extensions>
</trkpt>
<trkpt lat="42.42328336240523" lon="77.2776139192525">
    <time>2026-09-05T07:54:17.204Z</time>
    <extensions>
        <provider>whs</provider>
    </extensions>
</trkpt>
<trkpt lat="42.42326106240523" lon="77.2776312192525">
    <time>2026-09-05T07:54:26.219Z</time>
    <extensions>
        <provider>whs</provider>
    </extensions>
</trkpt>
<trkpt lat="42.42327116240523" lon="77.2776528192525">
    <time>2026-09-05T07:54:32.228Z</time>
    <extensions>
        <provider>whs</provider>
    </extensions>
</trkpt>
<trkpt lat="42.42324836240523" lon="77.2776692192525">
    <time>2026-09-05T07:54:39.236Z</time>
    <extensions>
        <provider>whs</provider>
    </extensions>
</trkpt>
<trkpt lat="42.42323056240523" lon="77.2776874192525">
    <time>2026-09-05T07:54:44.245Z</time>
    <extensions>
        <provider>whs</provider>
    </extensions>
</trkpt>
<trkpt lat="42.42325276240523" lon="77.2776705192525">
    <time>2026-09-05T07:54:52.259Z</time>
    <extensions>
        <provider>whs</provider>
    </extensions>
</trkpt>
<trkpt lat="42.42326676240523" lon="77.2776525192525">
    <time>2026-09-05T07:54:54.261Z</time>
    <extensions>
        <provider>whs</provider>
    </extensions>
</trkpt>
<trkpt lat="42.42328596240523" lon="77.27764331925249">
    <time>2026-09-05T07:54:56.264Z</time>
    <extensions>
        <provider>whs</provider>
    </extensions>
</trkpt>
<trkpt lat="42.42327296240523" lon="77.2776173192525">
    <time>2026-09-05T07:55:01.273Z</time>
    <extensions>
        <provider>whs</provider>
    </extensions>
</trkpt>
<trkpt lat="42.42324406240523" lon="77.2776247192525">
    <time>2026-09-05T07:55:03.276Z</time>
    <extensions>
        <provider>whs</provider>
    </extensions>
</trkpt>
<trkpt lat="42.42322066240523" lon="77.2776374192525">
    <time>2026-09-05T07:55:18.297Z</time>
    <extensions>
        <provider>whs</provider>
    </extensions>
</trkpt>
<trkpt lat="42.42318306240523" lon="77.2776377192525">
    <time>2026-09-05T07:55:19.300Z</time>
    <extensions>
        <provider>whs</provider>
    </extensions>
</trkpt>
<trkpt lat="42.42314626240523" lon="77.2776578192525">
    <time>2026-09-05T07:55:20.300Z</time>
    <extensions>
        <provider>whs</provider>
    </extensions>
</trkpt>
<trkpt lat="42.42308956240523" lon="77.2776879192525">
    <time>2026-09-05T07:55:21.302Z</time>
    <extensions>
        <provider>whs</provider>
    </extensions>
</trkpt>
<trkpt lat="42.42305546240523" lon="77.27771561925249">
    <time>2026-09-05T07:55:22.303Z</time>
    <extensions>
        <provider>whs</provider>
    </extensions>
</trkpt>
<trkpt lat="42.42302496240523" lon="77.2777402192525">
    <time>2026-09-05T07:55:23.306Z</time>
    <extensions>
        <provider>whs</provider>
    </extensions>
</trkpt>
<trkpt lat="42.42299396240523" lon="77.27775821925249">
    <time>2026-09-05T07:55:24.306Z</time>
    <extensions>
        <provider>whs</provider>
    </extensions>
</trkpt>
<trkpt lat="42.42296446240523" lon="77.2777827192525">
    <time>2026-09-05T07:55:25.308Z</time>
    <extensions>
        <provider>whs</provider>
    </extensions>
</trkpt>
<trkpt lat="42.42292506240523" lon="77.2778086192525">
    <time>2026-09-05T07:55:26.309Z</time>
    <extensions>
        <provider>whs</provider>
    </extensions>
</trkpt>
<trkpt lat="42.42289756240523" lon="77.2778339192525">
    <time>2026-09-05T07:55:27.311Z</time>
    <extensions>
        <provider>whs</provider>
    </extensions>
</trkpt>
<trkpt lat="42.42285666240523" lon="77.2778633192525">
    <time>2026-09-05T07:55:28.312Z</time>
    <extensions>
        <provider>whs</provider>
    </extensions>
</trkpt>
<trkpt lat="42.42282156240523" lon="77.27789511925249">
    <time>2026-09-05T07:55:29.314Z</time>
    <extensions>
        <provider>whs</provider>
    </extensions>
</trkpt>
<trkpt lat="42.42278936240523" lon="77.2779153192525">
    <time>2026-09-05T07:55:30.315Z</time>
    <extensions>
        <provider>whs</provider>
    </extensions>
</trkpt>
<trkpt lat="42.42275556240523" lon="77.2779604192525">
    <time>2026-09-05T07:55:31.317Z</time>
    <extensions>
        <provider>whs</provider>
    </extensions>
</trkpt>
<trkpt lat="42.42272356240523" lon="77.2780060192525">
    <time>2026-09-05T07:55:32.319Z</time>
    <extensions>
        <provider>whs</provider>
    </extensions>
</trkpt>
<trkpt lat="42.42269966240523" lon="77.2780540192525">
    <time>2026-09-05T07:55:33.320Z</time>
    <extensions>
        <provider>whs</provider>
    </extensions>
</trkpt>
<trkpt lat="42.42268436240523" lon="77.2781038192525">
    <time>2026-09-05T07:55:34.322Z</time>
    <extensions>
        <provider>whs</provider>
    </extensions>
</trkpt>
<trkpt lat="42.422674462405226" lon="77.2781695192525">
    <time>2026-09-05T07:55:35.322Z</time>
    <extensions>
        <provider>whs</provider>
    </extensions>
</trkpt>
<trkpt lat="42.42267076240523" lon="77.2782282192525">
    <time>2026-09-05T07:55:36.323Z</time>
    <extensions>
        <provider>whs</provider>
    </extensions>
</trkpt>
<trkpt lat="42.42268016240523" lon="77.27828361925249">
    <time>2026-09-05T07:55:37.324Z</time>
    <extensions>
        <provider>whs</provider>
    </extensions>
</trkpt>
<trkpt lat="42.42270166240523" lon="77.2783421192525">
    <time>2026-09-05T07:55:38.326Z</time>
    <extensions>
        <provider>whs</provider>
    </extensions>
</trkpt>
<trkpt lat="42.42272486240523" lon="77.2783713192525">
    <time>2026-09-05T07:55:39.327Z</time>
    <extensions>
        <provider>whs</provider>
    </extensions>
</trkpt>
<trkpt lat="42.42275826240523" lon="77.27839251925249">
    <time>2026-09-05T07:55:40.328Z</time>
    <extensions>
        <provider>whs</provider>
    </extensions>
</trkpt>
<trkpt lat="42.42279786240523" lon="77.2783957192525">
    <time>2026-09-05T07:55:41.330Z</time>
    <extensions>
        <provider>whs</provider>
    </extensions>
</trkpt>
<trkpt lat="42.422833762405226" lon="77.27838081925249">
    <time>2026-09-05T07:55:42.332Z</time>
    <extensions>
        <provider>whs</provider>
    </extensions>
</trkpt>
<trkpt lat="42.42286456240523" lon="77.2783435192525">
    <time>2026-09-05T07:55:43.333Z</time>
    <extensions>
        <provider>whs</provider>
    </extensions>
</trkpt>
<trkpt lat="42.42289486240523" lon="77.2783024192525">
    <time>2026-09-05T07:55:44.334Z</time>
    <extensions>
        <provider>whs</provider>
    </extensions>
</trkpt>
<trkpt lat="42.42292976240523" lon="77.27827281925249">
    <time>2026-09-05T07:55:45.335Z</time>
    <extensions>
        <provider>whs</provider>
    </extensions>
</trkpt>
<trkpt lat="42.42296386240523" lon="77.27823551925249">
    <time>2026-09-05T07:55:46.336Z</time>
    <extensions>
        <provider>whs</provider>
    </extensions>
</trkpt>
<trkpt lat="42.422989462405226" lon="77.2782088192525">
    <time>2026-09-05T07:55:47.337Z</time>
    <extensions>
        <provider>whs</provider>
    </extensions>
</trkpt>
<trkpt lat="42.42301966240523" lon="77.2781799192525">
    <time>2026-09-05T07:55:48.340Z</time>
    <extensions>
        <provider>whs</provider>
    </extensions>
</trkpt>
<trkpt lat="42.42304136240523" lon="77.27816031925249">
    <time>2026-09-05T07:55:49.341Z</time>
    <extensions>
        <provider>whs</provider>
    </extensions>
</trkpt>
<trkpt lat="42.423069062405226" lon="77.2781432192525">
    <time>2026-09-05T07:55:50.342Z</time>
    <extensions>
        <provider>whs</provider>
    </extensions>
</trkpt>
<trkpt lat="42.42309446240523" lon="77.2781126192525">
    <time>2026-09-05T07:55:51.344Z</time>
    <extensions>
        <provider>whs</provider>
    </extensions>
</trkpt>
<trkpt lat="42.423122562405226" lon="77.27808161925249">
    <time>2026-09-05T07:55:52.345Z</time>
    <extensions>
        <provider>whs</provider>
    </extensions>
</trkpt>
<trkpt lat="42.42316426240523" lon="77.2780322192525">
    <time>2026-09-05T07:55:53.347Z</time>
    <extensions>
        <provider>whs</provider>
    </extensions>
</trkpt>
<trkpt lat="42.42318806240523" lon="77.2779977192525">
    <time>2026-09-05T07:55:54.348Z</time>
    <extensions>
        <provider>whs</provider>
    </extensions>
</trkpt>
<trkpt lat="42.42319826240523" lon="77.2779560192525">
    <time>2026-09-05T07:55:55.350Z</time>
    <extensions>
        <provider>whs</provider>
    </extensions>
</trkpt>
<trkpt lat="42.42320796240523" lon="77.2779143192525">
    <time>2026-09-05T07:55:56.351Z</time>
    <extensions>
        <provider>whs</provider>
    </extensions>
</trkpt>
<trkpt lat="42.42320486240523" lon="77.2778692192525">
    <time>2026-09-05T07:55:57.353Z</time>
    <extensions>
        <provider>whs</provider>
    </extensions>
</trkpt>
<trkpt lat="42.42320216240523" lon="77.2778184192525">
    <time>2026-09-05T07:55:58.353Z</time>
    <extensions>
        <provider>whs</provider>
    </extensions>
</trkpt>
<trkpt lat="42.42319116240523" lon="77.27777761925249">
    <time>2026-09-05T07:55:59.354Z</time>
    <extensions>
        <provider>whs</provider>
    </extensions>
</trkpt>
<trkpt lat="42.42318996240523" lon="77.2777378192525">
    <time>2026-09-05T07:56:00.356Z</time>
    <extensions>
        <provider>whs</provider>
    </extensions>
</trkpt>
<trkpt lat="42.42318296240523" lon="77.2776848192525">
    <time>2026-09-05T07:56:01.357Z</time>
    <extensions>
        <provider>whs</provider>
    </extensions>
</trkpt>
<trkpt lat="42.42317476240523" lon="77.2776344192525">
    <time>2026-09-05T07:56:02.358Z</time>
    <extensions>
        <provider>whs</provider>
    </extensions>
</trkpt>
<trkpt lat="42.42316356240523" lon="77.2775951192525">
    <time>2026-09-05T07:56:03.360Z</time>
    <extensions>
        <provider>whs</provider>
    </extensions>
</trkpt>
<trkpt lat="42.423157262405226" lon="77.2775527192525">
    <time>2026-09-05T07:56:04.361Z</time>
    <extensions>
        <provider>whs</provider>
    </extensions>
</trkpt>
<trkpt lat="42.42314896240523" lon="77.27751641925249">
    <time>2026-09-05T07:56:05.362Z</time>
    <extensions>
        <provider>whs</provider>
    </extensions>
</trkpt>
<trkpt lat="42.423140862405226" lon="77.2774706192525">
    <time>2026-09-05T07:56:06.364Z</time>
    <extensions>
        <provider>whs</provider>
    </extensions>
</trkpt>
<trkpt lat="42.42312226240523" lon="77.2774363192525">
    <time>2026-09-05T07:56:07.365Z</time>
    <extensions>
        <provider>whs</provider>
    </extensions>
</trkpt>
<trkpt lat="42.423097662405226" lon="77.2774144192525">
    <time>2026-09-05T07:56:08.366Z</time>
    <extensions>
        <provider>whs</provider>
    </extensions>
</trkpt>
<trkpt lat="42.42306156240523" lon="77.27740921925249">
    <time>2026-09-05T07:56:09.367Z</time>
    <extensions>
        <provider>whs</provider>
    </extensions>
</trkpt>
<trkpt lat="42.42302826240523" lon="77.2774270192525">
    <time>2026-09-05T07:56:10.368Z</time>
    <extensions>
        <provider>whs</provider>
    </extensions>
</trkpt>
<trkpt lat="42.42298476240523" lon="77.2774679192525">
    <time>2026-09-05T07:56:11.370Z</time>
    <extensions>
        <provider>whs</provider>
    </extensions>
</trkpt>
<trkpt lat="42.422954162405226" lon="77.27751981925249">
    <time>2026-09-05T07:56:12.372Z</time>
    <extensions>
        <provider>whs</provider>
    </extensions>
</trkpt>
<trkpt lat="42.42293386240523" lon="77.2775736192525">
    <time>2026-09-05T07:56:13.372Z</time>
    <extensions>
        <provider>whs</provider>
    </extensions>
</trkpt>
<trkpt lat="42.422922562405226" lon="77.2776157192525">
    <time>2026-09-05T07:56:14.373Z</time>
    <extensions>
        <provider>whs</provider>
    </extensions>
</trkpt>
<trkpt lat="42.42292516240523" lon="77.2776856192525">
    <time>2026-09-05T07:56:15.374Z</time>
    <extensions>
        <provider>whs</provider>
    </extensions>
</trkpt>
<trkpt lat="42.42292766240523" lon="77.2777411192525">
    <time>2026-09-05T07:56:16.375Z</time>
    <extensions>
        <provider>whs</provider>
    </extensions>
</trkpt>
<trkpt lat="42.42292906240523" lon="77.27777231925249">
    <time>2026-09-05T07:56:17.377Z</time>
    <extensions>
        <provider>whs</provider>
    </extensions>
</trkpt>
<trkpt lat="42.42292816240523" lon="77.27781371925249">
    <time>2026-09-05T07:56:18.378Z</time>
    <extensions>
        <provider>whs</provider>
    </extensions>
</trkpt>
<trkpt lat="42.42292896240523" lon="77.2778653192525">
    <time>2026-09-05T07:56:19.379Z</time>
    <extensions>
        <provider>whs</provider>
    </extensions>
</trkpt>
<trkpt lat="42.42293216240523" lon="77.27791711925249">
    <time>2026-09-05T07:56:20.380Z</time>
    <extensions>
        <provider>whs</provider>
    </extensions>
</trkpt>
<trkpt lat="42.42294676240523" lon="77.2779615192525">
    <time>2026-09-05T07:56:21.381Z</time>
    <extensions>
        <provider>whs</provider>
    </extensions>
</trkpt>
<trkpt lat="42.42296296240523" lon="77.27799971925249">
    <time>2026-09-05T07:56:22.383Z</time>
    <extensions>
        <provider>whs</provider>
    </extensions>
</trkpt>
<trkpt lat="42.42298356240523" lon="77.27803181925249">
    <time>2026-09-05T07:56:23.384Z</time>
    <extensions>
        <provider>whs</provider>
    </extensions>
</trkpt>
<trkpt lat="42.42300906240523" lon="77.2780565192525">
    <time>2026-09-05T07:56:24.375Z</time>
    <extensions>
        <provider>whs</provider>
    </extensions>
</trkpt>
<trkpt lat="42.42304556240523" lon="77.27806701925249">
    <time>2026-09-05T07:56:25.378Z</time>
    <extensions>
        <provider>whs</provider>
    </extensions>
</trkpt>
<trkpt lat="42.42307536240523" lon="77.2780841192525">
    <time>2026-09-05T07:56:26.378Z</time>
    <extensions>
        <provider>whs</provider>
    </extensions>
</trkpt>
<trkpt lat="42.42310656240523" lon="77.27808541925249">
    <time>2026-09-05T07:56:27.379Z</time>
    <extensions>
        <provider>whs</provider>
    </extensions>
</trkpt>
<trkpt lat="42.42313966240523" lon="77.2780773192525">
    <time>2026-09-05T07:56:28.381Z</time>
    <extensions>
        <provider>whs</provider>
    </extensions>
</trkpt>
<trkpt lat="42.42317056240523" lon="77.2780496192525">
    <time>2026-09-05T07:56:29.382Z</time>
    <extensions>
        <provider>whs</provider>
    </extensions>
</trkpt>
<trkpt lat="42.42320856240523" lon="77.27801241925249">
    <time>2026-09-05T07:56:30.384Z</time>
    <extensions>
        <provider>whs</provider>
    </extensions>
</trkpt>
<trkpt lat="42.42322916240523" lon="77.2779562192525">
    <time>2026-09-05T07:56:31.384Z</time>
    <extensions>
        <provider>whs</provider>
    </extensions>
</trkpt>
<trkpt lat="42.42324186240523" lon="77.2779113192525">
    <time>2026-09-05T07:56:32.385Z</time>
    <extensions>
        <provider>whs</provider>
    </extensions>
</trkpt>
<trkpt lat="42.42324146240523" lon="77.2778620192525">
    <time>2026-09-05T07:56:33.386Z</time>
    <extensions>
        <provider>whs</provider>
    </extensions>
</trkpt>
<trkpt lat="42.42324016240523" lon="77.2778230192525">
    <time>2026-09-05T07:56:34.386Z</time>
    <extensions>
        <provider>whs</provider>
    </extensions>
</trkpt>
<trkpt lat="42.42323466240523" lon="77.27776851925249">
    <time>2026-09-05T07:56:35.387Z</time>
    <extensions>
        <provider>whs</provider>
    </extensions>
</trkpt>
<trkpt lat="42.42322706240523" lon="77.27770601925249">
    <time>2026-09-05T07:56:36.389Z</time>
    <extensions>
        <provider>whs</provider>
    </extensions>
</trkpt>
<trkpt lat="42.42321936240523" lon="77.27766031925249">
    <time>2026-09-05T07:56:37.390Z</time>
    <extensions>
        <provider>whs</provider>
    </extensions>
</trkpt>
<trkpt lat="42.42321586240523" lon="77.2776149192525">
    <time>2026-09-05T07:56:38.391Z</time>
    <extensions>
        <provider>whs</provider>
    </extensions>
</trkpt>
<trkpt lat="42.42321026240523" lon="77.2775699192525">
    <time>2026-09-05T07:56:39.392Z</time>
    <extensions>
        <provider>whs</provider>
    </extensions>
</trkpt>
<trkpt lat="42.42320536240523" lon="77.2775290192525">
    <time>2026-09-05T07:56:40.393Z</time>
    <extensions>
        <provider>whs</provider>
    </extensions>
</trkpt>
<trkpt lat="42.42320076240523" lon="77.2774983192525">
    <time>2026-09-05T07:56:41.394Z</time>
    <extensions>
        <provider>whs</provider>
    </extensions>
</trkpt>
<trkpt lat="42.42318346240523" lon="77.27744801925249">
    <time>2026-09-05T07:56:42.394Z</time>
    <extensions>
        <provider>whs</provider>
    </extensions>
</trkpt>
<trkpt lat="42.42316136240523" lon="77.27740511925249">
    <time>2026-09-05T07:56:43.396Z</time>
    <extensions>
        <provider>whs</provider>
    </extensions>
</trkpt>
<trkpt lat="42.42313556240523" lon="77.2773828192525">
    <time>2026-09-05T07:56:44.397Z</time>
    <extensions>
        <provider>whs</provider>
    </extensions>
</trkpt>
<trkpt lat="42.42310046240523" lon="77.27738021925249">
    <time>2026-09-05T07:56:45.398Z</time>
    <extensions>
        <provider>whs</provider>
    </extensions>
</trkpt>
<trkpt lat="42.423058762405226" lon="77.2774085192525">
    <time>2026-09-05T07:56:46.400Z</time>
    <extensions>
        <provider>whs</provider>
    </extensions>
</trkpt>
<trkpt lat="42.42303036240523" lon="77.2774532192525">
    <time>2026-09-05T07:56:47.401Z</time>
    <extensions>
        <provider>whs</provider>
    </extensions>
</trkpt>
<trkpt lat="42.42300686240523" lon="77.2775050192525">
    <time>2026-09-05T07:56:48.402Z</time>
    <extensions>
        <provider>whs</provider>
    </extensions>
</trkpt>
<trkpt lat="42.42300616240523" lon="77.27754901925249">
    <time>2026-09-05T07:56:49.403Z</time>
    <extensions>
        <provider>whs</provider>
    </extensions>
</trkpt>
<trkpt lat="42.423007062405226" lon="77.27759591925249">
    <time>2026-09-05T07:56:50.404Z</time>
    <extensions>
        <provider>whs</provider>
    </extensions>
</trkpt>
<trkpt lat="42.42301266240523" lon="77.2776485192525">
    <time>2026-09-05T07:56:51.405Z</time>
    <extensions>
        <provider>whs</provider>
    </extensions>
</trkpt>
<trkpt lat="42.42302536240523" lon="77.27769931925249">
    <time>2026-09-05T07:56:52.406Z</time>
    <extensions>
        <provider>whs</provider>
    </extensions>
</trkpt>
<trkpt lat="42.42302626240523" lon="77.2777439192525">
    <time>2026-09-05T07:56:53.407Z</time>
    <extensions>
        <provider>whs</provider>
    </extensions>
</trkpt>
<trkpt lat="42.423042962405226" lon="77.2777964192525">
    <time>2026-09-05T07:56:54.408Z</time>
    <extensions>
        <provider>whs</provider>
    </extensions>
</trkpt>
<trkpt lat="42.42305666240523" lon="77.2778365192525">
    <time>2026-09-05T07:56:55.410Z</time>
    <extensions>
        <provider>whs</provider>
    </extensions>
</trkpt>
<trkpt lat="42.42306986240523" lon="77.27787021925249">
    <time>2026-09-05T07:56:56.411Z</time>
    <extensions>
        <provider>whs</provider>
    </extensions>
</trkpt>
<trkpt lat="42.423092162405226" lon="77.2778984192525">
    <time>2026-09-05T07:56:57.412Z</time>
    <extensions>
        <provider>whs</provider>
    </extensions>
</trkpt>
<trkpt lat="42.42312586240523" lon="77.2779233192525">
    <time>2026-09-05T07:56:58.413Z</time>
    <extensions>
        <provider>whs</provider>
    </extensions>
</trkpt>
<trkpt lat="42.42315636240523" lon="77.2779263192525">
    <time>2026-09-05T07:56:59.415Z</time>
    <extensions>
        <provider>whs</provider>
    </extensions>
</trkpt>
<trkpt lat="42.423188262405226" lon="77.2779029192525">
    <time>2026-09-05T07:57:00.415Z</time>
    <extensions>
        <provider>whs</provider>
    </extensions>
</trkpt>
<trkpt lat="42.423225362405226" lon="77.2778837192525">
    <time>2026-09-05T07:57:01.416Z</time>
    <extensions>
        <provider>whs</provider>
    </extensions>
</trkpt>
<trkpt lat="42.42327846240523" lon="77.27786781925249">
    <time>2026-09-05T07:57:02.417Z</time>
    <extensions>
        <provider>whs</provider>
    </extensions>
</trkpt>
<trkpt lat="42.42331456240523" lon="77.2778370192525">
    <time>2026-09-05T07:57:03.418Z</time>
    <extensions>
        <provider>whs</provider>
    </extensions>
</trkpt>
<trkpt lat="42.42333166240523" lon="77.2778219192525">
    <time>2026-09-05T07:57:04.421Z</time>
    <extensions>
        <provider>whs</provider>
    </extensions>
</trkpt>
<trkpt lat="42.42331026240523" lon="77.27781971925249">
    <time>2026-09-05T07:57:07.423Z</time>
    <extensions>
        <provider>whs</provider>
    </extensions>
</trkpt>
<trkpt lat="42.42328926240523" lon="77.2778108192525">
    <time>2026-09-05T07:57:12.431Z</time>
    <extensions>
        <provider>whs</provider>
    </extensions>
</trkpt>
<trkpt lat="42.42328176240523" lon="77.2777859192525">
    <time>2026-09-05T07:57:16.436Z</time>
    <extensions>
        <provider>whs</provider>
    </extensions>
</trkpt>
<trkpt lat="42.423271562405226" lon="77.2777633192525">
    <time>2026-09-05T07:57:19.439Z</time>
    <extensions>
        <provider>whs</provider>
    </extensions>
</trkpt>
<trkpt lat="42.42327536240523" lon="77.2777378192525">
    <time>2026-09-05T07:57:25.446Z</time>
    <extensions>
        <provider>whs</provider>
    </extensions>
</trkpt>
<trkpt lat="42.423294662405226" lon="77.27775651925249">
    <time>2026-09-05T07:57:28.449Z</time>
    <extensions>
        <provider>whs</provider>
    </extensions>
</trkpt>
<trkpt lat="42.423292862405226" lon="77.27772111925249">
    <time>2026-09-05T07:57:32.456Z</time>
    <extensions>
        <provider>whs</provider>
    </extensions>
</trkpt>
<trkpt lat="42.42327436240523" lon="77.2777008192525">
    <time>2026-09-05T07:57:34.459Z</time>
    <extensions>
        <provider>whs</provider>
    </extensions>
</trkpt>
<trkpt lat="42.423287362405226" lon="77.2776717192525">
    <time>2026-09-05T07:57:40.467Z</time>
    <extensions>
        <provider>whs</provider>
    </extensions>
</trkpt>
<trkpt lat="42.42326886240523" lon="77.27767511925249">
    <time>2026-09-05T07:57:53.487Z</time>
    <extensions>
        <provider>whs</provider>
    </extensions>
</trkpt>
<trkpt lat="42.42325066240523" lon="77.2776525192525">
    <time>2026-09-05T07:57:55.490Z</time>
    <extensions>
        <provider>whs</provider>
    </extensions>
</trkpt>
<trkpt lat="42.42328336240523" lon="77.27763251925249">
    <time>2026-09-05T07:58:08.507Z</time>
    <extensions>
        <provider>whs</provider>
    </extensions>
</trkpt>
<trkpt lat="42.42326596240523" lon="77.27762511925249">
    <time>2026-09-05T07:58:22.525Z</time>
    <extensions>
        <provider>whs</provider>
    </extensions>
</trkpt>
<trkpt lat="42.42327496240523" lon="77.27765501925249">
    <time>2026-09-05T07:58:57.576Z</time>
    <extensions>
        <provider>whs</provider>
    </extensions>
</trkpt>
<trkpt lat="42.42325826240523" lon="77.2776752192525">
    <time>2026-09-05T07:59:00.581Z</time>
    <extensions>
        <provider>whs</provider>
    </extensions>
</trkpt>
<trkpt lat="42.42326266240523" lon="77.2776511192525">
    <time>2026-09-05T07:59:15.603Z</time>
    <extensions>
        <provider>whs</provider>
    </extensions>
</trkpt>
<trkpt lat="42.42327166240523" lon="77.2776273192525">
    <time>2026-09-05T07:59:18.609Z</time>
    <extensions>
        <provider>whs</provider>
    </extensions>
</trkpt>
<trkpt lat="42.42327936240523" lon="77.2776659192525">
    <time>2026-09-05T07:59:22.613Z</time>
    <extensions>
        <provider>whs</provider>
    </extensions>
</trkpt>
<trkpt lat="42.42329836240523" lon="77.2776401192525">
    <time>2026-09-05T07:59:27.619Z</time>
    <extensions>
        <provider>whs</provider>
    </extensions>
</trkpt>
<trkpt lat="42.42329196240523" lon="77.27767131925249">
    <time>2026-09-05T07:59:32.624Z</time>
    <extensions>
        <provider>whs</provider>
    </extensions>
</trkpt>
<trkpt lat="42.423278862405226" lon="77.27769981925249">
    <time>2026-09-05T07:59:34.627Z</time>
    <extensions>
        <provider>whs</provider>
    </extensions>
</trkpt>
<trkpt lat="42.42326586240523" lon="77.2776762192525">
    <time>2026-09-05T07:59:38.630Z</time>
    <extensions>
        <provider>whs</provider>
    </extensions>
</trkpt>
<trkpt lat="42.42324586240523" lon="77.27765241925249">
    <time>2026-09-05T07:59:42.635Z</time>
    <extensions>
        <provider>whs</provider>
    </extensions>
</trkpt>
<trkpt lat="42.42323926240523" lon="77.2776777192525">
    <time>2026-09-05T07:59:47.641Z</time>
    <extensions>
        <provider>whs</provider>
    </extensions>
</trkpt>
<trkpt lat="42.42325926240523" lon="77.2776917192525">
    <time>2026-09-05T07:59:51.646Z</time>
    <extensions>
        <provider>whs</provider>
    </extensions>
</trkpt>
<trkpt lat="42.42326496240523" lon="77.2776608192525">
    <time>2026-09-05T07:59:55.650Z</time>
    <extensions>
        <provider>whs</provider>
    </extensions>
</trkpt>
<trkpt lat="42.42324676240523" lon="77.27765381925249">
    <time>2026-09-05T08:00:05.661Z</time>
    <extensions>
        <provider>whs</provider>
    </extensions>
</trkpt>
<trkpt lat="42.42322326240523" lon="77.2776425192525">
    <time>2026-09-05T08:00:18.678Z</time>
    <extensions>
        <provider>whs</provider>
    </extensions>
</trkpt>
<trkpt lat="42.42323596240523" lon="77.27762441925249">
    <time>2026-09-05T08:00:25.686Z</time>
    <extensions>
        <provider>whs</provider>
    </extensions>
</trkpt>
<trkpt lat="42.42325376240523" lon="77.27760981925249">
    <time>2026-09-05T08:00:34.698Z</time>
    <extensions>
        <provider>whs</provider>
    </extensions>
</trkpt>
<trkpt lat="42.42325796240523" lon="77.2776343192525">
    <time>2026-09-05T08:00:43.709Z</time>
    <extensions>
        <provider>whs</provider>
    </extensions>
</trkpt>
<trkpt lat="42.42324896240523" lon="77.27767511925249">
    <time>2026-09-05T08:01:23.765Z</time>
    <extensions>
        <provider>whs</provider>
    </extensions>
</trkpt>
<trkpt lat="42.42326646240523" lon="77.27765671925249">
    <time>2026-09-05T08:01:29.775Z</time>
    <extensions>
        <provider>whs</provider>
    </extensions>
</trkpt>
<trkpt lat="42.42328086240523" lon="77.27767441925249">
    <time>2026-09-05T08:01:34.783Z</time>
    <extensions>
        <provider>whs</provider>
    </extensions>
</trkpt>
<trkpt lat="42.42327296240523" lon="77.2776352192525">
    <time>2026-09-05T08:01:53.812Z</time>
    <extensions>
        <provider>whs</provider>
    </extensions>
</trkpt>
<trkpt lat="42.42325916240523" lon="77.27761551925249">
    <time>2026-09-05T08:02:15.832Z</time>
    <extensions>
        <provider>whs</provider>
    </extensions>
</trkpt>
<trkpt lat="42.42326146240523" lon="77.27764381925249">
    <time>2026-09-05T08:02:21.840Z</time>
    <extensions>
        <provider>whs</provider>
    </extensions>
</trkpt>
<trkpt lat="42.42326916240523" lon="77.27766821925249">
    <time>2026-09-05T08:02:26.846Z</time>
    <extensions>
        <provider>whs</provider>
    </extensions>
</trkpt>
<trkpt lat="42.42327746240523" lon="77.27763801925249">
    <time>2026-09-05T08:02:30.853Z</time>
    <extensions>
        <provider>whs</provider>
    </extensions>
</trkpt>
<trkpt lat="42.42326146240523" lon="77.2776501192525">
    <time>2026-09-05T08:02:39.866Z</time>
    <extensions>
        <provider>whs</provider>
    </extensions>
</trkpt>
<trkpt lat="42.423286162405226" lon="77.2776242192525">
    <time>2026-09-05T08:02:45.875Z</time>
    <extensions>
        <provider>whs</provider>
    </extensions>
</trkpt>
<trkpt lat="42.42330706240523" lon="77.2776350192525">
    <time>2026-09-05T08:02:49.882Z</time>
    <extensions>
        <provider>whs</provider>
    </extensions>
</trkpt>
<trkpt lat="42.42328156240523" lon="77.27765001925249">
    <time>2026-09-05T08:02:58.894Z</time>
    <extensions>
        <provider>whs</provider>
    </extensions>
</trkpt>
<trkpt lat="42.42325536240523" lon="77.2776786192525">
    <time>2026-09-05T08:03:06.907Z</time>
    <extensions>
        <provider>whs</provider>
    </extensions>
</trkpt>
<trkpt lat="42.42321336240523" lon="77.2776910192525">
    <time>2026-09-05T08:03:18.928Z</time>
    <extensions>
        <provider>whs</provider>
    </extensions>
</trkpt>
<trkpt lat="42.42317636240523" lon="77.2776863192525">
    <time>2026-09-05T08:03:19.928Z</time>
    <extensions>
        <provider>whs</provider>
    </extensions>
</trkpt>
<trkpt lat="42.42313276240523" lon="77.2776905192525">
    <time>2026-09-05T08:03:20.930Z</time>
    <extensions>
        <provider>whs</provider>
    </extensions>
</trkpt>
<trkpt lat="42.42309746240523" lon="77.27769451925249">
    <time>2026-09-05T08:03:21.931Z</time>
    <extensions>
        <provider>whs</provider>
    </extensions>
</trkpt>
<trkpt lat="42.42306286240523" lon="77.2777355192525">
    <time>2026-09-05T08:03:22.932Z</time>
    <extensions>
        <provider>whs</provider>
    </extensions>
</trkpt>
<trkpt lat="42.42303966240523" lon="77.2777746192525">
    <time>2026-09-05T08:03:23.934Z</time>
    <extensions>
        <provider>whs</provider>
    </extensions>
</trkpt>
<trkpt lat="42.42300846240523" lon="77.27781371925249">
    <time>2026-09-05T08:03:24.936Z</time>
    <extensions>
        <provider>whs</provider>
    </extensions>
</trkpt>
<trkpt lat="42.42299346240523" lon="77.2778663192525">
    <time>2026-09-05T08:03:25.937Z</time>
    <extensions>
        <provider>whs</provider>
    </extensions>
</trkpt>
<trkpt lat="42.42297316240523" lon="77.2779202192525">
    <time>2026-09-05T08:03:26.939Z</time>
    <extensions>
        <provider>whs</provider>
    </extensions>
</trkpt>
<trkpt lat="42.42294606240523" lon="77.2779549192525">
    <time>2026-09-05T08:03:27.940Z</time>
    <extensions>
        <provider>whs</provider>
    </extensions>
</trkpt>
<trkpt lat="42.42292006240523" lon="77.2779873192525">
    <time>2026-09-05T08:03:28.941Z</time>
    <extensions>
        <provider>whs</provider>
    </extensions>
</trkpt>
<trkpt lat="42.42288936240523" lon="77.2780005192525">
    <time>2026-09-05T08:03:29.944Z</time>
    <extensions>
        <provider>whs</provider>
    </extensions>
</trkpt>
<trkpt lat="42.42286386240523" lon="77.2779950192525">
    <time>2026-09-05T08:03:30.945Z</time>
    <extensions>
        <provider>whs</provider>
    </extensions>
</trkpt>
<trkpt lat="42.42283916240523" lon="77.2779551192525">
    <time>2026-09-05T08:03:31.946Z</time>
    <extensions>
        <provider>whs</provider>
    </extensions>
</trkpt>
<trkpt lat="42.422824662405226" lon="77.27791041925249">
    <time>2026-09-05T08:03:32.947Z</time>
    <extensions>
        <provider>whs</provider>
    </extensions>
</trkpt>
<trkpt lat="42.42281906240523" lon="77.2778502192525">
    <time>2026-09-05T08:03:33.949Z</time>
    <extensions>
        <provider>whs</provider>
    </extensions>
</trkpt>
<trkpt lat="42.42283936240523" lon="77.2777811192525">
    <time>2026-09-05T08:03:34.950Z</time>
    <extensions>
        <provider>whs</provider>
    </extensions>
</trkpt>
<trkpt lat="42.42287236240523" lon="77.27773211925249">
    <time>2026-09-05T08:03:35.952Z</time>
    <extensions>
        <provider>whs</provider>
    </extensions>
</trkpt>
<trkpt lat="42.422914662405226" lon="77.2776917192525">
    <time>2026-09-05T08:03:36.953Z</time>
    <extensions>
        <provider>whs</provider>
    </extensions>
</trkpt>
<trkpt lat="42.42295166240523" lon="77.2776588192525">
    <time>2026-09-05T08:03:37.955Z</time>
    <extensions>
        <provider>whs</provider>
    </extensions>
</trkpt>
<trkpt lat="42.42298756240523" lon="77.2776449192525">
    <time>2026-09-05T08:03:38.955Z</time>
    <extensions>
        <provider>whs</provider>
    </extensions>
</trkpt>
<trkpt lat="42.42304066240523" lon="77.2776060192525">
    <time>2026-09-05T08:03:39.956Z</time>
    <extensions>
        <provider>whs</provider>
    </extensions>
</trkpt>
<trkpt lat="42.42308106240523" lon="77.2776001192525">
    <time>2026-09-05T08:03:40.958Z</time>
    <extensions>
        <provider>whs</provider>
    </extensions>
</trkpt>
<trkpt lat="42.42311326240523" lon="77.27757841925249">
    <time>2026-09-05T08:03:41.960Z</time>
    <extensions>
        <provider>whs</provider>
    </extensions>
</trkpt>
<trkpt lat="42.42314906240523" lon="77.2775615192525">
    <time>2026-09-05T08:03:42.960Z</time>
    <extensions>
        <provider>whs</provider>
    </extensions>
</trkpt>
<trkpt lat="42.42318286240523" lon="77.2775641192525">
    <time>2026-09-05T08:03:43.962Z</time>
    <extensions>
        <provider>whs</provider>
    </extensions>
</trkpt>
<trkpt lat="42.42321796240523" lon="77.2775692192525">
    <time>2026-09-05T08:03:44.963Z</time>
    <extensions>
        <provider>whs</provider>
    </extensions>
</trkpt>
<trkpt lat="42.42326436240523" lon="77.27761461925249">
    <time>2026-09-05T08:03:45.965Z</time>
    <extensions>
        <provider>whs</provider>
    </extensions>
</trkpt>
<trkpt lat="42.42330576240523" lon="77.2776474192525">
    <time>2026-09-05T08:03:46.967Z</time>
    <extensions>
        <provider>whs</provider>
    </extensions>
</trkpt>
<trkpt lat="42.42332956240523" lon="77.2777039192525">
    <time>2026-09-05T08:03:47.969Z</time>
    <extensions>
        <provider>whs</provider>
    </extensions>
</trkpt>
<trkpt lat="42.42333936240523" lon="77.2777512192525">
    <time>2026-09-05T08:03:48.970Z</time>
    <extensions>
        <provider>whs</provider>
    </extensions>
</trkpt>
<trkpt lat="42.42333776240523" lon="77.2778054192525">
    <time>2026-09-05T08:03:49.972Z</time>
    <extensions>
        <provider>whs</provider>
    </extensions>
</trkpt>
<trkpt lat="42.42331876240523" lon="77.2778615192525">
    <time>2026-09-05T08:03:50.973Z</time>
    <extensions>
        <provider>whs</provider>
    </extensions>
</trkpt>
<trkpt lat="42.42329186240523" lon="77.2779136192525">
    <time>2026-09-05T08:03:51.974Z</time>
    <extensions>
        <provider>whs</provider>
    </extensions>
</trkpt>
<trkpt lat="42.42325376240523" lon="77.2779538192525">
    <time>2026-09-05T08:03:52.976Z</time>
    <extensions>
        <provider>whs</provider>
    </extensions>
</trkpt>
<trkpt lat="42.42321426240523" lon="77.27798371925249">
    <time>2026-09-05T08:03:53.979Z</time>
    <extensions>
        <provider>whs</provider>
    </extensions>
</trkpt>
<trkpt lat="42.42317136240523" lon="77.27801621925249">
    <time>2026-09-05T08:03:54.980Z</time>
    <extensions>
        <provider>whs</provider>
    </extensions>
</trkpt>
<trkpt lat="42.42312326240523" lon="77.2780357192525">
    <time>2026-09-05T08:03:55.981Z</time>
    <extensions>
        <provider>whs</provider>
    </extensions>
</trkpt>
<trkpt lat="42.423081262405226" lon="77.2780470192525">
    <time>2026-09-05T08:03:56.983Z</time>
    <extensions>
        <provider>whs</provider>
    </extensions>
</trkpt>
<trkpt lat="42.42304086240523" lon="77.2780683192525">
    <time>2026-09-05T08:03:57.984Z</time>
    <extensions>
        <provider>whs</provider>
    </extensions>
</trkpt>
<trkpt lat="42.42300566240523" lon="77.2780858192525">
    <time>2026-09-05T08:03:58.985Z</time>
    <extensions>
        <provider>whs</provider>
    </extensions>
</trkpt>
<trkpt lat="42.42296446240523" lon="77.27809331925249">
    <time>2026-09-05T08:03:59.987Z</time>
    <extensions>
        <provider>whs</provider>
    </extensions>
</trkpt>
<trkpt lat="42.422929862405226" lon="77.2780728192525">
    <time>2026-09-05T08:04:00.988Z</time>
    <extensions>
        <provider>whs</provider>
    </extensions>
</trkpt>
<trkpt lat="42.42289206240523" lon="77.2780266192525">
    <time>2026-09-05T08:04:01.990Z</time>
    <extensions>
        <provider>whs</provider>
    </extensions>
</trkpt>
<trkpt lat="42.42286896240523" lon="77.2780015192525">
    <time>2026-09-05T08:04:02.992Z</time>
    <extensions>
        <provider>whs</provider>
    </extensions>
</trkpt>
<trkpt lat="42.42284666240523" lon="77.27796311925249">
    <time>2026-09-05T08:04:03.993Z</time>
    <extensions>
        <provider>whs</provider>
    </extensions>
</trkpt>
<trkpt lat="42.42282886240523" lon="77.27791691925249">
    <time>2026-09-05T08:04:04.995Z</time>
    <extensions>
        <provider>whs</provider>
    </extensions>
</trkpt>
<trkpt lat="42.42282696240523" lon="77.2778685192525">
    <time>2026-09-05T08:04:05.997Z</time>
    <extensions>
        <provider>whs</provider>
    </extensions>
</trkpt>
<trkpt lat="42.42283706240523" lon="77.2778183192525">
    <time>2026-09-05T08:04:06.999Z</time>
    <extensions>
        <provider>whs</provider>
    </extensions>
</trkpt>
<trkpt lat="42.42287226240523" lon="77.2777682192525">
    <time>2026-09-05T08:04:07.999Z</time>
    <extensions>
        <provider>whs</provider>
    </extensions>
</trkpt>
<trkpt lat="42.42291016240523" lon="77.2777312192525">
    <time>2026-09-05T08:04:09.001Z</time>
    <extensions>
        <provider>whs</provider>
    </extensions>
</trkpt>
<trkpt lat="42.42294466240523" lon="77.2777001192525">
    <time>2026-09-05T08:04:10.001Z</time>
    <extensions>
        <provider>whs</provider>
    </extensions>
</trkpt>
<trkpt lat="42.42297756240523" lon="77.2776740192525">
    <time>2026-09-05T08:04:11.003Z</time>
    <extensions>
        <provider>whs</provider>
    </extensions>
</trkpt>
<trkpt lat="42.42301236240523" lon="77.2776558192525">
    <time>2026-09-05T08:04:12.004Z</time>
    <extensions>
        <provider>whs</provider>
    </extensions>
</trkpt>
<trkpt lat="42.42304636240523" lon="77.27761671925249">
    <time>2026-09-05T08:04:13.006Z</time>
    <extensions>
        <provider>whs</provider>
    </extensions>
</trkpt>
<trkpt lat="42.42308016240523" lon="77.2775859192525">
    <time>2026-09-05T08:04:14.008Z</time>
    <extensions>
        <provider>whs</provider>
    </extensions>
</trkpt>
<trkpt lat="42.42310946240523" lon="77.2775675192525">
    <time>2026-09-05T08:04:15.009Z</time>
    <extensions>
        <provider>whs</provider>
    </extensions>
</trkpt>
<trkpt lat="42.42313306240523" lon="77.27755041925249">
    <time>2026-09-05T08:04:16.011Z</time>
    <extensions>
        <provider>whs</provider>
    </extensions>
</trkpt>
<trkpt lat="42.42316526240523" lon="77.27754061925249">
    <time>2026-09-05T08:04:17.012Z</time>
    <extensions>
        <provider>whs</provider>
    </extensions>
</trkpt>
<trkpt lat="42.42320206240523" lon="77.2775383192525">
    <time>2026-09-05T08:04:18.013Z</time>
    <extensions>
        <provider>whs</provider>
    </extensions>
</trkpt>
<trkpt lat="42.42324396240523" lon="77.2775573192525">
    <time>2026-09-05T08:04:19.015Z</time>
    <extensions>
        <provider>whs</provider>
    </extensions>
</trkpt>
<trkpt lat="42.42328116240523" lon="77.2776008192525">
    <time>2026-09-05T08:04:20.016Z</time>
    <extensions>
        <provider>whs</provider>
    </extensions>
</trkpt>
<trkpt lat="42.42331156240523" lon="77.2776422192525">
    <time>2026-09-05T08:04:21.017Z</time>
    <extensions>
        <provider>whs</provider>
    </extensions>
</trkpt>
<trkpt lat="42.42332476240523" lon="77.2776879192525">
    <time>2026-09-05T08:04:22.019Z</time>
    <extensions>
        <provider>whs</provider>
    </extensions>
</trkpt>
<trkpt lat="42.42332776240523" lon="77.2777499192525">
    <time>2026-09-05T08:04:23.020Z</time>
    <extensions>
        <provider>whs</provider>
    </extensions>
</trkpt>
<trkpt lat="42.42331966240523" lon="77.2778129192525">
    <time>2026-09-05T08:04:24.021Z</time>
    <extensions>
        <provider>whs</provider>
    </extensions>
</trkpt>
<trkpt lat="42.42329336240523" lon="77.2778705192525">
    <time>2026-09-05T08:04:25.023Z</time>
    <extensions>
        <provider>whs</provider>
    </extensions>
</trkpt>
<trkpt lat="42.42325726240523" lon="77.27791041925249">
    <time>2026-09-05T08:04:26.024Z</time>
    <extensions>
        <provider>whs</provider>
    </extensions>
</trkpt>
<trkpt lat="42.42322316240523" lon="77.27795591925249">
    <time>2026-09-05T08:04:27.024Z</time>
    <extensions>
        <provider>whs</provider>
    </extensions>
</trkpt>
<trkpt lat="42.42317966240523" lon="77.2779840192525">
    <time>2026-09-05T08:04:28.025Z</time>
    <extensions>
        <provider>whs</provider>
    </extensions>
</trkpt>
<trkpt lat="42.42313896240523" lon="77.2779982192525">
    <time>2026-09-05T08:04:29.026Z</time>
    <extensions>
        <provider>whs</provider>
    </extensions>
</trkpt>
<trkpt lat="42.42310056240523" lon="77.2780199192525">
    <time>2026-09-05T08:04:30.028Z</time>
    <extensions>
        <provider>whs</provider>
    </extensions>
</trkpt>
<trkpt lat="42.42306736240523" lon="77.2780164192525">
    <time>2026-09-05T08:04:31.029Z</time>
    <extensions>
        <provider>whs</provider>
    </extensions>
</trkpt>
<trkpt lat="42.42304146240523" lon="77.2779945192525">
    <time>2026-09-05T08:04:32.030Z</time>
    <extensions>
        <provider>whs</provider>
    </extensions>
</trkpt>
<trkpt lat="42.42301766240523" lon="77.2779549192525">
    <time>2026-09-05T08:04:33.032Z</time>
    <extensions>
        <provider>whs</provider>
    </extensions>
</trkpt>
<trkpt lat="42.42300456240523" lon="77.2779101192525">
    <time>2026-09-05T08:04:34.032Z</time>
    <extensions>
        <provider>whs</provider>
    </extensions>
</trkpt>
<trkpt lat="42.42299956240523" lon="77.27786591925249">
    <time>2026-09-05T08:04:35.033Z</time>
    <extensions>
        <provider>whs</provider>
    </extensions>
</trkpt>
<trkpt lat="42.42300856240523" lon="77.2778170192525">
    <time>2026-09-05T08:04:36.034Z</time>
    <extensions>
        <provider>whs</provider>
    </extensions>
</trkpt>
<trkpt lat="42.42302006240523" lon="77.2777729192525">
    <time>2026-09-05T08:04:37.036Z</time>
    <extensions>
        <provider>whs</provider>
    </extensions>
</trkpt>
<trkpt lat="42.42304456240523" lon="77.2777262192525">
    <time>2026-09-05T08:04:38.037Z</time>
    <extensions>
        <provider>whs</provider>
    </extensions>
</trkpt>
<trkpt lat="42.42307016240523" lon="77.2776868192525">
    <time>2026-09-05T08:04:39.038Z</time>
    <extensions>
        <provider>whs</provider>
    </extensions>
</trkpt>
<trkpt lat="42.42309906240523" lon="77.27765261925249">
    <time>2026-09-05T08:04:40.040Z</time>
    <extensions>
        <provider>whs</provider>
    </extensions>
</trkpt>
<trkpt lat="42.42312446240523" lon="77.2776271192525">
    <time>2026-09-05T08:04:41.040Z</time>
    <extensions>
        <provider>whs</provider>
    </extensions>
</trkpt>
<trkpt lat="42.423165762405226" lon="77.27760311925249">
    <time>2026-09-05T08:04:42.043Z</time>
    <extensions>
        <provider>whs</provider>
    </extensions>
</trkpt>
<trkpt lat="42.42319696240523" lon="77.27760451925249">
    <time>2026-09-05T08:04:44.045Z</time>
    <extensions>
        <provider>whs</provider>
    </extensions>
</trkpt>
<trkpt lat="42.42318366240523" lon="77.2776230192525">
    <time>2026-09-05T08:04:49.053Z</time>
    <extensions>
        <provider>whs</provider>
    </extensions>
</trkpt>
<trkpt lat="42.42320396240523" lon="77.27763251925249">
    <time>2026-09-05T08:04:54.059Z</time>
    <extensions>
        <provider>whs</provider>
    </extensions>
</trkpt>
<trkpt lat="42.42322296240523" lon="77.2776549192525">
    <time>2026-09-05T08:04:57.063Z</time>
    <extensions>
        <provider>whs</provider>
    </extensions>
</trkpt>
<trkpt lat="42.42324626240523" lon="77.2776387192525">
    <time>2026-09-05T08:05:01.066Z</time>
    <extensions>
        <provider>whs</provider>
    </extensions>
</trkpt>
<trkpt lat="42.42326276240523" lon="77.2776609192525">
    <time>2026-09-05T08:05:07.074Z</time>
    <extensions>
        <provider>whs</provider>
    </extensions>
</trkpt>
<trkpt lat="42.42328346240523" lon="77.2776454192525">
    <time>2026-09-05T08:05:08.075Z</time>
    <extensions>
        <provider>whs</provider>
    </extensions>
</trkpt>
<trkpt lat="42.42329936240523" lon="77.2776583192525">
    <time>2026-09-05T08:05:11.079Z</time>
    <extensions>
        <provider>whs</provider>
    </extensions>
</trkpt>
<trkpt lat="42.423301362405226" lon="77.27768471925249">
    <time>2026-09-05T08:05:15.085Z</time>
    <extensions>
        <provider>whs</provider>
    </extensions>
</trkpt>
<trkpt lat="42.42328906240523" lon="77.2776613192525">
    <time>2026-09-05T08:05:19.089Z</time>
    <extensions>
        <provider>whs</provider>
    </extensions>
</trkpt>
<trkpt lat="42.423270962405226" lon="77.27764641925249">
    <time>2026-09-05T08:05:46.123Z</time>
    <extensions>
        <provider>whs</provider>
    </extensions>
</trkpt>
<trkpt lat="42.42329326240523" lon="77.27762681925249">
    <time>2026-09-05T08:06:03.141Z</time>
    <extensions>
        <provider>whs</provider>
    </extensions>
</trkpt>
<trkpt lat="42.42327556240523" lon="77.2776423192525">
    <time>2026-09-05T08:06:19.159Z</time>
    <extensions>
        <provider>whs</provider>
    </extensions>
</trkpt>
<trkpt lat="42.42329396240523" lon="77.27762821925249">
    <time>2026-09-05T08:06:22.162Z</time>
    <extensions>
        <provider>whs</provider>
    </extensions>
</trkpt>
<trkpt lat="42.42331266240523" lon="77.27766151925249">
    <time>2026-09-05T08:06:43.190Z</time>
    <extensions>
        <provider>whs</provider>
    </extensions>
</trkpt>
<trkpt lat="42.42331136240523" lon="77.2776881192525">
    <time>2026-09-05T08:06:46.194Z</time>
    <extensions>
        <provider>whs</provider>
    </extensions>
</trkpt>
<trkpt lat="42.42333086240523" lon="77.2776967192525">
    <time>2026-09-05T08:07:01.217Z</time>
    <extensions>
        <provider>whs</provider>
    </extensions>
</trkpt>
<trkpt lat="42.423308062405226" lon="77.27769311925249">
    <time>2026-09-05T08:07:06.225Z</time>
    <extensions>
        <provider>whs</provider>
    </extensions>
</trkpt>
<trkpt lat="42.42332356240523" lon="77.2776556192525">
    <time>2026-09-05T08:07:13.238Z</time>
    <extensions>
        <provider>whs</provider>
    </extensions>
</trkpt>
<trkpt lat="42.42330516240523" lon="77.2776620192525">
    <time>2026-09-05T08:07:15.242Z</time>
    <extensions>
        <provider>whs</provider>
    </extensions>
</trkpt>
<trkpt lat="42.42332416240523" lon="77.2776656192525">
    <time>2026-09-05T08:07:20.253Z</time>
    <extensions>
        <provider>whs</provider>
    </extensions>
</trkpt>
<trkpt lat="42.42330546240523" lon="77.2776328192525">
    <time>2026-09-05T08:07:42.296Z</time>
    <extensions>
        <provider>whs</provider>
    </extensions>
</trkpt>
<trkpt lat="42.42328316240523" lon="77.2776243192525">
    <time>2026-09-05T08:07:44.300Z</time>
    <extensions>
        <provider>whs</provider>
    </extensions>
</trkpt>
<trkpt lat="42.42326006240523" lon="77.27762581925249">
    <time>2026-09-05T08:07:46.303Z</time>
    <extensions>
        <provider>whs</provider>
    </extensions>
</trkpt>
<trkpt lat="42.423241162405226" lon="77.27763801925249">
    <time>2026-09-05T08:07:49.309Z</time>
    <extensions>
        <provider>whs</provider>
    </extensions>
</trkpt>
<trkpt lat="42.42320126240523" lon="77.2776585192525">
    <time>2026-09-05T08:08:02.332Z</time>
    <extensions>
        <provider>whs</provider>
    </extensions>
</trkpt>
<trkpt lat="42.42318066240523" lon="77.2776803192525">
    <time>2026-09-05T08:08:03.333Z</time>
    <extensions>
        <provider>whs</provider>
    </extensions>
</trkpt>
<trkpt lat="42.42315086240523" lon="77.2776794192525">
    <time>2026-09-05T08:08:04.334Z</time>
    <extensions>
        <provider>whs</provider>
    </extensions>
</trkpt>
<trkpt lat="42.42317566240523" lon="77.2776714192525">
    <time>2026-09-05T08:08:11.345Z</time>
    <extensions>
        <provider>whs</provider>
    </extensions>
</trkpt>
<trkpt lat="42.42319586240523" lon="77.2776581192525">
    <time>2026-09-05T08:08:13.350Z</time>
    <extensions>
        <provider>whs</provider>
    </extensions>
</trkpt>
<trkpt lat="42.42320816240523" lon="77.2776338192525">
    <time>2026-09-05T08:08:16.355Z</time>
    <extensions>
        <provider>whs</provider>
    </extensions>
</trkpt>
<trkpt lat="42.42322706240523" lon="77.2776252192525">
    <time>2026-09-05T08:08:18.357Z</time>
    <extensions>
        <provider>whs</provider>
    </extensions>
</trkpt>
<trkpt lat="42.42323986240523" lon="77.2776501192525">
    <time>2026-09-05T08:08:21.362Z</time>
    <extensions>
        <provider>whs</provider>
    </extensions>
</trkpt>
<trkpt lat="42.42325836240523" lon="77.2776644192525">
    <time>2026-09-05T08:08:24.367Z</time>
    <extensions>
        <provider>whs</provider>
    </extensions>
</trkpt>
<trkpt lat="42.42326266240523" lon="77.2776362192525">
    <time>2026-09-05T08:08:40.385Z</time>
    <extensions>
        <provider>whs</provider>
    </extensions>
</trkpt>
<trkpt lat="42.42324386240523" lon="77.27762751925249">
    <time>2026-09-05T08:08:50.402Z</time>
    <extensions>
        <provider>whs</provider>
    </extensions>
</trkpt>
<trkpt lat="42.42326466240523" lon="77.27763611925249">
    <time>2026-09-05T08:08:56.411Z</time>
    <extensions>
        <provider>whs</provider>
    </extensions>
</trkpt>
<trkpt lat="42.42326736240523" lon="77.2776636192525">
    <time>2026-09-05T08:09:28.456Z</time>
    <extensions>
        <provider>whs</provider>
    </extensions>
</trkpt>
<trkpt lat="42.42323286240523" lon="77.2776894192525">
    <time>2026-09-05T08:09:41.475Z</time>
    <extensions>
        <provider>whs</provider>
    </extensions>
</trkpt>
<trkpt lat="42.423204062405226" lon="77.27770651925249">
    <time>2026-09-05T08:09:42.476Z</time>
    <extensions>
        <provider>whs</provider>
    </extensions>
</trkpt>
<trkpt lat="42.423181562405226" lon="77.2777355192525">
    <time>2026-09-05T08:09:43.478Z</time>
    <extensions>
        <provider>whs</provider>
    </extensions>
</trkpt>
<trkpt lat="42.42315456240523" lon="77.2777818192525">
    <time>2026-09-05T08:09:44.479Z</time>
    <extensions>
        <provider>whs</provider>
    </extensions>
</trkpt>
<trkpt lat="42.42311296240523" lon="77.27781351925249">
    <time>2026-09-05T08:09:45.480Z</time>
    <extensions>
        <provider>whs</provider>
    </extensions>
</trkpt>
<trkpt lat="42.42306226240523" lon="77.2778290192525">
    <time>2026-09-05T08:09:46.481Z</time>
    <extensions>
        <provider>whs</provider>
    </extensions>
</trkpt>
<trkpt lat="42.42301416240523" lon="77.2778586192525">
    <time>2026-09-05T08:09:47.483Z</time>
    <extensions>
        <provider>whs</provider>
    </extensions>
</trkpt>
<trkpt lat="42.42297076240523" lon="77.27785751925249">
    <time>2026-09-05T08:09:48.484Z</time>
    <extensions>
        <provider>whs</provider>
    </extensions>
</trkpt>
<trkpt lat="42.42291436240523" lon="77.27787071925249">
    <time>2026-09-05T08:09:49.485Z</time>
    <extensions>
        <provider>whs</provider>
    </extensions>
</trkpt>
<trkpt lat="42.42286856240523" lon="77.2778708192525">
    <time>2026-09-05T08:09:50.487Z</time>
    <extensions>
        <provider>whs</provider>
    </extensions>
</trkpt>
<trkpt lat="42.42283616240523" lon="77.2778365192525">
    <time>2026-09-05T08:09:51.488Z</time>
    <extensions>
        <provider>whs</provider>
    </extensions>
</trkpt>
<trkpt lat="42.42281136240523" lon="77.2777791192525">
    <time>2026-09-05T08:09:52.489Z</time>
    <extensions>
        <provider>whs</provider>
    </extensions>
</trkpt>
<trkpt lat="42.42280706240523" lon="77.2777283192525">
    <time>2026-09-05T08:09:53.490Z</time>
    <extensions>
        <provider>whs</provider>
    </extensions>
</trkpt>
<trkpt lat="42.422811262405226" lon="77.2776699192525">
    <time>2026-09-05T08:09:54.492Z</time>
    <extensions>
        <provider>whs</provider>
    </extensions>
</trkpt>
<trkpt lat="42.42283476240523" lon="77.2776195192525">
    <time>2026-09-05T08:09:55.493Z</time>
    <extensions>
        <provider>whs</provider>
    </extensions>
</trkpt>
<trkpt lat="42.422869062405226" lon="77.2775749192525">
    <time>2026-09-05T08:09:56.494Z</time>
    <extensions>
        <provider>whs</provider>
    </extensions>
</trkpt>
<trkpt lat="42.42291636240523" lon="77.2775506192525">
    <time>2026-09-05T08:09:57.495Z</time>
    <extensions>
        <provider>whs</provider>
    </extensions>
</trkpt>
<trkpt lat="42.42297476240523" lon="77.27753081925249">
    <time>2026-09-05T08:09:58.497Z</time>
    <extensions>
        <provider>whs</provider>
    </extensions>
</trkpt>
<trkpt lat="42.423022862405226" lon="77.27753341925249">
    <time>2026-09-05T08:09:59.498Z</time>
    <extensions>
        <provider>whs</provider>
    </extensions>
</trkpt>
<trkpt lat="42.42305856240523" lon="77.2775608192525">
    <time>2026-09-05T08:10:00.498Z</time>
    <extensions>
        <provider>whs</provider>
    </extensions>
</trkpt>
<trkpt lat="42.42309426240523" lon="77.2775972192525">
    <time>2026-09-05T08:10:01.500Z</time>
    <extensions>
        <provider>whs</provider>
    </extensions>
</trkpt>
<trkpt lat="42.42312156240523" lon="77.2776439192525">
    <time>2026-09-05T08:10:02.502Z</time>
    <extensions>
        <provider>whs</provider>
    </extensions>
</trkpt>
<trkpt lat="42.42315776240523" lon="77.2776946192525">
    <time>2026-09-05T08:10:03.503Z</time>
    <extensions>
        <provider>whs</provider>
    </extensions>
</trkpt>
<trkpt lat="42.42319806240523" lon="77.2777282192525">
    <time>2026-09-05T08:10:04.505Z</time>
    <extensions>
        <provider>whs</provider>
    </extensions>
</trkpt>
<trkpt lat="42.42322936240523" lon="77.2777669192525">
    <time>2026-09-05T08:10:05.505Z</time>
    <extensions>
        <provider>whs</provider>
    </extensions>
</trkpt>
<trkpt lat="42.42324206240523" lon="77.2778143192525">
    <time>2026-09-05T08:10:06.506Z</time>
    <extensions>
        <provider>whs</provider>
    </extensions>
</trkpt>
<trkpt lat="42.423242962405226" lon="77.2778825192525">
    <time>2026-09-05T08:10:07.508Z</time>
    <extensions>
        <provider>whs</provider>
    </extensions>
</trkpt>
<trkpt lat="42.42324246240523" lon="77.27793871925249">
    <time>2026-09-05T08:10:08.509Z</time>
    <extensions>
        <provider>whs</provider>
    </extensions>
</trkpt>
<trkpt lat="42.42322846240523" lon="77.2779940192525">
    <time>2026-09-05T08:10:09.511Z</time>
    <extensions>
        <provider>whs</provider>
    </extensions>
</trkpt>
<trkpt lat="42.423204062405226" lon="77.2780443192525">
    <time>2026-09-05T08:10:10.512Z</time>
    <extensions>
        <provider>whs</provider>
    </extensions>
</trkpt>
<trkpt lat="42.42316236240523" lon="77.27808851925249">
    <time>2026-09-05T08:10:11.513Z</time>
    <extensions>
        <provider>whs</provider>
    </extensions>
</trkpt>
<trkpt lat="42.42312366240523" lon="77.2781045192525">
    <time>2026-09-05T08:10:12.515Z</time>
    <extensions>
        <provider>whs</provider>
    </extensions>
</trkpt>
<trkpt lat="42.42307946240523" lon="77.27810771925249">
    <time>2026-09-05T08:10:13.516Z</time>
    <extensions>
        <provider>whs</provider>
    </extensions>
</trkpt>
<trkpt lat="42.423031362405226" lon="77.2780889192525">
    <time>2026-09-05T08:10:14.517Z</time>
    <extensions>
        <provider>whs</provider>
    </extensions>
</trkpt>
<trkpt lat="42.422990062405226" lon="77.2780613192525">
    <time>2026-09-05T08:10:15.519Z</time>
    <extensions>
        <provider>whs</provider>
    </extensions>
</trkpt>
<trkpt lat="42.422953562405226" lon="77.2780197192525">
    <time>2026-09-05T08:10:16.521Z</time>
    <extensions>
        <provider>whs</provider>
    </extensions>
</trkpt>
<trkpt lat="42.42293016240523" lon="77.2779699192525">
    <time>2026-09-05T08:10:17.521Z</time>
    <extensions>
        <provider>whs</provider>
    </extensions>
</trkpt>
<trkpt lat="42.42292746240523" lon="77.2779135192525">
    <time>2026-09-05T08:10:18.522Z</time>
    <extensions>
        <provider>whs</provider>
    </extensions>
</trkpt>
<trkpt lat="42.42292086240523" lon="77.27785321925249">
    <time>2026-09-05T08:10:19.525Z</time>
    <extensions>
        <provider>whs</provider>
    </extensions>
</trkpt>
<trkpt lat="42.42291946240523" lon="77.27779241925249">
    <time>2026-09-05T08:10:20.525Z</time>
    <extensions>
        <provider>whs</provider>
    </extensions>
</trkpt>
<trkpt lat="42.42292736240523" lon="77.2777440192525">
    <time>2026-09-05T08:10:21.526Z</time>
    <extensions>
        <provider>whs</provider>
    </extensions>
</trkpt>
<trkpt lat="42.42294456240523" lon="77.2776808192525">
    <time>2026-09-05T08:10:22.528Z</time>
    <extensions>
        <provider>whs</provider>
    </extensions>
</trkpt>
<trkpt lat="42.42297336240523" lon="77.2776333192525">
    <time>2026-09-05T08:10:23.530Z</time>
    <extensions>
        <provider>whs</provider>
    </extensions>
</trkpt>
<trkpt lat="42.42301476240523" lon="77.2775957192525">
    <time>2026-09-05T08:10:24.530Z</time>
    <extensions>
        <provider>whs</provider>
    </extensions>
</trkpt>
<trkpt lat="42.42305516240523" lon="77.2775608192525">
    <time>2026-09-05T08:10:25.531Z</time>
    <extensions>
        <provider>whs</provider>
    </extensions>
</trkpt>
<trkpt lat="42.42310076240523" lon="77.2775563192525">
    <time>2026-09-05T08:10:26.532Z</time>
    <extensions>
        <provider>whs</provider>
    </extensions>
</trkpt>
<trkpt lat="42.42315596240523" lon="77.2775462192525">
    <time>2026-09-05T08:10:27.533Z</time>
    <extensions>
        <provider>whs</provider>
    </extensions>
</trkpt>
<trkpt lat="42.42320096240523" lon="77.2775457192525">
    <time>2026-09-05T08:10:28.536Z</time>
    <extensions>
        <provider>whs</provider>
    </extensions>
</trkpt>
<trkpt lat="42.42323066240523" lon="77.27757031925249">
    <time>2026-09-05T08:10:29.536Z</time>
    <extensions>
        <provider>whs</provider>
    </extensions>
</trkpt>
<trkpt lat="42.42326686240523" lon="77.2775989192525">
    <time>2026-09-05T08:10:30.537Z</time>
    <extensions>
        <provider>whs</provider>
    </extensions>
</trkpt>
<trkpt lat="42.42330846240523" lon="77.2776381192525">
    <time>2026-09-05T08:10:31.538Z</time>
    <extensions>
        <provider>whs</provider>
    </extensions>
</trkpt>
<trkpt lat="42.42333326240523" lon="77.27767541925249">
    <time>2026-09-05T08:10:32.539Z</time>
    <extensions>
        <provider>whs</provider>
    </extensions>
</trkpt>
<trkpt lat="42.42336676240523" lon="77.2777142192525">
    <time>2026-09-05T08:10:33.540Z</time>
    <extensions>
        <provider>whs</provider>
    </extensions>
</trkpt>
<trkpt lat="42.42338716240523" lon="77.2777423192525">
    <time>2026-09-05T08:10:34.541Z</time>
    <extensions>
        <provider>whs</provider>
    </extensions>
</trkpt>
<trkpt lat="42.42340096240523" lon="77.2777641192525">
    <time>2026-09-05T08:10:36.544Z</time>
    <extensions>
        <provider>whs</provider>
    </extensions>
</trkpt>
<trkpt lat="42.42338336240523" lon="77.2777511192525">
    <time>2026-09-05T08:10:38.547Z</time>
    <extensions>
        <provider>whs</provider>
    </extensions>
</trkpt>
<trkpt lat="42.42336426240523" lon="77.27772901925249">
    <time>2026-09-05T08:10:43.552Z</time>
    <extensions>
        <provider>whs</provider>
    </extensions>
</trkpt>
<trkpt lat="42.42338336240523" lon="77.2777117192525">
    <time>2026-09-05T08:10:54.567Z</time>
    <extensions>
        <provider>whs</provider>
    </extensions>
</trkpt>
        </trkseg>
    </trk>
</gpx>
