<?xml version="1.0" encoding="UTF-8"?>
<gpx version="1.1"
     creator="FoilTracker"
     xmlns="http://www.topografix.com/GPX/1/1">
    <trk>
        <name>FoilTracker WHS</name>
        <trkseg>
<trkpt lat="42.42413246240523" lon="77.2760976192525">
    <time>2026-08-23T06:56:32.359Z</time>
    <extensions>
        <provider>whs</provider>
    </extensions>
</trkpt>
<trkpt lat="42.42408736240524" lon="77.2760567192525">
    <time>2026-08-23T06:56:33.363Z</time>
    <extensions>
        <provider>whs</provider>
    </extensions>
</trkpt>
<trkpt lat="42.424073162405236" lon="77.2760864192525">
    <time>2026-08-23T06:56:35.382Z</time>
    <extensions>
        <provider>whs</provider>
    </extensions>
</trkpt>
<trkpt lat="42.42408296240524" lon="77.27613961925249">
    <time>2026-08-23T06:56:38.407Z</time>
    <extensions>
        <provider>whs</provider>
    </extensions>
</trkpt>
<trkpt lat="42.42407506240524" lon="77.27611061925249">
    <time>2026-08-23T06:56:45.469Z</time>
    <extensions>
        <provider>whs</provider>
    </extensions>
</trkpt>
<trkpt lat="42.42408146240523" lon="77.2760782192525">
    <time>2026-08-23T06:56:48.493Z</time>
    <extensions>
        <provider>whs</provider>
    </extensions>
</trkpt>
<trkpt lat="42.424071962405236" lon="77.2761018192525">
    <time>2026-08-23T06:56:54.544Z</time>
    <extensions>
        <provider>whs</provider>
    </extensions>
</trkpt>
<trkpt lat="42.42407656240523" lon="77.27607231925249">
    <time>2026-08-23T06:57:00.602Z</time>
    <extensions>
        <provider>whs</provider>
    </extensions>
</trkpt>
<trkpt lat="42.42403436240524" lon="77.27607901925249">
    <time>2026-08-23T06:57:02.619Z</time>
    <extensions>
        <provider>whs</provider>
    </extensions>
</trkpt>
<trkpt lat="42.423995962405236" lon="77.2760906192525">
    <time>2026-08-23T06:57:03.629Z</time>
    <extensions>
        <provider>whs</provider>
    </extensions>
</trkpt>
<trkpt lat="42.423944162405235" lon="77.2760547192525">
    <time>2026-08-23T06:57:04.638Z</time>
    <extensions>
        <provider>whs</provider>
    </extensions>
</trkpt>
<trkpt lat="42.423913262405236" lon="77.27603621925249">
    <time>2026-08-23T06:57:05.647Z</time>
    <extensions>
        <provider>whs</provider>
    </extensions>
</trkpt>
<trkpt lat="42.42389656240523" lon="77.2760122192525">
    <time>2026-08-23T06:57:06.657Z</time>
    <extensions>
        <provider>whs</provider>
    </extensions>
</trkpt>
<trkpt lat="42.423896062405234" lon="77.2759767192525">
    <time>2026-08-23T06:57:08.673Z</time>
    <extensions>
        <provider>whs</provider>
    </extensions>
</trkpt>
<trkpt lat="42.42391336240524" lon="77.2759680192525">
    <time>2026-08-23T06:57:14.730Z</time>
    <extensions>
        <provider>whs</provider>
    </extensions>
</trkpt>
<trkpt lat="42.42393486240523" lon="77.2759623192525">
    <time>2026-08-23T06:57:17.757Z</time>
    <extensions>
        <provider>whs</provider>
    </extensions>
</trkpt>
<trkpt lat="42.42395536240524" lon="77.2759594192525">
    <time>2026-08-23T06:57:19.778Z</time>
    <extensions>
        <provider>whs</provider>
    </extensions>
</trkpt>
<trkpt lat="42.42397556240523" lon="77.27597181925249">
    <time>2026-08-23T06:57:22.803Z</time>
    <extensions>
        <provider>whs</provider>
    </extensions>
</trkpt>
<trkpt lat="42.42399236240524" lon="77.2759966192525">
    <time>2026-08-23T06:57:25.833Z</time>
    <extensions>
        <provider>whs</provider>
    </extensions>
</trkpt>
<trkpt lat="42.424004362405235" lon="77.2759748192525">
    <time>2026-08-23T06:57:31.883Z</time>
    <extensions>
        <provider>whs</provider>
    </extensions>
</trkpt>
<trkpt lat="42.424020762405235" lon="77.2759882192525">
    <time>2026-08-23T06:57:34.910Z</time>
    <extensions>
        <provider>whs</provider>
    </extensions>
</trkpt>
<trkpt lat="42.42404186240523" lon="77.2759941192525">
    <time>2026-08-23T06:57:36.931Z</time>
    <extensions>
        <provider>whs</provider>
    </extensions>
</trkpt>
<trkpt lat="42.424064662405236" lon="77.2759906192525">
    <time>2026-08-23T06:57:40.967Z</time>
    <extensions>
        <provider>whs</provider>
    </extensions>
</trkpt>
<trkpt lat="42.424087562405234" lon="77.27600241925249">
    <time>2026-08-23T06:57:45.006Z</time>
    <extensions>
        <provider>whs</provider>
    </extensions>
</trkpt>
<trkpt lat="42.424107762405235" lon="77.2759987192525">
    <time>2026-08-23T06:57:51.062Z</time>
    <extensions>
        <provider>whs</provider>
    </extensions>
</trkpt>
<trkpt lat="42.424125262405234" lon="77.27600701925249">
    <time>2026-08-23T06:57:57.111Z</time>
    <extensions>
        <provider>whs</provider>
    </extensions>
</trkpt>
<trkpt lat="42.42410936240523" lon="77.27602971925249">
    <time>2026-08-23T06:58:04.171Z</time>
    <extensions>
        <provider>whs</provider>
    </extensions>
</trkpt>
<trkpt lat="42.42409216240524" lon="77.2760138192525">
    <time>2026-08-23T06:58:09.211Z</time>
    <extensions>
        <provider>whs</provider>
    </extensions>
</trkpt>
<trkpt lat="42.424084062405235" lon="77.2760446192525">
    <time>2026-08-23T06:58:13.248Z</time>
    <extensions>
        <provider>whs</provider>
    </extensions>
</trkpt>
<trkpt lat="42.42406496240523" lon="77.2760293192525">
    <time>2026-08-23T06:58:16.272Z</time>
    <extensions>
        <provider>whs</provider>
    </extensions>
</trkpt>
<trkpt lat="42.42408376240523" lon="77.2760324192525">
    <time>2026-08-23T06:58:18.291Z</time>
    <extensions>
        <provider>whs</provider>
    </extensions>
</trkpt>
<trkpt lat="42.424100962405234" lon="77.2760536192525">
    <time>2026-08-23T06:58:19.300Z</time>
    <extensions>
        <provider>whs</provider>
    </extensions>
</trkpt>
<trkpt lat="42.424079062405234" lon="77.2760504192525">
    <time>2026-08-23T06:58:26.363Z</time>
    <extensions>
        <provider>whs</provider>
    </extensions>
</trkpt>
<trkpt lat="42.42404736240523" lon="77.2760640192525">
    <time>2026-08-23T06:58:27.371Z</time>
    <extensions>
        <provider>whs</provider>
    </extensions>
</trkpt>
<trkpt lat="42.424009762405234" lon="77.2760581192525">
    <time>2026-08-23T06:58:28.380Z</time>
    <extensions>
        <provider>whs</provider>
    </extensions>
</trkpt>
<trkpt lat="42.423983162405236" lon="77.2760389192525">
    <time>2026-08-23T06:58:29.389Z</time>
    <extensions>
        <provider>whs</provider>
    </extensions>
</trkpt>
<trkpt lat="42.42396106240523" lon="77.2760117192525">
    <time>2026-08-23T06:58:30.397Z</time>
    <extensions>
        <provider>whs</provider>
    </extensions>
</trkpt>
<trkpt lat="42.42394886240523" lon="77.2759710192525">
    <time>2026-08-23T06:58:31.408Z</time>
    <extensions>
        <provider>whs</provider>
    </extensions>
</trkpt>
<trkpt lat="42.42393536240524" lon="77.27594451925249">
    <time>2026-08-23T06:58:32.420Z</time>
    <extensions>
        <provider>whs</provider>
    </extensions>
</trkpt>
<trkpt lat="42.423910662405234" lon="77.2759070192525">
    <time>2026-08-23T06:58:34.441Z</time>
    <extensions>
        <provider>whs</provider>
    </extensions>
</trkpt>
<trkpt lat="42.42392556240524" lon="77.2758894192525">
    <time>2026-08-23T06:58:35.453Z</time>
    <extensions>
        <provider>whs</provider>
    </extensions>
</trkpt>
<trkpt lat="42.423960562405234" lon="77.2758718192525">
    <time>2026-08-23T06:58:36.463Z</time>
    <extensions>
        <provider>whs</provider>
    </extensions>
</trkpt>
<trkpt lat="42.42399736240524" lon="77.27585711925249">
    <time>2026-08-23T06:58:37.473Z</time>
    <extensions>
        <provider>whs</provider>
    </extensions>
</trkpt>
<trkpt lat="42.42402766240524" lon="77.2758524192525">
    <time>2026-08-23T06:58:38.482Z</time>
    <extensions>
        <provider>whs</provider>
    </extensions>
</trkpt>
<trkpt lat="42.424048262405236" lon="77.2759097192525">
    <time>2026-08-23T06:58:39.497Z</time>
    <extensions>
        <provider>whs</provider>
    </extensions>
</trkpt>
<trkpt lat="42.424038462405235" lon="77.2759355192525">
    <time>2026-08-23T06:58:44.543Z</time>
    <extensions>
        <provider>whs</provider>
    </extensions>
</trkpt>
<trkpt lat="42.42404546240523" lon="77.2759772192525">
    <time>2026-08-23T06:58:52.599Z</time>
    <extensions>
        <provider>whs</provider>
    </extensions>
</trkpt>
<trkpt lat="42.42406366240524" lon="77.2759666192525">
    <time>2026-08-23T06:58:55.630Z</time>
    <extensions>
        <provider>whs</provider>
    </extensions>
</trkpt>
<trkpt lat="42.42408146240523" lon="77.2759711192525">
    <time>2026-08-23T06:59:07.706Z</time>
    <extensions>
        <provider>whs</provider>
    </extensions>
</trkpt>
<trkpt lat="42.42410146240523" lon="77.2759688192525">
    <time>2026-08-23T06:59:14.755Z</time>
    <extensions>
        <provider>whs</provider>
    </extensions>
</trkpt>
<trkpt lat="42.42411416240523" lon="77.2759499192525">
    <time>2026-08-23T06:59:15.764Z</time>
    <extensions>
        <provider>whs</provider>
    </extensions>
</trkpt>
<trkpt lat="42.424124262405236" lon="77.2759133192525">
    <time>2026-08-23T06:59:21.820Z</time>
    <extensions>
        <provider>whs</provider>
    </extensions>
</trkpt>
<trkpt lat="42.424101562405234" lon="77.2759169192525">
    <time>2026-08-23T06:59:29.893Z</time>
    <extensions>
        <provider>whs</provider>
    </extensions>
</trkpt>
<trkpt lat="42.42408376240523" lon="77.27592371925249">
    <time>2026-08-23T06:59:35.949Z</time>
    <extensions>
        <provider>whs</provider>
    </extensions>
</trkpt>
<trkpt lat="42.424100962405234" lon="77.2759419192525">
    <time>2026-08-23T06:59:38.974Z</time>
    <extensions>
        <provider>whs</provider>
    </extensions>
</trkpt>
<trkpt lat="42.42414166240523" lon="77.2759096192525">
    <time>2026-08-23T06:59:59.161Z</time>
    <extensions>
        <provider>whs</provider>
    </extensions>
</trkpt>
<trkpt lat="42.42414956240523" lon="77.27593971925249">
    <time>2026-08-23T07:00:07.192Z</time>
    <extensions>
        <provider>whs</provider>
    </extensions>
</trkpt>
<trkpt lat="42.424152762405235" lon="77.27596461925249">
    <time>2026-08-23T07:00:12.191Z</time>
    <extensions>
        <provider>whs</provider>
    </extensions>
</trkpt>
<trkpt lat="42.424147862405235" lon="77.2759913192525">
    <time>2026-08-23T07:00:18.190Z</time>
    <extensions>
        <provider>whs</provider>
    </extensions>
</trkpt>
<trkpt lat="42.42412616240524" lon="77.2759956192525">
    <time>2026-08-23T07:00:20.190Z</time>
    <extensions>
        <provider>whs</provider>
    </extensions>
</trkpt>
<trkpt lat="42.42414986240524" lon="77.2759712192525">
    <time>2026-08-23T07:00:38.334Z</time>
    <extensions>
        <provider>whs</provider>
    </extensions>
</trkpt>
<trkpt lat="42.42412766240523" lon="77.2759698192525">
    <time>2026-08-23T07:00:49.429Z</time>
    <extensions>
        <provider>whs</provider>
    </extensions>
</trkpt>
<trkpt lat="42.424129062405235" lon="77.2759961192525">
    <time>2026-08-23T07:01:03.555Z</time>
    <extensions>
        <provider>whs</provider>
    </extensions>
</trkpt>
<trkpt lat="42.424099962405236" lon="77.2759893192525">
    <time>2026-08-23T07:01:17.682Z</time>
    <extensions>
        <provider>whs</provider>
    </extensions>
</trkpt>
<trkpt lat="42.42406136240523" lon="77.2760044192525">
    <time>2026-08-23T07:01:18.692Z</time>
    <extensions>
        <provider>whs</provider>
    </extensions>
</trkpt>
<trkpt lat="42.42400586240524" lon="77.2759991192525">
    <time>2026-08-23T07:01:19.695Z</time>
    <extensions>
        <provider>whs</provider>
    </extensions>
</trkpt>
<trkpt lat="42.42396286240523" lon="77.27601081925249">
    <time>2026-08-23T07:01:20.702Z</time>
    <extensions>
        <provider>whs</provider>
    </extensions>
</trkpt>
<trkpt lat="42.423927162405235" lon="77.2760148192525">
    <time>2026-08-23T07:01:21.712Z</time>
    <extensions>
        <provider>whs</provider>
    </extensions>
</trkpt>
<trkpt lat="42.42388726240524" lon="77.2760058192525">
    <time>2026-08-23T07:01:22.720Z</time>
    <extensions>
        <provider>whs</provider>
    </extensions>
</trkpt>
<trkpt lat="42.42384346240524" lon="77.2759834192525">
    <time>2026-08-23T07:01:23.729Z</time>
    <extensions>
        <provider>whs</provider>
    </extensions>
</trkpt>
<trkpt lat="42.42380836240523" lon="77.27596291925249">
    <time>2026-08-23T07:01:24.736Z</time>
    <extensions>
        <provider>whs</provider>
    </extensions>
</trkpt>
<trkpt lat="42.423768362405234" lon="77.2759439192525">
    <time>2026-08-23T07:01:25.744Z</time>
    <extensions>
        <provider>whs</provider>
    </extensions>
</trkpt>
<trkpt lat="42.42372146240523" lon="77.2759290192525">
    <time>2026-08-23T07:01:26.754Z</time>
    <extensions>
        <provider>whs</provider>
    </extensions>
</trkpt>
<trkpt lat="42.423670462405234" lon="77.2759274192525">
    <time>2026-08-23T07:01:27.763Z</time>
    <extensions>
        <provider>whs</provider>
    </extensions>
</trkpt>
<trkpt lat="42.42361916240524" lon="77.2759149192525">
    <time>2026-08-23T07:01:28.771Z</time>
    <extensions>
        <provider>whs</provider>
    </extensions>
</trkpt>
<trkpt lat="42.423572762405236" lon="77.2759174192525">
    <time>2026-08-23T07:01:29.780Z</time>
    <extensions>
        <provider>whs</provider>
    </extensions>
</trkpt>
<trkpt lat="42.423528962405236" lon="77.2759200192525">
    <time>2026-08-23T07:01:30.790Z</time>
    <extensions>
        <provider>whs</provider>
    </extensions>
</trkpt>
<trkpt lat="42.423482062405235" lon="77.2759243192525">
    <time>2026-08-23T07:01:31.799Z</time>
    <extensions>
        <provider>whs</provider>
    </extensions>
</trkpt>
<trkpt lat="42.42343376240524" lon="77.2759264192525">
    <time>2026-08-23T07:01:32.809Z</time>
    <extensions>
        <provider>whs</provider>
    </extensions>
</trkpt>
<trkpt lat="42.42337836240524" lon="77.27593711925249">
    <time>2026-08-23T07:01:33.816Z</time>
    <extensions>
        <provider>whs</provider>
    </extensions>
</trkpt>
<trkpt lat="42.423337362405235" lon="77.2759324192525">
    <time>2026-08-23T07:01:34.829Z</time>
    <extensions>
        <provider>whs</provider>
    </extensions>
</trkpt>
<trkpt lat="42.423286262405234" lon="77.2759169192525">
    <time>2026-08-23T07:01:35.835Z</time>
    <extensions>
        <provider>whs</provider>
    </extensions>
</trkpt>
<trkpt lat="42.42324576240524" lon="77.2759175192525">
    <time>2026-08-23T07:01:36.844Z</time>
    <extensions>
        <provider>whs</provider>
    </extensions>
</trkpt>
<trkpt lat="42.423198662405234" lon="77.2759262192525">
    <time>2026-08-23T07:01:37.854Z</time>
    <extensions>
        <provider>whs</provider>
    </extensions>
</trkpt>
<trkpt lat="42.423145962405236" lon="77.2759391192525">
    <time>2026-08-23T07:01:38.863Z</time>
    <extensions>
        <provider>whs</provider>
    </extensions>
</trkpt>
<trkpt lat="42.423108862405236" lon="77.27595911925249">
    <time>2026-08-23T07:01:39.873Z</time>
    <extensions>
        <provider>whs</provider>
    </extensions>
</trkpt>
<trkpt lat="42.42306346240524" lon="77.2759882192525">
    <time>2026-08-23T07:01:40.882Z</time>
    <extensions>
        <provider>whs</provider>
    </extensions>
</trkpt>
<trkpt lat="42.423011562405236" lon="77.2760226192525">
    <time>2026-08-23T07:01:41.893Z</time>
    <extensions>
        <provider>whs</provider>
    </extensions>
</trkpt>
<trkpt lat="42.42296746240523" lon="77.27606201925249">
    <time>2026-08-23T07:01:42.902Z</time>
    <extensions>
        <provider>whs</provider>
    </extensions>
</trkpt>
<trkpt lat="42.422933062405235" lon="77.2761023192525">
    <time>2026-08-23T07:01:43.912Z</time>
    <extensions>
        <provider>whs</provider>
    </extensions>
</trkpt>
<trkpt lat="42.42290046240524" lon="77.27613981925249">
    <time>2026-08-23T07:01:44.920Z</time>
    <extensions>
        <provider>whs</provider>
    </extensions>
</trkpt>
<trkpt lat="42.422872762405234" lon="77.2761776192525">
    <time>2026-08-23T07:01:45.926Z</time>
    <extensions>
        <provider>whs</provider>
    </extensions>
</trkpt>
<trkpt lat="42.42284656240523" lon="77.2762189192525">
    <time>2026-08-23T07:01:46.935Z</time>
    <extensions>
        <provider>whs</provider>
    </extensions>
</trkpt>
<trkpt lat="42.422829562405234" lon="77.2762933192525">
    <time>2026-08-23T07:01:47.943Z</time>
    <extensions>
        <provider>whs</provider>
    </extensions>
</trkpt>
<trkpt lat="42.422813162405234" lon="77.2763540192525">
    <time>2026-08-23T07:01:48.952Z</time>
    <extensions>
        <provider>whs</provider>
    </extensions>
</trkpt>
<trkpt lat="42.42281006240523" lon="77.2764112192525">
    <time>2026-08-23T07:01:49.962Z</time>
    <extensions>
        <provider>whs</provider>
    </extensions>
</trkpt>
<trkpt lat="42.42280086240523" lon="77.2764670192525">
    <time>2026-08-23T07:01:50.973Z</time>
    <extensions>
        <provider>whs</provider>
    </extensions>
</trkpt>
<trkpt lat="42.42280866240524" lon="77.2765354192525">
    <time>2026-08-23T07:01:51.982Z</time>
    <extensions>
        <provider>whs</provider>
    </extensions>
</trkpt>
<trkpt lat="42.42281416240524" lon="77.27660011925249">
    <time>2026-08-23T07:01:52.994Z</time>
    <extensions>
        <provider>whs</provider>
    </extensions>
</trkpt>
<trkpt lat="42.42282626240524" lon="77.2766500192525">
    <time>2026-08-23T07:01:54.004Z</time>
    <extensions>
        <provider>whs</provider>
    </extensions>
</trkpt>
<trkpt lat="42.42284136240524" lon="77.27670591925249">
    <time>2026-08-23T07:01:55.014Z</time>
    <extensions>
        <provider>whs</provider>
    </extensions>
</trkpt>
<trkpt lat="42.42285866240523" lon="77.27675331925249">
    <time>2026-08-23T07:01:56.025Z</time>
    <extensions>
        <provider>whs</provider>
    </extensions>
</trkpt>
<trkpt lat="42.42288956240524" lon="77.2767932192525">
    <time>2026-08-23T07:01:57.034Z</time>
    <extensions>
        <provider>whs</provider>
    </extensions>
</trkpt>
<trkpt lat="42.422922662405234" lon="77.2768341192525">
    <time>2026-08-23T07:01:58.044Z</time>
    <extensions>
        <provider>whs</provider>
    </extensions>
</trkpt>
<trkpt lat="42.42295506240524" lon="77.2768806192525">
    <time>2026-08-23T07:01:59.055Z</time>
    <extensions>
        <provider>whs</provider>
    </extensions>
</trkpt>
<trkpt lat="42.422979262405235" lon="77.2769280192525">
    <time>2026-08-23T07:02:00.064Z</time>
    <extensions>
        <provider>whs</provider>
    </extensions>
</trkpt>
<trkpt lat="42.42301426240523" lon="77.2769775192525">
    <time>2026-08-23T07:02:01.072Z</time>
    <extensions>
        <provider>whs</provider>
    </extensions>
</trkpt>
<trkpt lat="42.423043762405236" lon="77.27700731925249">
    <time>2026-08-23T07:02:02.082Z</time>
    <extensions>
        <provider>whs</provider>
    </extensions>
</trkpt>
<trkpt lat="42.42308886240524" lon="77.27701541925249">
    <time>2026-08-23T07:02:03.091Z</time>
    <extensions>
        <provider>whs</provider>
    </extensions>
</trkpt>
<trkpt lat="42.42312496240523" lon="77.2770165192525">
    <time>2026-08-23T07:02:04.099Z</time>
    <extensions>
        <provider>whs</provider>
    </extensions>
</trkpt>
<trkpt lat="42.42316516240523" lon="77.2770090192525">
    <time>2026-08-23T07:02:05.106Z</time>
    <extensions>
        <provider>whs</provider>
    </extensions>
</trkpt>
<trkpt lat="42.423202362405235" lon="77.2769940192525">
    <time>2026-08-23T07:02:06.115Z</time>
    <extensions>
        <provider>whs</provider>
    </extensions>
</trkpt>
<trkpt lat="42.42323536240524" lon="77.2769656192525">
    <time>2026-08-23T07:02:07.124Z</time>
    <extensions>
        <provider>whs</provider>
    </extensions>
</trkpt>
<trkpt lat="42.42326786240523" lon="77.27693741925249">
    <time>2026-08-23T07:02:08.132Z</time>
    <extensions>
        <provider>whs</provider>
    </extensions>
</trkpt>
<trkpt lat="42.423305862405236" lon="77.2769183192525">
    <time>2026-08-23T07:02:09.142Z</time>
    <extensions>
        <provider>whs</provider>
    </extensions>
</trkpt>
<trkpt lat="42.42336016240524" lon="77.2769083192525">
    <time>2026-08-23T07:02:10.153Z</time>
    <extensions>
        <provider>whs</provider>
    </extensions>
</trkpt>
<trkpt lat="42.42340936240524" lon="77.27688951925249">
    <time>2026-08-23T07:02:11.161Z</time>
    <extensions>
        <provider>whs</provider>
    </extensions>
</trkpt>
<trkpt lat="42.42345326240523" lon="77.2768786192525">
    <time>2026-08-23T07:02:12.171Z</time>
    <extensions>
        <provider>whs</provider>
    </extensions>
</trkpt>
<trkpt lat="42.42348856240523" lon="77.2768669192525">
    <time>2026-08-23T07:02:13.180Z</time>
    <extensions>
        <provider>whs</provider>
    </extensions>
</trkpt>
<trkpt lat="42.423529462405234" lon="77.2768478192525">
    <time>2026-08-23T07:02:14.189Z</time>
    <extensions>
        <provider>whs</provider>
    </extensions>
</trkpt>
<trkpt lat="42.42357176240524" lon="77.2768373192525">
    <time>2026-08-23T07:02:15.196Z</time>
    <extensions>
        <provider>whs</provider>
    </extensions>
</trkpt>
<trkpt lat="42.423601762405234" lon="77.2768021192525">
    <time>2026-08-23T07:02:16.206Z</time>
    <extensions>
        <provider>whs</provider>
    </extensions>
</trkpt>
<trkpt lat="42.423635362405236" lon="77.2767623192525">
    <time>2026-08-23T07:02:17.215Z</time>
    <extensions>
        <provider>whs</provider>
    </extensions>
</trkpt>
<trkpt lat="42.423666362405235" lon="77.27671721925249">
    <time>2026-08-23T07:02:18.225Z</time>
    <extensions>
        <provider>whs</provider>
    </extensions>
</trkpt>
<trkpt lat="42.423722962405236" lon="77.2766670192525">
    <time>2026-08-23T07:02:19.234Z</time>
    <extensions>
        <provider>whs</provider>
    </extensions>
</trkpt>
<trkpt lat="42.423751562405236" lon="77.2766458192525">
    <time>2026-08-23T07:02:20.242Z</time>
    <extensions>
        <provider>whs</provider>
    </extensions>
</trkpt>
<trkpt lat="42.423784962405236" lon="77.2766240192525">
    <time>2026-08-23T07:02:21.249Z</time>
    <extensions>
        <provider>whs</provider>
    </extensions>
</trkpt>
<trkpt lat="42.42381736240524" lon="77.2766009192525">
    <time>2026-08-23T07:02:22.256Z</time>
    <extensions>
        <provider>whs</provider>
    </extensions>
</trkpt>
<trkpt lat="42.423852462405236" lon="77.2765760192525">
    <time>2026-08-23T07:02:23.265Z</time>
    <extensions>
        <provider>whs</provider>
    </extensions>
</trkpt>
<trkpt lat="42.42388116240524" lon="77.2765576192525">
    <time>2026-08-23T07:02:24.274Z</time>
    <extensions>
        <provider>whs</provider>
    </extensions>
</trkpt>
<trkpt lat="42.42390846240524" lon="77.27652041925249">
    <time>2026-08-23T07:02:25.283Z</time>
    <extensions>
        <provider>whs</provider>
    </extensions>
</trkpt>
<trkpt lat="42.423943462405234" lon="77.2764846192525">
    <time>2026-08-23T07:02:26.295Z</time>
    <extensions>
        <provider>whs</provider>
    </extensions>
</trkpt>
<trkpt lat="42.423971462405234" lon="77.2764425192525">
    <time>2026-08-23T07:02:27.304Z</time>
    <extensions>
        <provider>whs</provider>
    </extensions>
</trkpt>
<trkpt lat="42.42399936240523" lon="77.2764071192525">
    <time>2026-08-23T07:02:28.314Z</time>
    <extensions>
        <provider>whs</provider>
    </extensions>
</trkpt>
<trkpt lat="42.424022062405236" lon="77.2763597192525">
    <time>2026-08-23T07:02:29.323Z</time>
    <extensions>
        <provider>whs</provider>
    </extensions>
</trkpt>
<trkpt lat="42.42404426240523" lon="77.2763098192525">
    <time>2026-08-23T07:02:30.332Z</time>
    <extensions>
        <provider>whs</provider>
    </extensions>
</trkpt>
<trkpt lat="42.42405986240524" lon="77.2762524192525">
    <time>2026-08-23T07:02:31.342Z</time>
    <extensions>
        <provider>whs</provider>
    </extensions>
</trkpt>
<trkpt lat="42.424067562405234" lon="77.2762137192525">
    <time>2026-08-23T07:02:32.352Z</time>
    <extensions>
        <provider>whs</provider>
    </extensions>
</trkpt>
<trkpt lat="42.424079662405234" lon="77.2761649192525">
    <time>2026-08-23T07:02:33.362Z</time>
    <extensions>
        <provider>whs</provider>
    </extensions>
</trkpt>
<trkpt lat="42.424083362405234" lon="77.2760971192525">
    <time>2026-08-23T07:02:34.370Z</time>
    <extensions>
        <provider>whs</provider>
    </extensions>
</trkpt>
<trkpt lat="42.42409146240524" lon="77.2760562192525">
    <time>2026-08-23T07:02:35.380Z</time>
    <extensions>
        <provider>whs</provider>
    </extensions>
</trkpt>
<trkpt lat="42.42408866240523" lon="77.27600961925249">
    <time>2026-08-23T07:02:36.390Z</time>
    <extensions>
        <provider>whs</provider>
    </extensions>
</trkpt>
<trkpt lat="42.424088262405235" lon="77.27596411925249">
    <time>2026-08-23T07:02:37.399Z</time>
    <extensions>
        <provider>whs</provider>
    </extensions>
</trkpt>
<trkpt lat="42.42410086240523" lon="77.27592151925249">
    <time>2026-08-23T07:02:38.409Z</time>
    <extensions>
        <provider>whs</provider>
    </extensions>
</trkpt>
<trkpt lat="42.42411106240524" lon="77.2758857192525">
    <time>2026-08-23T07:02:39.417Z</time>
    <extensions>
        <provider>whs</provider>
    </extensions>
</trkpt>
<trkpt lat="42.42411856240523" lon="77.2758417192525">
    <time>2026-08-23T07:02:40.425Z</time>
    <extensions>
        <provider>whs</provider>
    </extensions>
</trkpt>
<trkpt lat="42.42413176240524" lon="77.27581431925249">
    <time>2026-08-23T07:02:41.434Z</time>
    <extensions>
        <provider>whs</provider>
    </extensions>
</trkpt>
<trkpt lat="42.42413906240524" lon="77.2757833192525">
    <time>2026-08-23T07:02:42.442Z</time>
    <extensions>
        <provider>whs</provider>
    </extensions>
</trkpt>
<trkpt lat="42.42412506240524" lon="77.2758031192525">
    <time>2026-08-23T07:02:46.475Z</time>
    <extensions>
        <provider>whs</provider>
    </extensions>
</trkpt>
<trkpt lat="42.42410686240523" lon="77.2758122192525">
    <time>2026-08-23T07:02:48.494Z</time>
    <extensions>
        <provider>whs</provider>
    </extensions>
</trkpt>
<trkpt lat="42.42413066240523" lon="77.2758225192525">
    <time>2026-08-23T07:02:51.523Z</time>
    <extensions>
        <provider>whs</provider>
    </extensions>
</trkpt>
<trkpt lat="42.424140662405236" lon="77.2758586192525">
    <time>2026-08-23T07:02:53.539Z</time>
    <extensions>
        <provider>whs</provider>
    </extensions>
</trkpt>
<trkpt lat="42.424138662405234" lon="77.2758932192525">
    <time>2026-08-23T07:02:55.554Z</time>
    <extensions>
        <provider>whs</provider>
    </extensions>
</trkpt>
<trkpt lat="42.42415136240523" lon="77.2759168192525">
    <time>2026-08-23T07:02:58.580Z</time>
    <extensions>
        <provider>whs</provider>
    </extensions>
</trkpt>
<trkpt lat="42.42416756240524" lon="77.2759344192525">
    <time>2026-08-23T07:03:06.634Z</time>
    <extensions>
        <provider>whs</provider>
    </extensions>
</trkpt>
<trkpt lat="42.42418646240524" lon="77.27595551925249">
    <time>2026-08-23T07:03:10.672Z</time>
    <extensions>
        <provider>whs</provider>
    </extensions>
</trkpt>
<trkpt lat="42.42418056240523" lon="77.2760013192525">
    <time>2026-08-23T07:03:13.700Z</time>
    <extensions>
        <provider>whs</provider>
    </extensions>
</trkpt>
<trkpt lat="42.42416206240524" lon="77.27600241925249">
    <time>2026-08-23T07:03:17.737Z</time>
    <extensions>
        <provider>whs</provider>
    </extensions>
</trkpt>
<trkpt lat="42.42414686240524" lon="77.2760220192525">
    <time>2026-08-23T07:03:20.765Z</time>
    <extensions>
        <provider>whs</provider>
    </extensions>
</trkpt>
<trkpt lat="42.42412926240524" lon="77.2760153192525">
    <time>2026-08-23T07:03:26.778Z</time>
    <extensions>
        <provider>whs</provider>
    </extensions>
</trkpt>
<trkpt lat="42.424138762405235" lon="77.2759839192525">
    <time>2026-08-23T07:03:29.804Z</time>
    <extensions>
        <provider>whs</provider>
    </extensions>
</trkpt>
<trkpt lat="42.42414866240524" lon="77.2759528192525">
    <time>2026-08-23T07:03:46.955Z</time>
    <extensions>
        <provider>whs</provider>
    </extensions>
</trkpt>
<trkpt lat="42.424164262405235" lon="77.2759726192525">
    <time>2026-08-23T07:03:48.971Z</time>
    <extensions>
        <provider>whs</provider>
    </extensions>
</trkpt>
<trkpt lat="42.424169062405234" lon="77.2760134192525">
    <time>2026-08-23T07:04:56.617Z</time>
    <extensions>
        <provider>whs</provider>
    </extensions>
</trkpt>
<trkpt lat="42.42414496240524" lon="77.27600651925249">
    <time>2026-08-23T07:05:06.710Z</time>
    <extensions>
        <provider>whs</provider>
    </extensions>
</trkpt>
<trkpt lat="42.424140062405236" lon="77.2760398192525">
    <time>2026-08-23T07:05:11.754Z</time>
    <extensions>
        <provider>whs</provider>
    </extensions>
</trkpt>
<trkpt lat="42.42411766240524" lon="77.2760438192525">
    <time>2026-08-23T07:05:15.788Z</time>
    <extensions>
        <provider>whs</provider>
    </extensions>
</trkpt>
<trkpt lat="42.42409786240523" lon="77.27603211925249">
    <time>2026-08-23T07:05:17.806Z</time>
    <extensions>
        <provider>whs</provider>
    </extensions>
</trkpt>
<trkpt lat="42.42409836240523" lon="77.27600531925249">
    <time>2026-08-23T07:05:32.938Z</time>
    <extensions>
        <provider>whs</provider>
    </extensions>
</trkpt>
<trkpt lat="42.42411336240524" lon="77.2759813192525">
    <time>2026-08-23T07:05:34.956Z</time>
    <extensions>
        <provider>whs</provider>
    </extensions>
</trkpt>
<trkpt lat="42.424121762405235" lon="77.2759573192525">
    <time>2026-08-23T07:05:43.025Z</time>
    <extensions>
        <provider>whs</provider>
    </extensions>
</trkpt>
<trkpt lat="42.42412516240523" lon="77.27598211925249">
    <time>2026-08-23T07:05:46.055Z</time>
    <extensions>
        <provider>whs</provider>
    </extensions>
</trkpt>
<trkpt lat="42.42409346240524" lon="77.27600531925249">
    <time>2026-08-23T07:05:52.108Z</time>
    <extensions>
        <provider>whs</provider>
    </extensions>
</trkpt>
<trkpt lat="42.424063962405235" lon="77.2760118192525">
    <time>2026-08-23T07:05:53.115Z</time>
    <extensions>
        <provider>whs</provider>
    </extensions>
</trkpt>
<trkpt lat="42.42401546240524" lon="77.27600481925249">
    <time>2026-08-23T07:05:54.123Z</time>
    <extensions>
        <provider>whs</provider>
    </extensions>
</trkpt>
<trkpt lat="42.423961762405234" lon="77.2760105192525">
    <time>2026-08-23T07:05:55.132Z</time>
    <extensions>
        <provider>whs</provider>
    </extensions>
</trkpt>
<trkpt lat="42.423923562405236" lon="77.27602111925249">
    <time>2026-08-23T07:05:56.141Z</time>
    <extensions>
        <provider>whs</provider>
    </extensions>
</trkpt>
<trkpt lat="42.42387456240524" lon="77.27603711925249">
    <time>2026-08-23T07:05:57.151Z</time>
    <extensions>
        <provider>whs</provider>
    </extensions>
</trkpt>
<trkpt lat="42.423832962405235" lon="77.2760356192525">
    <time>2026-08-23T07:05:58.158Z</time>
    <extensions>
        <provider>whs</provider>
    </extensions>
</trkpt>
<trkpt lat="42.423783762405236" lon="77.2760143192525">
    <time>2026-08-23T07:05:59.165Z</time>
    <extensions>
        <provider>whs</provider>
    </extensions>
</trkpt>
<trkpt lat="42.42374036240523" lon="77.2759920192525">
    <time>2026-08-23T07:06:00.174Z</time>
    <extensions>
        <provider>whs</provider>
    </extensions>
</trkpt>
<trkpt lat="42.423696162405236" lon="77.2759537192525">
    <time>2026-08-23T07:06:01.184Z</time>
    <extensions>
        <provider>whs</provider>
    </extensions>
</trkpt>
<trkpt lat="42.42366116240524" lon="77.2759243192525">
    <time>2026-08-23T07:06:02.192Z</time>
    <extensions>
        <provider>whs</provider>
    </extensions>
</trkpt>
<trkpt lat="42.42362346240524" lon="77.2759154192525">
    <time>2026-08-23T07:06:03.202Z</time>
    <extensions>
        <provider>whs</provider>
    </extensions>
</trkpt>
<trkpt lat="42.42358266240524" lon="77.2758948192525">
    <time>2026-08-23T07:06:04.211Z</time>
    <extensions>
        <provider>whs</provider>
    </extensions>
</trkpt>
<trkpt lat="42.42353706240524" lon="77.2758953192525">
    <time>2026-08-23T07:06:05.218Z</time>
    <extensions>
        <provider>whs</provider>
    </extensions>
</trkpt>
<trkpt lat="42.423443062405234" lon="77.2758748192525">
    <time>2026-08-23T07:06:06.226Z</time>
    <extensions>
        <provider>whs</provider>
    </extensions>
</trkpt>
<trkpt lat="42.42340506240524" lon="77.2758723192525">
    <time>2026-08-23T07:06:07.236Z</time>
    <extensions>
        <provider>whs</provider>
    </extensions>
</trkpt>
<trkpt lat="42.42337156240524" lon="77.2758599192525">
    <time>2026-08-23T07:06:08.245Z</time>
    <extensions>
        <provider>whs</provider>
    </extensions>
</trkpt>
<trkpt lat="42.423330162405236" lon="77.2758455192525">
    <time>2026-08-23T07:06:09.254Z</time>
    <extensions>
        <provider>whs</provider>
    </extensions>
</trkpt>
<trkpt lat="42.42327996240523" lon="77.27584111925249">
    <time>2026-08-23T07:06:10.263Z</time>
    <extensions>
        <provider>whs</provider>
    </extensions>
</trkpt>
<trkpt lat="42.42323616240523" lon="77.2758475192525">
    <time>2026-08-23T07:06:11.272Z</time>
    <extensions>
        <provider>whs</provider>
    </extensions>
</trkpt>
<trkpt lat="42.42318876240523" lon="77.27585331925249">
    <time>2026-08-23T07:06:12.284Z</time>
    <extensions>
        <provider>whs</provider>
    </extensions>
</trkpt>
<trkpt lat="42.423145962405236" lon="77.2758543192525">
    <time>2026-08-23T07:06:13.292Z</time>
    <extensions>
        <provider>whs</provider>
    </extensions>
</trkpt>
<trkpt lat="42.42309916240524" lon="77.2758537192525">
    <time>2026-08-23T07:06:14.291Z</time>
    <extensions>
        <provider>whs</provider>
    </extensions>
</trkpt>
<trkpt lat="42.42305606240524" lon="77.27583871925249">
    <time>2026-08-23T07:06:15.297Z</time>
    <extensions>
        <provider>whs</provider>
    </extensions>
</trkpt>
<trkpt lat="42.423018862405236" lon="77.27580711925249">
    <time>2026-08-23T07:06:16.306Z</time>
    <extensions>
        <provider>whs</provider>
    </extensions>
</trkpt>
<trkpt lat="42.422991462405236" lon="77.2757599192525">
    <time>2026-08-23T07:06:17.314Z</time>
    <extensions>
        <provider>whs</provider>
    </extensions>
</trkpt>
<trkpt lat="42.422987662405234" lon="77.27568501925249">
    <time>2026-08-23T07:06:18.324Z</time>
    <extensions>
        <provider>whs</provider>
    </extensions>
</trkpt>
<trkpt lat="42.42300806240524" lon="77.2756373192525">
    <time>2026-08-23T07:06:19.332Z</time>
    <extensions>
        <provider>whs</provider>
    </extensions>
</trkpt>
<trkpt lat="42.423036462405236" lon="77.2756008192525">
    <time>2026-08-23T07:06:20.341Z</time>
    <extensions>
        <provider>whs</provider>
    </extensions>
</trkpt>
<trkpt lat="42.423071062405235" lon="77.2755626192525">
    <time>2026-08-23T07:06:21.348Z</time>
    <extensions>
        <provider>whs</provider>
    </extensions>
</trkpt>
<trkpt lat="42.42309436240524" lon="77.2755547192525">
    <time>2026-08-23T07:06:22.357Z</time>
    <extensions>
        <provider>whs</provider>
    </extensions>
</trkpt>
<trkpt lat="42.42313596240523" lon="77.2755468192525">
    <time>2026-08-23T07:06:23.367Z</time>
    <extensions>
        <provider>whs</provider>
    </extensions>
</trkpt>
<trkpt lat="42.423181062405234" lon="77.27555291925249">
    <time>2026-08-23T07:06:24.368Z</time>
    <extensions>
        <provider>whs</provider>
    </extensions>
</trkpt>
<trkpt lat="42.42323266240523" lon="77.27555961925249">
    <time>2026-08-23T07:06:25.368Z</time>
    <extensions>
        <provider>whs</provider>
    </extensions>
</trkpt>
<trkpt lat="42.42327316240524" lon="77.27555361925249">
    <time>2026-08-23T07:06:26.367Z</time>
    <extensions>
        <provider>whs</provider>
    </extensions>
</trkpt>
<trkpt lat="42.423312562405236" lon="77.2755826192525">
    <time>2026-08-23T07:06:27.369Z</time>
    <extensions>
        <provider>whs</provider>
    </extensions>
</trkpt>
<trkpt lat="42.423342962405236" lon="77.27563021925249">
    <time>2026-08-23T07:06:28.377Z</time>
    <extensions>
        <provider>whs</provider>
    </extensions>
</trkpt>
<trkpt lat="42.42336266240523" lon="77.2756650192525">
    <time>2026-08-23T07:06:29.387Z</time>
    <extensions>
        <provider>whs</provider>
    </extensions>
</trkpt>
<trkpt lat="42.42338466240523" lon="77.2757077192525">
    <time>2026-08-23T07:06:30.396Z</time>
    <extensions>
        <provider>whs</provider>
    </extensions>
</trkpt>
<trkpt lat="42.42340456240524" lon="77.27575611925249">
    <time>2026-08-23T07:06:31.405Z</time>
    <extensions>
        <provider>whs</provider>
    </extensions>
</trkpt>
<trkpt lat="42.42342386240524" lon="77.27580401925249">
    <time>2026-08-23T07:06:32.414Z</time>
    <extensions>
        <provider>whs</provider>
    </extensions>
</trkpt>
<trkpt lat="42.42343496240524" lon="77.2758462192525">
    <time>2026-08-23T07:06:33.424Z</time>
    <extensions>
        <provider>whs</provider>
    </extensions>
</trkpt>
<trkpt lat="42.423464562405236" lon="77.2758853192525">
    <time>2026-08-23T07:06:34.434Z</time>
    <extensions>
        <provider>whs</provider>
    </extensions>
</trkpt>
<trkpt lat="42.423477762405234" lon="77.2759360192525">
    <time>2026-08-23T07:06:35.443Z</time>
    <extensions>
        <provider>whs</provider>
    </extensions>
</trkpt>
<trkpt lat="42.42350066240523" lon="77.27596961925249">
    <time>2026-08-23T07:06:36.452Z</time>
    <extensions>
        <provider>whs</provider>
    </extensions>
</trkpt>
<trkpt lat="42.423510062405235" lon="77.2760122192525">
    <time>2026-08-23T07:06:37.461Z</time>
    <extensions>
        <provider>whs</provider>
    </extensions>
</trkpt>
<trkpt lat="42.423525362405236" lon="77.2760567192525">
    <time>2026-08-23T07:06:38.469Z</time>
    <extensions>
        <provider>whs</provider>
    </extensions>
</trkpt>
<trkpt lat="42.423535662405236" lon="77.2761089192525">
    <time>2026-08-23T07:06:39.478Z</time>
    <extensions>
        <provider>whs</provider>
    </extensions>
</trkpt>
<trkpt lat="42.423551462405236" lon="77.2761658192525">
    <time>2026-08-23T07:06:40.487Z</time>
    <extensions>
        <provider>whs</provider>
    </extensions>
</trkpt>
<trkpt lat="42.423563462405234" lon="77.27622411925249">
    <time>2026-08-23T07:06:41.496Z</time>
    <extensions>
        <provider>whs</provider>
    </extensions>
</trkpt>
<trkpt lat="42.42358106240523" lon="77.2762787192525">
    <time>2026-08-23T07:06:42.505Z</time>
    <extensions>
        <provider>whs</provider>
    </extensions>
</trkpt>
<trkpt lat="42.42360406240523" lon="77.27632771925249">
    <time>2026-08-23T07:06:43.518Z</time>
    <extensions>
        <provider>whs</provider>
    </extensions>
</trkpt>
<trkpt lat="42.42362476240523" lon="77.2763657192525">
    <time>2026-08-23T07:06:44.526Z</time>
    <extensions>
        <provider>whs</provider>
    </extensions>
</trkpt>
<trkpt lat="42.42364766240524" lon="77.27640841925249">
    <time>2026-08-23T07:06:45.537Z</time>
    <extensions>
        <provider>whs</provider>
    </extensions>
</trkpt>
<trkpt lat="42.42367026240524" lon="77.2764396192525">
    <time>2026-08-23T07:06:46.546Z</time>
    <extensions>
        <provider>whs</provider>
    </extensions>
</trkpt>
<trkpt lat="42.42369036240523" lon="77.27647971925249">
    <time>2026-08-23T07:06:47.555Z</time>
    <extensions>
        <provider>whs</provider>
    </extensions>
</trkpt>
<trkpt lat="42.423705862405235" lon="77.2765237192525">
    <time>2026-08-23T07:06:48.565Z</time>
    <extensions>
        <provider>whs</provider>
    </extensions>
</trkpt>
<trkpt lat="42.42372196240524" lon="77.2765617192525">
    <time>2026-08-23T07:06:49.575Z</time>
    <extensions>
        <provider>whs</provider>
    </extensions>
</trkpt>
<trkpt lat="42.42374266240523" lon="77.2766004192525">
    <time>2026-08-23T07:06:50.583Z</time>
    <extensions>
        <provider>whs</provider>
    </extensions>
</trkpt>
<trkpt lat="42.423761762405235" lon="77.27663771925249">
    <time>2026-08-23T07:06:51.592Z</time>
    <extensions>
        <provider>whs</provider>
    </extensions>
</trkpt>
<trkpt lat="42.42379606240524" lon="77.2766606192525">
    <time>2026-08-23T07:06:52.602Z</time>
    <extensions>
        <provider>whs</provider>
    </extensions>
</trkpt>
<trkpt lat="42.42381906240524" lon="77.2766579192525">
    <time>2026-08-23T07:06:53.612Z</time>
    <extensions>
        <provider>whs</provider>
    </extensions>
</trkpt>
<trkpt lat="42.423857962405236" lon="77.2766596192525">
    <time>2026-08-23T07:06:54.619Z</time>
    <extensions>
        <provider>whs</provider>
    </extensions>
</trkpt>
<trkpt lat="42.42389826240524" lon="77.2766369192525">
    <time>2026-08-23T07:06:55.627Z</time>
    <extensions>
        <provider>whs</provider>
    </extensions>
</trkpt>
<trkpt lat="42.42392386240523" lon="77.27660131925249">
    <time>2026-08-23T07:06:56.636Z</time>
    <extensions>
        <provider>whs</provider>
    </extensions>
</trkpt>
<trkpt lat="42.423944762405235" lon="77.27655611925249">
    <time>2026-08-23T07:06:57.645Z</time>
    <extensions>
        <provider>whs</provider>
    </extensions>
</trkpt>
<trkpt lat="42.42396326240524" lon="77.27651231925249">
    <time>2026-08-23T07:06:58.655Z</time>
    <extensions>
        <provider>whs</provider>
    </extensions>
</trkpt>
<trkpt lat="42.42396936240524" lon="77.2764630192525">
    <time>2026-08-23T07:06:59.664Z</time>
    <extensions>
        <provider>whs</provider>
    </extensions>
</trkpt>
<trkpt lat="42.42398516240524" lon="77.2764197192525">
    <time>2026-08-23T07:07:00.674Z</time>
    <extensions>
        <provider>whs</provider>
    </extensions>
</trkpt>
<trkpt lat="42.42399976240524" lon="77.2763676192525">
    <time>2026-08-23T07:07:01.683Z</time>
    <extensions>
        <provider>whs</provider>
    </extensions>
</trkpt>
<trkpt lat="42.424015862405234" lon="77.27633131925249">
    <time>2026-08-23T07:07:02.692Z</time>
    <extensions>
        <provider>whs</provider>
    </extensions>
</trkpt>
<trkpt lat="42.42403096240523" lon="77.2762848192525">
    <time>2026-08-23T07:07:03.699Z</time>
    <extensions>
        <provider>whs</provider>
    </extensions>
</trkpt>
<trkpt lat="42.424037762405234" lon="77.2762486192525">
    <time>2026-08-23T07:07:04.709Z</time>
    <extensions>
        <provider>whs</provider>
    </extensions>
</trkpt>
<trkpt lat="42.42404106240524" lon="77.27620041925249">
    <time>2026-08-23T07:07:05.718Z</time>
    <extensions>
        <provider>whs</provider>
    </extensions>
</trkpt>
<trkpt lat="42.42402826240524" lon="77.2761543192525">
    <time>2026-08-23T07:07:06.726Z</time>
    <extensions>
        <provider>whs</provider>
    </extensions>
</trkpt>
<trkpt lat="42.42400276240524" lon="77.2761163192525">
    <time>2026-08-23T07:07:07.736Z</time>
    <extensions>
        <provider>whs</provider>
    </extensions>
</trkpt>
<trkpt lat="42.423962462405235" lon="77.27609771925249">
    <time>2026-08-23T07:07:08.744Z</time>
    <extensions>
        <provider>whs</provider>
    </extensions>
</trkpt>
<trkpt lat="42.42391966240523" lon="77.27610131925249">
    <time>2026-08-23T07:07:09.754Z</time>
    <extensions>
        <provider>whs</provider>
    </extensions>
</trkpt>
<trkpt lat="42.423891962405236" lon="77.2761196192525">
    <time>2026-08-23T07:07:10.762Z</time>
    <extensions>
        <provider>whs</provider>
    </extensions>
</trkpt>
<trkpt lat="42.42386126240523" lon="77.2761533192525">
    <time>2026-08-23T07:07:11.770Z</time>
    <extensions>
        <provider>whs</provider>
    </extensions>
</trkpt>
<trkpt lat="42.42384066240523" lon="77.2762127192525">
    <time>2026-08-23T07:07:12.779Z</time>
    <extensions>
        <provider>whs</provider>
    </extensions>
</trkpt>
<trkpt lat="42.423820062405234" lon="77.2762743192525">
    <time>2026-08-23T07:07:13.791Z</time>
    <extensions>
        <provider>whs</provider>
    </extensions>
</trkpt>
<trkpt lat="42.42381666240524" lon="77.2763286192525">
    <time>2026-08-23T07:07:14.801Z</time>
    <extensions>
        <provider>whs</provider>
    </extensions>
</trkpt>
<trkpt lat="42.423812162405234" lon="77.27639571925249">
    <time>2026-08-23T07:07:15.808Z</time>
    <extensions>
        <provider>whs</provider>
    </extensions>
</trkpt>
<trkpt lat="42.42380956240523" lon="77.2764535192525">
    <time>2026-08-23T07:07:16.818Z</time>
    <extensions>
        <provider>whs</provider>
    </extensions>
</trkpt>
<trkpt lat="42.423817662405234" lon="77.2765095192525">
    <time>2026-08-23T07:07:17.827Z</time>
    <extensions>
        <provider>whs</provider>
    </extensions>
</trkpt>
<trkpt lat="42.423836462405234" lon="77.2765449192525">
    <time>2026-08-23T07:07:18.836Z</time>
    <extensions>
        <provider>whs</provider>
    </extensions>
</trkpt>
<trkpt lat="42.42386596240524" lon="77.2765639192525">
    <time>2026-08-23T07:07:19.848Z</time>
    <extensions>
        <provider>whs</provider>
    </extensions>
</trkpt>
<trkpt lat="42.42389956240523" lon="77.2765684192525">
    <time>2026-08-23T07:07:20.856Z</time>
    <extensions>
        <provider>whs</provider>
    </extensions>
</trkpt>
<trkpt lat="42.42393166240524" lon="77.27656471925249">
    <time>2026-08-23T07:07:21.864Z</time>
    <extensions>
        <provider>whs</provider>
    </extensions>
</trkpt>
<trkpt lat="42.42396626240524" lon="77.27653431925249">
    <time>2026-08-23T07:07:22.875Z</time>
    <extensions>
        <provider>whs</provider>
    </extensions>
</trkpt>
<trkpt lat="42.423999462405234" lon="77.2765045192525">
    <time>2026-08-23T07:07:23.884Z</time>
    <extensions>
        <provider>whs</provider>
    </extensions>
</trkpt>
<trkpt lat="42.42402216240524" lon="77.2764518192525">
    <time>2026-08-23T07:07:24.893Z</time>
    <extensions>
        <provider>whs</provider>
    </extensions>
</trkpt>
<trkpt lat="42.42405386240524" lon="77.2764117192525">
    <time>2026-08-23T07:07:25.903Z</time>
    <extensions>
        <provider>whs</provider>
    </extensions>
</trkpt>
<trkpt lat="42.424085962405236" lon="77.2763642192525">
    <time>2026-08-23T07:07:26.913Z</time>
    <extensions>
        <provider>whs</provider>
    </extensions>
</trkpt>
<trkpt lat="42.424096262405236" lon="77.27631961925249">
    <time>2026-08-23T07:07:27.924Z</time>
    <extensions>
        <provider>whs</provider>
    </extensions>
</trkpt>
<trkpt lat="42.42410486240524" lon="77.27627581925249">
    <time>2026-08-23T07:07:28.933Z</time>
    <extensions>
        <provider>whs</provider>
    </extensions>
</trkpt>
<trkpt lat="42.42410856240524" lon="77.2762398192525">
    <time>2026-08-23T07:07:29.941Z</time>
    <extensions>
        <provider>whs</provider>
    </extensions>
</trkpt>
<trkpt lat="42.424117462405235" lon="77.27619561925249">
    <time>2026-08-23T07:07:30.947Z</time>
    <extensions>
        <provider>whs</provider>
    </extensions>
</trkpt>
<trkpt lat="42.424121062405234" lon="77.2761496192525">
    <time>2026-08-23T07:07:31.956Z</time>
    <extensions>
        <provider>whs</provider>
    </extensions>
</trkpt>
<trkpt lat="42.424122962405235" lon="77.2761098192525">
    <time>2026-08-23T07:07:32.965Z</time>
    <extensions>
        <provider>whs</provider>
    </extensions>
</trkpt>
<trkpt lat="42.424126062405236" lon="77.2760719192525">
    <time>2026-08-23T07:07:33.974Z</time>
    <extensions>
        <provider>whs</provider>
    </extensions>
</trkpt>
<trkpt lat="42.42412576240523" lon="77.27604001925249">
    <time>2026-08-23T07:07:35.991Z</time>
    <extensions>
        <provider>whs</provider>
    </extensions>
</trkpt>
<trkpt lat="42.424127862405236" lon="77.2760671192525">
    <time>2026-08-23T07:07:38.011Z</time>
    <extensions>
        <provider>whs</provider>
    </extensions>
</trkpt>
<trkpt lat="42.424145962405234" lon="77.2761046192525">
    <time>2026-08-23T07:07:40.016Z</time>
    <extensions>
        <provider>whs</provider>
    </extensions>
</trkpt>
<trkpt lat="42.42413836240524" lon="77.27612881925249">
    <time>2026-08-23T07:07:45.014Z</time>
    <extensions>
        <provider>whs</provider>
    </extensions>
</trkpt>
<trkpt lat="42.42414686240524" lon="77.2761515192525">
    <time>2026-08-23T07:07:48.012Z</time>
    <extensions>
        <provider>whs</provider>
    </extensions>
</trkpt>
<trkpt lat="42.424151462405234" lon="77.2761229192525">
    <time>2026-08-23T07:07:50.011Z</time>
    <extensions>
        <provider>whs</provider>
    </extensions>
</trkpt>
<trkpt lat="42.42415626240523" lon="77.2760971192525">
    <time>2026-08-23T07:07:56.009Z</time>
    <extensions>
        <provider>whs</provider>
    </extensions>
</trkpt>
<trkpt lat="42.424175962405236" lon="77.2760940192525">
    <time>2026-08-23T07:08:01.007Z</time>
    <extensions>
        <provider>whs</provider>
    </extensions>
</trkpt>
<trkpt lat="42.424172862405236" lon="77.2760674192525">
    <time>2026-08-23T07:08:09.057Z</time>
    <extensions>
        <provider>whs</provider>
    </extensions>
</trkpt>
<trkpt lat="42.42418536240523" lon="77.27604721925249">
    <time>2026-08-23T07:08:12.088Z</time>
    <extensions>
        <provider>whs</provider>
    </extensions>
</trkpt>
<trkpt lat="42.42420036240524" lon="77.27603141925249">
    <time>2026-08-23T07:08:18.143Z</time>
    <extensions>
        <provider>whs</provider>
    </extensions>
</trkpt>
<trkpt lat="42.42418766240524" lon="77.27600961925249">
    <time>2026-08-23T07:08:24.199Z</time>
    <extensions>
        <provider>whs</provider>
    </extensions>
</trkpt>
<trkpt lat="42.42419496240524" lon="77.2759839192525">
    <time>2026-08-23T07:08:30.249Z</time>
    <extensions>
        <provider>whs</provider>
    </extensions>
</trkpt>
<trkpt lat="42.42417726240524" lon="77.2759904192525">
    <time>2026-08-23T07:08:48.412Z</time>
    <extensions>
        <provider>whs</provider>
    </extensions>
</trkpt>
<trkpt lat="42.42415796240523" lon="77.2759917192525">
    <time>2026-08-23T07:08:51.436Z</time>
    <extensions>
        <provider>whs</provider>
    </extensions>
</trkpt>
<trkpt lat="42.42413856240523" lon="77.2759838192525">
    <time>2026-08-23T07:08:53.459Z</time>
    <extensions>
        <provider>whs</provider>
    </extensions>
</trkpt>
<trkpt lat="42.42411976240523" lon="77.2759893192525">
    <time>2026-08-23T07:08:55.476Z</time>
    <extensions>
        <provider>whs</provider>
    </extensions>
</trkpt>
<trkpt lat="42.424122362405235" lon="77.2760149192525">
    <time>2026-08-23T07:09:08.595Z</time>
    <extensions>
        <provider>whs</provider>
    </extensions>
</trkpt>
<trkpt lat="42.42410426240524" lon="77.2760184192525">
    <time>2026-08-23T07:09:15.657Z</time>
    <extensions>
        <provider>whs</provider>
    </extensions>
</trkpt>
<trkpt lat="42.42413126240523" lon="77.2759936192525">
    <time>2026-08-23T07:09:28.774Z</time>
    <extensions>
        <provider>whs</provider>
    </extensions>
</trkpt>
<trkpt lat="42.42414016240524" lon="77.2760188192525">
    <time>2026-08-23T07:09:33.825Z</time>
    <extensions>
        <provider>whs</provider>
    </extensions>
</trkpt>
<trkpt lat="42.424159362405234" lon="77.2760226192525">
    <time>2026-08-23T07:09:40.887Z</time>
    <extensions>
        <provider>whs</provider>
    </extensions>
</trkpt>
<trkpt lat="42.424145962405234" lon="77.2759985192525">
    <time>2026-08-23T07:09:56.022Z</time>
    <extensions>
        <provider>whs</provider>
    </extensions>
</trkpt>
<trkpt lat="42.424130262405235" lon="77.2760150192525">
    <time>2026-08-23T07:10:32.344Z</time>
    <extensions>
        <provider>whs</provider>
    </extensions>
</trkpt>
<trkpt lat="42.42410146240523" lon="77.2760124192525">
    <time>2026-08-23T07:10:39.408Z</time>
    <extensions>
        <provider>whs</provider>
    </extensions>
</trkpt>
<trkpt lat="42.424093862405236" lon="77.2759863192525">
    <time>2026-08-23T07:10:46.450Z</time>
    <extensions>
        <provider>whs</provider>
    </extensions>
</trkpt>
<trkpt lat="42.424114462405235" lon="77.2759856192525">
    <time>2026-08-23T07:10:55.535Z</time>
    <extensions>
        <provider>whs</provider>
    </extensions>
</trkpt>
<trkpt lat="42.424101662405235" lon="77.2760038192525">
    <time>2026-08-23T07:10:59.576Z</time>
    <extensions>
        <provider>whs</provider>
    </extensions>
</trkpt>
<trkpt lat="42.42410756240523" lon="77.27597801925249">
    <time>2026-08-23T07:11:03.607Z</time>
    <extensions>
        <provider>whs</provider>
    </extensions>
</trkpt>
<trkpt lat="42.424117362405234" lon="77.2760008192525">
    <time>2026-08-23T07:11:17.726Z</time>
    <extensions>
        <provider>whs</provider>
    </extensions>
</trkpt>
<trkpt lat="42.42409816240524" lon="77.2760164192525">
    <time>2026-08-23T07:11:20.754Z</time>
    <extensions>
        <provider>whs</provider>
    </extensions>
</trkpt>
<trkpt lat="42.42407216240524" lon="77.2760382192525">
    <time>2026-08-23T07:11:21.761Z</time>
    <extensions>
        <provider>whs</provider>
    </extensions>
</trkpt>
<trkpt lat="42.424047462405234" lon="77.27602781925249">
    <time>2026-08-23T07:11:22.771Z</time>
    <extensions>
        <provider>whs</provider>
    </extensions>
</trkpt>
<trkpt lat="42.42406536240524" lon="77.2760164192525">
    <time>2026-08-23T07:11:32.870Z</time>
    <extensions>
        <provider>whs</provider>
    </extensions>
</trkpt>
<trkpt lat="42.424080462405236" lon="77.2759920192525">
    <time>2026-08-23T07:11:38.925Z</time>
    <extensions>
        <provider>whs</provider>
    </extensions>
</trkpt>
<trkpt lat="42.42410386240523" lon="77.2759843192525">
    <time>2026-08-23T07:11:44.981Z</time>
    <extensions>
        <provider>whs</provider>
    </extensions>
</trkpt>
<trkpt lat="42.42411826240524" lon="77.2760161192525">
    <time>2026-08-23T07:11:48.008Z</time>
    <extensions>
        <provider>whs</provider>
    </extensions>
</trkpt>
<trkpt lat="42.42414436240524" lon="77.27601561925249">
    <time>2026-08-23T07:11:53.050Z</time>
    <extensions>
        <provider>whs</provider>
    </extensions>
</trkpt>
<trkpt lat="42.42413006240523" lon="77.2759867192525">
    <time>2026-08-23T07:11:55.068Z</time>
    <extensions>
        <provider>whs</provider>
    </extensions>
</trkpt>
<trkpt lat="42.42414986240524" lon="77.2760033192525">
    <time>2026-08-23T07:12:03.117Z</time>
    <extensions>
        <provider>whs</provider>
    </extensions>
</trkpt>
<trkpt lat="42.42415246240523" lon="77.2760332192525">
    <time>2026-08-23T07:12:15.215Z</time>
    <extensions>
        <provider>whs</provider>
    </extensions>
</trkpt>
<trkpt lat="42.42413426240523" lon="77.2760270192525">
    <time>2026-08-23T07:12:32.368Z</time>
    <extensions>
        <provider>whs</provider>
    </extensions>
</trkpt>
<trkpt lat="42.42412636240523" lon="77.2759911192525">
    <time>2026-08-23T07:12:38.422Z</time>
    <extensions>
        <provider>whs</provider>
    </extensions>
</trkpt>
<trkpt lat="42.42413286240524" lon="77.2759636192525">
    <time>2026-08-23T07:12:42.458Z</time>
    <extensions>
        <provider>whs</provider>
    </extensions>
</trkpt>
<trkpt lat="42.424105362405236" lon="77.2759698192525">
    <time>2026-08-23T07:12:55.578Z</time>
    <extensions>
        <provider>whs</provider>
    </extensions>
</trkpt>
<trkpt lat="42.424087162405236" lon="77.2759899192525">
    <time>2026-08-23T07:12:56.588Z</time>
    <extensions>
        <provider>whs</provider>
    </extensions>
</trkpt>
<trkpt lat="42.424069562405236" lon="77.27600361925249">
    <time>2026-08-23T07:12:57.597Z</time>
    <extensions>
        <provider>whs</provider>
    </extensions>
</trkpt>
<trkpt lat="42.42404596240524" lon="77.2760098192525">
    <time>2026-08-23T07:12:58.607Z</time>
    <extensions>
        <provider>whs</provider>
    </extensions>
</trkpt>
<trkpt lat="42.42402776240524" lon="77.27601011925249">
    <time>2026-08-23T07:12:59.616Z</time>
    <extensions>
        <provider>whs</provider>
    </extensions>
</trkpt>
<trkpt lat="42.42402766240524" lon="77.2760438192525">
    <time>2026-08-23T07:13:06.678Z</time>
    <extensions>
        <provider>whs</provider>
    </extensions>
</trkpt>
<trkpt lat="42.424036662405236" lon="77.2760669192525">
    <time>2026-08-23T07:13:09.699Z</time>
    <extensions>
        <provider>whs</provider>
    </extensions>
</trkpt>
<trkpt lat="42.42405826240523" lon="77.2760658192525">
    <time>2026-08-23T07:13:12.727Z</time>
    <extensions>
        <provider>whs</provider>
    </extensions>
</trkpt>
<trkpt lat="42.424078562405235" lon="77.2760705192525">
    <time>2026-08-23T07:13:14.747Z</time>
    <extensions>
        <provider>whs</provider>
    </extensions>
</trkpt>
<trkpt lat="42.42409706240524" lon="77.2760695192525">
    <time>2026-08-23T07:13:16.766Z</time>
    <extensions>
        <provider>whs</provider>
    </extensions>
</trkpt>
<trkpt lat="42.42411726240523" lon="77.2760932192525">
    <time>2026-08-23T07:13:19.791Z</time>
    <extensions>
        <provider>whs</provider>
    </extensions>
</trkpt>
<trkpt lat="42.42413306240523" lon="77.2760588192525">
    <time>2026-08-23T07:13:28.876Z</time>
    <extensions>
        <provider>whs</provider>
    </extensions>
</trkpt>
<trkpt lat="42.424153362405235" lon="77.2760475192525">
    <time>2026-08-23T07:13:32.914Z</time>
    <extensions>
        <provider>whs</provider>
    </extensions>
</trkpt>
<trkpt lat="42.42413606240523" lon="77.2760334192525">
    <time>2026-08-23T07:13:45.020Z</time>
    <extensions>
        <provider>whs</provider>
    </extensions>
</trkpt>
<trkpt lat="42.424145362405234" lon="77.27600961925249">
    <time>2026-08-23T07:13:48.047Z</time>
    <extensions>
        <provider>whs</provider>
    </extensions>
</trkpt>
<trkpt lat="42.42413376240523" lon="77.2759893192525">
    <time>2026-08-23T07:14:00.157Z</time>
    <extensions>
        <provider>whs</provider>
    </extensions>
</trkpt>
<trkpt lat="42.42411186240523" lon="77.27597851925249">
    <time>2026-08-23T07:14:02.173Z</time>
    <extensions>
        <provider>whs</provider>
    </extensions>
</trkpt>
<trkpt lat="42.424095662405236" lon="77.2759947192525">
    <time>2026-08-23T07:14:12.221Z</time>
    <extensions>
        <provider>whs</provider>
    </extensions>
</trkpt>
<trkpt lat="42.424073162405236" lon="77.2759995192525">
    <time>2026-08-23T07:14:13.230Z</time>
    <extensions>
        <provider>whs</provider>
    </extensions>
</trkpt>
<trkpt lat="42.42403516240523" lon="77.2760063192525">
    <time>2026-08-23T07:14:14.239Z</time>
    <extensions>
        <provider>whs</provider>
    </extensions>
</trkpt>
<trkpt lat="42.423993462405235" lon="77.2760174192525">
    <time>2026-08-23T07:14:15.249Z</time>
    <extensions>
        <provider>whs</provider>
    </extensions>
</trkpt>
<trkpt lat="42.42395176240524" lon="77.27601271925249">
    <time>2026-08-23T07:14:16.258Z</time>
    <extensions>
        <provider>whs</provider>
    </extensions>
</trkpt>
<trkpt lat="42.42390236240524" lon="77.27599671925249">
    <time>2026-08-23T07:14:17.270Z</time>
    <extensions>
        <provider>whs</provider>
    </extensions>
</trkpt>
<trkpt lat="42.423852962405235" lon="77.2759970192525">
    <time>2026-08-23T07:14:18.279Z</time>
    <extensions>
        <provider>whs</provider>
    </extensions>
</trkpt>
<trkpt lat="42.423798162405234" lon="77.2760236192525">
    <time>2026-08-23T07:14:19.288Z</time>
    <extensions>
        <provider>whs</provider>
    </extensions>
</trkpt>
<trkpt lat="42.423769762405236" lon="77.2760305192525">
    <time>2026-08-23T07:14:20.297Z</time>
    <extensions>
        <provider>whs</provider>
    </extensions>
</trkpt>
<trkpt lat="42.42373286240524" lon="77.2760311192525">
    <time>2026-08-23T07:14:21.306Z</time>
    <extensions>
        <provider>whs</provider>
    </extensions>
</trkpt>
<trkpt lat="42.42370366240524" lon="77.2760464192525">
    <time>2026-08-23T07:14:22.316Z</time>
    <extensions>
        <provider>whs</provider>
    </extensions>
</trkpt>
<trkpt lat="42.42366306240523" lon="77.2760485192525">
    <time>2026-08-23T07:14:23.326Z</time>
    <extensions>
        <provider>whs</provider>
    </extensions>
</trkpt>
<trkpt lat="42.42362696240524" lon="77.2760413192525">
    <time>2026-08-23T07:14:24.337Z</time>
    <extensions>
        <provider>whs</provider>
    </extensions>
</trkpt>
<trkpt lat="42.423583662405235" lon="77.27605411925249">
    <time>2026-08-23T07:14:25.343Z</time>
    <extensions>
        <provider>whs</provider>
    </extensions>
</trkpt>
<trkpt lat="42.423541762405236" lon="77.2760583192525">
    <time>2026-08-23T07:14:26.352Z</time>
    <extensions>
        <provider>whs</provider>
    </extensions>
</trkpt>
<trkpt lat="42.42351326240524" lon="77.2760792192525">
    <time>2026-08-23T07:14:27.361Z</time>
    <extensions>
        <provider>whs</provider>
    </extensions>
</trkpt>
<trkpt lat="42.42347216240523" lon="77.2761091192525">
    <time>2026-08-23T07:14:28.368Z</time>
    <extensions>
        <provider>whs</provider>
    </extensions>
</trkpt>
<trkpt lat="42.423435762405234" lon="77.2761172192525">
    <time>2026-08-23T07:14:29.376Z</time>
    <extensions>
        <provider>whs</provider>
    </extensions>
</trkpt>
<trkpt lat="42.42339736240523" lon="77.2761242192525">
    <time>2026-08-23T07:14:30.386Z</time>
    <extensions>
        <provider>whs</provider>
    </extensions>
</trkpt>
<trkpt lat="42.423359962405236" lon="77.2761265192525">
    <time>2026-08-23T07:14:31.395Z</time>
    <extensions>
        <provider>whs</provider>
    </extensions>
</trkpt>
<trkpt lat="42.423327562405234" lon="77.27614391925249">
    <time>2026-08-23T07:14:32.402Z</time>
    <extensions>
        <provider>whs</provider>
    </extensions>
</trkpt>
<trkpt lat="42.42328786240523" lon="77.2761630192525">
    <time>2026-08-23T07:14:33.411Z</time>
    <extensions>
        <provider>whs</provider>
    </extensions>
</trkpt>
<trkpt lat="42.423242562405235" lon="77.2761795192525">
    <time>2026-08-23T07:14:34.423Z</time>
    <extensions>
        <provider>whs</provider>
    </extensions>
</trkpt>
<trkpt lat="42.423201062405234" lon="77.2762252192525">
    <time>2026-08-23T07:14:35.433Z</time>
    <extensions>
        <provider>whs</provider>
    </extensions>
</trkpt>
<trkpt lat="42.423171362405235" lon="77.2762700192525">
    <time>2026-08-23T07:14:36.442Z</time>
    <extensions>
        <provider>whs</provider>
    </extensions>
</trkpt>
<trkpt lat="42.423141562405235" lon="77.2763250192525">
    <time>2026-08-23T07:14:37.452Z</time>
    <extensions>
        <provider>whs</provider>
    </extensions>
</trkpt>
<trkpt lat="42.42311806240524" lon="77.27639451925249">
    <time>2026-08-23T07:14:38.462Z</time>
    <extensions>
        <provider>whs</provider>
    </extensions>
</trkpt>
<trkpt lat="42.42310436240523" lon="77.2764471192525">
    <time>2026-08-23T07:14:39.472Z</time>
    <extensions>
        <provider>whs</provider>
    </extensions>
</trkpt>
<trkpt lat="42.42308826240524" lon="77.27650151925249">
    <time>2026-08-23T07:14:40.482Z</time>
    <extensions>
        <provider>whs</provider>
    </extensions>
</trkpt>
<trkpt lat="42.423084362405234" lon="77.27656281925249">
    <time>2026-08-23T07:14:41.490Z</time>
    <extensions>
        <provider>whs</provider>
    </extensions>
</trkpt>
<trkpt lat="42.42307736240524" lon="77.2766178192525">
    <time>2026-08-23T07:14:42.500Z</time>
    <extensions>
        <provider>whs</provider>
    </extensions>
</trkpt>
<trkpt lat="42.423078362405235" lon="77.2766742192525">
    <time>2026-08-23T07:14:43.509Z</time>
    <extensions>
        <provider>whs</provider>
    </extensions>
</trkpt>
<trkpt lat="42.42307246240524" lon="77.2767326192525">
    <time>2026-08-23T07:14:44.518Z</time>
    <extensions>
        <provider>whs</provider>
    </extensions>
</trkpt>
<trkpt lat="42.42306946240524" lon="77.2767863192525">
    <time>2026-08-23T07:14:45.529Z</time>
    <extensions>
        <provider>whs</provider>
    </extensions>
</trkpt>
<trkpt lat="42.42307086240523" lon="77.2768399192525">
    <time>2026-08-23T07:14:46.538Z</time>
    <extensions>
        <provider>whs</provider>
    </extensions>
</trkpt>
<trkpt lat="42.42308306240523" lon="77.2768889192525">
    <time>2026-08-23T07:14:47.546Z</time>
    <extensions>
        <provider>whs</provider>
    </extensions>
</trkpt>
<trkpt lat="42.423102762405236" lon="77.27693911925249">
    <time>2026-08-23T07:14:48.557Z</time>
    <extensions>
        <provider>whs</provider>
    </extensions>
</trkpt>
<trkpt lat="42.423133062405235" lon="77.2769803192525">
    <time>2026-08-23T07:14:49.566Z</time>
    <extensions>
        <provider>whs</provider>
    </extensions>
</trkpt>
<trkpt lat="42.42316186240524" lon="77.2770151192525">
    <time>2026-08-23T07:14:50.573Z</time>
    <extensions>
        <provider>whs</provider>
    </extensions>
</trkpt>
<trkpt lat="42.42320376240524" lon="77.2770369192525">
    <time>2026-08-23T07:14:51.580Z</time>
    <extensions>
        <provider>whs</provider>
    </extensions>
</trkpt>
<trkpt lat="42.42324226240523" lon="77.2770455192525">
    <time>2026-08-23T07:14:52.588Z</time>
    <extensions>
        <provider>whs</provider>
    </extensions>
</trkpt>
<trkpt lat="42.42328066240523" lon="77.2770531192525">
    <time>2026-08-23T07:14:53.598Z</time>
    <extensions>
        <provider>whs</provider>
    </extensions>
</trkpt>
<trkpt lat="42.423309462405236" lon="77.2770455192525">
    <time>2026-08-23T07:14:54.607Z</time>
    <extensions>
        <provider>whs</provider>
    </extensions>
</trkpt>
<trkpt lat="42.42335396240524" lon="77.2770483192525">
    <time>2026-08-23T07:14:55.616Z</time>
    <extensions>
        <provider>whs</provider>
    </extensions>
</trkpt>
<trkpt lat="42.42340046240523" lon="77.2770301192525">
    <time>2026-08-23T07:14:56.623Z</time>
    <extensions>
        <provider>whs</provider>
    </extensions>
</trkpt>
<trkpt lat="42.42344536240523" lon="77.2770000192525">
    <time>2026-08-23T07:14:57.633Z</time>
    <extensions>
        <provider>whs</provider>
    </extensions>
</trkpt>
<trkpt lat="42.423485162405235" lon="77.2769590192525">
    <time>2026-08-23T07:14:58.641Z</time>
    <extensions>
        <provider>whs</provider>
    </extensions>
</trkpt>
<trkpt lat="42.42351226240523" lon="77.2769334192525">
    <time>2026-08-23T07:14:59.649Z</time>
    <extensions>
        <provider>whs</provider>
    </extensions>
</trkpt>
<trkpt lat="42.423554962405234" lon="77.2768929192525">
    <time>2026-08-23T07:15:00.658Z</time>
    <extensions>
        <provider>whs</provider>
    </extensions>
</trkpt>
<trkpt lat="42.42359016240523" lon="77.2768598192525">
    <time>2026-08-23T07:15:01.661Z</time>
    <extensions>
        <provider>whs</provider>
    </extensions>
</trkpt>
<trkpt lat="42.42362296240523" lon="77.27683301925249">
    <time>2026-08-23T07:15:02.669Z</time>
    <extensions>
        <provider>whs</provider>
    </extensions>
</trkpt>
<trkpt lat="42.42364276240524" lon="77.2768061192525">
    <time>2026-08-23T07:15:03.676Z</time>
    <extensions>
        <provider>whs</provider>
    </extensions>
</trkpt>
<trkpt lat="42.423668062405234" lon="77.2767719192525">
    <time>2026-08-23T07:15:04.683Z</time>
    <extensions>
        <provider>whs</provider>
    </extensions>
</trkpt>
<trkpt lat="42.423690762405236" lon="77.2767415192525">
    <time>2026-08-23T07:15:05.692Z</time>
    <extensions>
        <provider>whs</provider>
    </extensions>
</trkpt>
<trkpt lat="42.423723362405234" lon="77.2766981192525">
    <time>2026-08-23T07:15:06.700Z</time>
    <extensions>
        <provider>whs</provider>
    </extensions>
</trkpt>
<trkpt lat="42.42374946240523" lon="77.27665041925249">
    <time>2026-08-23T07:15:07.709Z</time>
    <extensions>
        <provider>whs</provider>
    </extensions>
</trkpt>
<trkpt lat="42.423758062405234" lon="77.2765913192525">
    <time>2026-08-23T07:15:08.718Z</time>
    <extensions>
        <provider>whs</provider>
    </extensions>
</trkpt>
<trkpt lat="42.42376566240524" lon="77.2765246192525">
    <time>2026-08-23T07:15:09.726Z</time>
    <extensions>
        <provider>whs</provider>
    </extensions>
</trkpt>
<trkpt lat="42.423752562405234" lon="77.2764811192525">
    <time>2026-08-23T07:15:10.734Z</time>
    <extensions>
        <provider>whs</provider>
    </extensions>
</trkpt>
<trkpt lat="42.423744862405236" lon="77.2764214192525">
    <time>2026-08-23T07:15:11.742Z</time>
    <extensions>
        <provider>whs</provider>
    </extensions>
</trkpt>
<trkpt lat="42.423750262405235" lon="77.2763679192525">
    <time>2026-08-23T07:15:12.751Z</time>
    <extensions>
        <provider>whs</provider>
    </extensions>
</trkpt>
<trkpt lat="42.423744762405235" lon="77.27630381925249">
    <time>2026-08-23T07:15:13.760Z</time>
    <extensions>
        <provider>whs</provider>
    </extensions>
</trkpt>
<trkpt lat="42.423752562405234" lon="77.2762500192525">
    <time>2026-08-23T07:15:14.770Z</time>
    <extensions>
        <provider>whs</provider>
    </extensions>
</trkpt>
<trkpt lat="42.423743462405234" lon="77.2762079192525">
    <time>2026-08-23T07:15:15.779Z</time>
    <extensions>
        <provider>whs</provider>
    </extensions>
</trkpt>
<trkpt lat="42.423740562405236" lon="77.2761454192525">
    <time>2026-08-23T07:15:16.788Z</time>
    <extensions>
        <provider>whs</provider>
    </extensions>
</trkpt>
<trkpt lat="42.423742862405234" lon="77.2760939192525">
    <time>2026-08-23T07:15:17.797Z</time>
    <extensions>
        <provider>whs</provider>
    </extensions>
</trkpt>
<trkpt lat="42.42375056240523" lon="77.2760536192525">
    <time>2026-08-23T07:15:18.803Z</time>
    <extensions>
        <provider>whs</provider>
    </extensions>
</trkpt>
<trkpt lat="42.42376136240524" lon="77.2760008192525">
    <time>2026-08-23T07:15:19.812Z</time>
    <extensions>
        <provider>whs</provider>
    </extensions>
</trkpt>
<trkpt lat="42.42376586240523" lon="77.2759413192525">
    <time>2026-08-23T07:15:20.822Z</time>
    <extensions>
        <provider>whs</provider>
    </extensions>
</trkpt>
<trkpt lat="42.423767962405236" lon="77.2758895192525">
    <time>2026-08-23T07:15:21.831Z</time>
    <extensions>
        <provider>whs</provider>
    </extensions>
</trkpt>
<trkpt lat="42.42377306240523" lon="77.2758381192525">
    <time>2026-08-23T07:15:22.840Z</time>
    <extensions>
        <provider>whs</provider>
    </extensions>
</trkpt>
<trkpt lat="42.42379416240524" lon="77.2757781192525">
    <time>2026-08-23T07:15:23.849Z</time>
    <extensions>
        <provider>whs</provider>
    </extensions>
</trkpt>
<trkpt lat="42.42382966240523" lon="77.2757489192525">
    <time>2026-08-23T07:15:24.857Z</time>
    <extensions>
        <provider>whs</provider>
    </extensions>
</trkpt>
<trkpt lat="42.423859762405236" lon="77.2757247192525">
    <time>2026-08-23T07:15:25.864Z</time>
    <extensions>
        <provider>whs</provider>
    </extensions>
</trkpt>
<trkpt lat="42.423903362405234" lon="77.2757273192525">
    <time>2026-08-23T07:15:26.872Z</time>
    <extensions>
        <provider>whs</provider>
    </extensions>
</trkpt>
<trkpt lat="42.42395226240524" lon="77.2757641192525">
    <time>2026-08-23T07:15:27.880Z</time>
    <extensions>
        <provider>whs</provider>
    </extensions>
</trkpt>
<trkpt lat="42.424000162405235" lon="77.2758125192525">
    <time>2026-08-23T07:15:28.889Z</time>
    <extensions>
        <provider>whs</provider>
    </extensions>
</trkpt>
<trkpt lat="42.42402056240523" lon="77.2758534192525">
    <time>2026-08-23T07:15:29.901Z</time>
    <extensions>
        <provider>whs</provider>
    </extensions>
</trkpt>
<trkpt lat="42.42402896240524" lon="77.2759011192525">
    <time>2026-08-23T07:15:30.911Z</time>
    <extensions>
        <provider>whs</provider>
    </extensions>
</trkpt>
<trkpt lat="42.42403336240523" lon="77.27596341925249">
    <time>2026-08-23T07:15:31.920Z</time>
    <extensions>
        <provider>whs</provider>
    </extensions>
</trkpt>
<trkpt lat="42.42402666240523" lon="77.27602421925249">
    <time>2026-08-23T07:15:32.927Z</time>
    <extensions>
        <provider>whs</provider>
    </extensions>
</trkpt>
<trkpt lat="42.42400756240524" lon="77.2760895192525">
    <time>2026-08-23T07:15:33.937Z</time>
    <extensions>
        <provider>whs</provider>
    </extensions>
</trkpt>
<trkpt lat="42.42399256240523" lon="77.2761496192525">
    <time>2026-08-23T07:15:34.947Z</time>
    <extensions>
        <provider>whs</provider>
    </extensions>
</trkpt>
<trkpt lat="42.42397986240523" lon="77.27620971925249">
    <time>2026-08-23T07:15:35.956Z</time>
    <extensions>
        <provider>whs</provider>
    </extensions>
</trkpt>
<trkpt lat="42.423972262405236" lon="77.2762632192525">
    <time>2026-08-23T07:15:36.963Z</time>
    <extensions>
        <provider>whs</provider>
    </extensions>
</trkpt>
<trkpt lat="42.42397736240523" lon="77.2763122192525">
    <time>2026-08-23T07:15:37.971Z</time>
    <extensions>
        <provider>whs</provider>
    </extensions>
</trkpt>
<trkpt lat="42.423990962405234" lon="77.2763604192525">
    <time>2026-08-23T07:15:38.980Z</time>
    <extensions>
        <provider>whs</provider>
    </extensions>
</trkpt>
<trkpt lat="42.42400536240523" lon="77.2764147192525">
    <time>2026-08-23T07:15:39.989Z</time>
    <extensions>
        <provider>whs</provider>
    </extensions>
</trkpt>
<trkpt lat="42.424026362405236" lon="77.2764477192525">
    <time>2026-08-23T07:15:41.001Z</time>
    <extensions>
        <provider>whs</provider>
    </extensions>
</trkpt>
<trkpt lat="42.424059762405236" lon="77.2764715192525">
    <time>2026-08-23T07:15:42.009Z</time>
    <extensions>
        <provider>whs</provider>
    </extensions>
</trkpt>
<trkpt lat="42.424089462405234" lon="77.2764701192525">
    <time>2026-08-23T07:15:43.018Z</time>
    <extensions>
        <provider>whs</provider>
    </extensions>
</trkpt>
<trkpt lat="42.42411906240523" lon="77.27643931925249">
    <time>2026-08-23T07:15:44.027Z</time>
    <extensions>
        <provider>whs</provider>
    </extensions>
</trkpt>
<trkpt lat="42.424131562405236" lon="77.2763640192525">
    <time>2026-08-23T07:15:45.036Z</time>
    <extensions>
        <provider>whs</provider>
    </extensions>
</trkpt>
<trkpt lat="42.42414376240524" lon="77.27631001925249">
    <time>2026-08-23T07:15:46.047Z</time>
    <extensions>
        <provider>whs</provider>
    </extensions>
</trkpt>
<trkpt lat="42.424143062405236" lon="77.2762417192525">
    <time>2026-08-23T07:15:47.053Z</time>
    <extensions>
        <provider>whs</provider>
    </extensions>
</trkpt>
<trkpt lat="42.424138162405235" lon="77.2761879192525">
    <time>2026-08-23T07:15:48.062Z</time>
    <extensions>
        <provider>whs</provider>
    </extensions>
</trkpt>
<trkpt lat="42.424133862405235" lon="77.2761464192525">
    <time>2026-08-23T07:15:49.070Z</time>
    <extensions>
        <provider>whs</provider>
    </extensions>
</trkpt>
<trkpt lat="42.424137562405235" lon="77.2761107192525">
    <time>2026-08-23T07:15:51.071Z</time>
    <extensions>
        <provider>whs</provider>
    </extensions>
</trkpt>
<trkpt lat="42.42414086240524" lon="77.2761429192525">
    <time>2026-08-23T07:15:55.069Z</time>
    <extensions>
        <provider>whs</provider>
    </extensions>
</trkpt>
<trkpt lat="42.42414076240524" lon="77.2761699192525">
    <time>2026-08-23T07:15:58.067Z</time>
    <extensions>
        <provider>whs</provider>
    </extensions>
</trkpt>
<trkpt lat="42.42412876240523" lon="77.2761359192525">
    <time>2026-08-23T07:16:03.064Z</time>
    <extensions>
        <provider>whs</provider>
    </extensions>
</trkpt>
<trkpt lat="42.424135662405234" lon="77.2761117192525">
    <time>2026-08-23T07:16:09.060Z</time>
    <extensions>
        <provider>whs</provider>
    </extensions>
</trkpt>
<trkpt lat="42.424146162405236" lon="77.2760832192525">
    <time>2026-08-23T07:16:12.077Z</time>
    <extensions>
        <provider>whs</provider>
    </extensions>
</trkpt>
<trkpt lat="42.42416046240523" lon="77.2760665192525">
    <time>2026-08-23T07:16:18.128Z</time>
    <extensions>
        <provider>whs</provider>
    </extensions>
</trkpt>
<trkpt lat="42.424148362405234" lon="77.2760442192525">
    <time>2026-08-23T07:16:20.147Z</time>
    <extensions>
        <provider>whs</provider>
    </extensions>
</trkpt>
<trkpt lat="42.42416166240523" lon="77.2760241192525">
    <time>2026-08-23T07:16:23.169Z</time>
    <extensions>
        <provider>whs</provider>
    </extensions>
</trkpt>
<trkpt lat="42.424153362405235" lon="77.2760015192525">
    <time>2026-08-23T07:16:34.267Z</time>
    <extensions>
        <provider>whs</provider>
    </extensions>
</trkpt>
<trkpt lat="42.424167262405234" lon="77.2759807192525">
    <time>2026-08-23T07:16:39.314Z</time>
    <extensions>
        <provider>whs</provider>
    </extensions>
</trkpt>
<trkpt lat="42.42413226240524" lon="77.27597631925249">
    <time>2026-08-23T07:16:45.368Z</time>
    <extensions>
        <provider>whs</provider>
    </extensions>
</trkpt>
<trkpt lat="42.424105862405234" lon="77.2759588192525">
    <time>2026-08-23T07:16:46.377Z</time>
    <extensions>
        <provider>whs</provider>
    </extensions>
</trkpt>
<trkpt lat="42.42407336240524" lon="77.2759401192525">
    <time>2026-08-23T07:16:47.387Z</time>
    <extensions>
        <provider>whs</provider>
    </extensions>
</trkpt>
<trkpt lat="42.42403076240524" lon="77.27591241925249">
    <time>2026-08-23T07:16:48.396Z</time>
    <extensions>
        <provider>whs</provider>
    </extensions>
</trkpt>
<trkpt lat="42.42396156240523" lon="77.2758646192525">
    <time>2026-08-23T07:16:49.403Z</time>
    <extensions>
        <provider>whs</provider>
    </extensions>
</trkpt>
<trkpt lat="42.42392026240523" lon="77.2758384192525">
    <time>2026-08-23T07:16:50.411Z</time>
    <extensions>
        <provider>whs</provider>
    </extensions>
</trkpt>
<trkpt lat="42.42385086240524" lon="77.2758153192525">
    <time>2026-08-23T07:16:51.421Z</time>
    <extensions>
        <provider>whs</provider>
    </extensions>
</trkpt>
<trkpt lat="42.42378816240524" lon="77.2758195192525">
    <time>2026-08-23T07:16:52.430Z</time>
    <extensions>
        <provider>whs</provider>
    </extensions>
</trkpt>
<trkpt lat="42.42374876240523" lon="77.2758482192525">
    <time>2026-08-23T07:16:53.440Z</time>
    <extensions>
        <provider>whs</provider>
    </extensions>
</trkpt>
<trkpt lat="42.42372436240524" lon="77.27591531925249">
    <time>2026-08-23T07:16:54.447Z</time>
    <extensions>
        <provider>whs</provider>
    </extensions>
</trkpt>
<trkpt lat="42.42370316240523" lon="77.27594691925249">
    <time>2026-08-23T07:16:55.456Z</time>
    <extensions>
        <provider>whs</provider>
    </extensions>
</trkpt>
<trkpt lat="42.423670562405235" lon="77.2759504192525">
    <time>2026-08-23T07:16:56.468Z</time>
    <extensions>
        <provider>whs</provider>
    </extensions>
</trkpt>
<trkpt lat="42.423645062405235" lon="77.2759648192525">
    <time>2026-08-23T07:16:57.477Z</time>
    <extensions>
        <provider>whs</provider>
    </extensions>
</trkpt>
<trkpt lat="42.423687062405236" lon="77.2759794192525">
    <time>2026-08-23T07:16:59.494Z</time>
    <extensions>
        <provider>whs</provider>
    </extensions>
</trkpt>
<trkpt lat="42.42373906240523" lon="77.2759673192525">
    <time>2026-08-23T07:17:00.503Z</time>
    <extensions>
        <provider>whs</provider>
    </extensions>
</trkpt>
<trkpt lat="42.42376766240523" lon="77.2759637192525">
    <time>2026-08-23T07:17:01.512Z</time>
    <extensions>
        <provider>whs</provider>
    </extensions>
</trkpt>
<trkpt lat="42.423804462405236" lon="77.27597541925249">
    <time>2026-08-23T07:17:02.521Z</time>
    <extensions>
        <provider>whs</provider>
    </extensions>
</trkpt>
<trkpt lat="42.423857262405235" lon="77.2759951192525">
    <time>2026-08-23T07:17:03.532Z</time>
    <extensions>
        <provider>whs</provider>
    </extensions>
</trkpt>
<trkpt lat="42.423889562405236" lon="77.2759925192525">
    <time>2026-08-23T07:17:04.541Z</time>
    <extensions>
        <provider>whs</provider>
    </extensions>
</trkpt>
<trkpt lat="42.423925962405235" lon="77.2759987192525">
    <time>2026-08-23T07:17:06.559Z</time>
    <extensions>
        <provider>whs</provider>
    </extensions>
</trkpt>
<trkpt lat="42.42396886240523" lon="77.2759947192525">
    <time>2026-08-23T07:17:07.567Z</time>
    <extensions>
        <provider>whs</provider>
    </extensions>
</trkpt>
<trkpt lat="42.424025062405235" lon="77.27595961925249">
    <time>2026-08-23T07:17:08.576Z</time>
    <extensions>
        <provider>whs</provider>
    </extensions>
</trkpt>
<trkpt lat="42.424044562405236" lon="77.2759664192525">
    <time>2026-08-23T07:17:10.590Z</time>
    <extensions>
        <provider>whs</provider>
    </extensions>
</trkpt>
<trkpt lat="42.42406436240523" lon="77.2759936192525">
    <time>2026-08-23T07:17:12.610Z</time>
    <extensions>
        <provider>whs</provider>
    </extensions>
</trkpt>
<trkpt lat="42.424077862405234" lon="77.2759671192525">
    <time>2026-08-23T07:17:32.802Z</time>
    <extensions>
        <provider>whs</provider>
    </extensions>
</trkpt>
<trkpt lat="42.42409026240524" lon="77.2759870192525">
    <time>2026-08-23T07:17:35.830Z</time>
    <extensions>
        <provider>whs</provider>
    </extensions>
</trkpt>
<trkpt lat="42.42410486240524" lon="77.2760088192525">
    <time>2026-08-23T07:17:43.903Z</time>
    <extensions>
        <provider>whs</provider>
    </extensions>
</trkpt>
<trkpt lat="42.424117962405234" lon="77.2759904192525">
    <time>2026-08-23T07:17:48.949Z</time>
    <extensions>
        <provider>whs</provider>
    </extensions>
</trkpt>
<trkpt lat="42.424140562405235" lon="77.27597631925249">
    <time>2026-08-23T07:18:00.047Z</time>
    <extensions>
        <provider>whs</provider>
    </extensions>
</trkpt>
<trkpt lat="42.424152762405235" lon="77.2759394192525">
    <time>2026-08-23T07:18:05.087Z</time>
    <extensions>
        <provider>whs</provider>
    </extensions>
</trkpt>
<trkpt lat="42.424175162405234" lon="77.27593231925249">
    <time>2026-08-23T07:18:08.116Z</time>
    <extensions>
        <provider>whs</provider>
    </extensions>
</trkpt>
<trkpt lat="42.424165462405234" lon="77.27595721925249">
    <time>2026-08-23T07:18:09.122Z</time>
    <extensions>
        <provider>whs</provider>
    </extensions>
</trkpt>
<trkpt lat="42.424174562405234" lon="77.27598831925249">
    <time>2026-08-23T07:18:28.291Z</time>
    <extensions>
        <provider>whs</provider>
    </extensions>
</trkpt>
<trkpt lat="42.42415616240523" lon="77.27598401925249">
    <time>2026-08-23T07:18:32.328Z</time>
    <extensions>
        <provider>whs</provider>
    </extensions>
</trkpt>
<trkpt lat="42.424138862405236" lon="77.2759961192525">
    <time>2026-08-23T07:18:40.403Z</time>
    <extensions>
        <provider>whs</provider>
    </extensions>
</trkpt>
<trkpt lat="42.42412026240523" lon="77.27599981925249">
    <time>2026-08-23T07:19:11.652Z</time>
    <extensions>
        <provider>whs</provider>
    </extensions>
</trkpt>
<trkpt lat="42.424098062405236" lon="77.27597991925249">
    <time>2026-08-23T07:19:18.686Z</time>
    <extensions>
        <provider>whs</provider>
    </extensions>
</trkpt>
<trkpt lat="42.42407776240523" lon="77.27598781925249">
    <time>2026-08-23T07:19:21.712Z</time>
    <extensions>
        <provider>whs</provider>
    </extensions>
</trkpt>
<trkpt lat="42.42409166240523" lon="77.2760044192525">
    <time>2026-08-23T07:19:24.739Z</time>
    <extensions>
        <provider>whs</provider>
    </extensions>
</trkpt>
<trkpt lat="42.42409596240523" lon="77.2759789192525">
    <time>2026-08-23T07:19:29.790Z</time>
    <extensions>
        <provider>whs</provider>
    </extensions>
</trkpt>
<trkpt lat="42.42410006240524" lon="77.2760097192525">
    <time>2026-08-23T07:19:33.826Z</time>
    <extensions>
        <provider>whs</provider>
    </extensions>
</trkpt>
<trkpt lat="42.42406356240524" lon="77.2760160192525">
    <time>2026-08-23T07:19:35.847Z</time>
    <extensions>
        <provider>whs</provider>
    </extensions>
</trkpt>
<trkpt lat="42.424031062405234" lon="77.2760188192525">
    <time>2026-08-23T07:19:36.854Z</time>
    <extensions>
        <provider>whs</provider>
    </extensions>
</trkpt>
<trkpt lat="42.42398646240523" lon="77.27603711925249">
    <time>2026-08-23T07:19:37.863Z</time>
    <extensions>
        <provider>whs</provider>
    </extensions>
</trkpt>
<trkpt lat="42.42392916240524" lon="77.2760277192525">
    <time>2026-08-23T07:19:38.872Z</time>
    <extensions>
        <provider>whs</provider>
    </extensions>
</trkpt>
<trkpt lat="42.42388906240524" lon="77.27602491925249">
    <time>2026-08-23T07:19:39.886Z</time>
    <extensions>
        <provider>whs</provider>
    </extensions>
</trkpt>
<trkpt lat="42.423851162405235" lon="77.2760122192525">
    <time>2026-08-23T07:19:40.894Z</time>
    <extensions>
        <provider>whs</provider>
    </extensions>
</trkpt>
<trkpt lat="42.423823162405235" lon="77.2760025192525">
    <time>2026-08-23T07:19:41.903Z</time>
    <extensions>
        <provider>whs</provider>
    </extensions>
</trkpt>
<trkpt lat="42.423790362405235" lon="77.2759765192525">
    <time>2026-08-23T07:19:42.912Z</time>
    <extensions>
        <provider>whs</provider>
    </extensions>
</trkpt>
<trkpt lat="42.42374866240524" lon="77.2759692192525">
    <time>2026-08-23T07:19:43.922Z</time>
    <extensions>
        <provider>whs</provider>
    </extensions>
</trkpt>
<trkpt lat="42.42370496240523" lon="77.2759745192525">
    <time>2026-08-23T07:19:44.930Z</time>
    <extensions>
        <provider>whs</provider>
    </extensions>
</trkpt>
<trkpt lat="42.42366236240524" lon="77.2759832192525">
    <time>2026-08-23T07:19:45.939Z</time>
    <extensions>
        <provider>whs</provider>
    </extensions>
</trkpt>
<trkpt lat="42.423616462405235" lon="77.27598281925249">
    <time>2026-08-23T07:19:46.948Z</time>
    <extensions>
        <provider>whs</provider>
    </extensions>
</trkpt>
<trkpt lat="42.42356946240523" lon="77.2759987192525">
    <time>2026-08-23T07:19:47.957Z</time>
    <extensions>
        <provider>whs</provider>
    </extensions>
</trkpt>
<trkpt lat="42.42352606240524" lon="77.2760116192525">
    <time>2026-08-23T07:19:48.964Z</time>
    <extensions>
        <provider>whs</provider>
    </extensions>
</trkpt>
<trkpt lat="42.423491262405236" lon="77.2760166192525">
    <time>2026-08-23T07:19:49.974Z</time>
    <extensions>
        <provider>whs</provider>
    </extensions>
</trkpt>
<trkpt lat="42.42344046240523" lon="77.2760231192525">
    <time>2026-08-23T07:19:50.980Z</time>
    <extensions>
        <provider>whs</provider>
    </extensions>
</trkpt>
<trkpt lat="42.42340166240523" lon="77.2760422192525">
    <time>2026-08-23T07:19:51.989Z</time>
    <extensions>
        <provider>whs</provider>
    </extensions>
</trkpt>
<trkpt lat="42.423365262405234" lon="77.2760622192525">
    <time>2026-08-23T07:19:52.998Z</time>
    <extensions>
        <provider>whs</provider>
    </extensions>
</trkpt>
<trkpt lat="42.42333276240524" lon="77.2760896192525">
    <time>2026-08-23T07:19:54.008Z</time>
    <extensions>
        <provider>whs</provider>
    </extensions>
</trkpt>
<trkpt lat="42.423294162405234" lon="77.2761267192525">
    <time>2026-08-23T07:19:55.015Z</time>
    <extensions>
        <provider>whs</provider>
    </extensions>
</trkpt>
<trkpt lat="42.423272362405235" lon="77.2761777192525">
    <time>2026-08-23T07:19:56.024Z</time>
    <extensions>
        <provider>whs</provider>
    </extensions>
</trkpt>
<trkpt lat="42.423258862405234" lon="77.2762235192525">
    <time>2026-08-23T07:19:57.034Z</time>
    <extensions>
        <provider>whs</provider>
    </extensions>
</trkpt>
<trkpt lat="42.423249162405234" lon="77.2762751192525">
    <time>2026-08-23T07:19:58.045Z</time>
    <extensions>
        <provider>whs</provider>
    </extensions>
</trkpt>
<trkpt lat="42.423252262405235" lon="77.2763370192525">
    <time>2026-08-23T07:19:59.053Z</time>
    <extensions>
        <provider>whs</provider>
    </extensions>
</trkpt>
<trkpt lat="42.42325916240524" lon="77.27640001925249">
    <time>2026-08-23T07:20:00.063Z</time>
    <extensions>
        <provider>whs</provider>
    </extensions>
</trkpt>
<trkpt lat="42.42327946240523" lon="77.2764375192525">
    <time>2026-08-23T07:20:01.072Z</time>
    <extensions>
        <provider>whs</provider>
    </extensions>
</trkpt>
<trkpt lat="42.423300362405236" lon="77.2764923192525">
    <time>2026-08-23T07:20:02.083Z</time>
    <extensions>
        <provider>whs</provider>
    </extensions>
</trkpt>
<trkpt lat="42.423337362405235" lon="77.2765395192525">
    <time>2026-08-23T07:20:03.091Z</time>
    <extensions>
        <provider>whs</provider>
    </extensions>
</trkpt>
<trkpt lat="42.42336976240524" lon="77.2765789192525">
    <time>2026-08-23T07:20:04.101Z</time>
    <extensions>
        <provider>whs</provider>
    </extensions>
</trkpt>
<trkpt lat="42.423404762405234" lon="77.2766014192525">
    <time>2026-08-23T07:20:05.111Z</time>
    <extensions>
        <provider>whs</provider>
    </extensions>
</trkpt>
<trkpt lat="42.423444962405235" lon="77.2766069192525">
    <time>2026-08-23T07:20:06.122Z</time>
    <extensions>
        <provider>whs</provider>
    </extensions>
</trkpt>
<trkpt lat="42.42348056240524" lon="77.27662191925249">
    <time>2026-08-23T07:20:07.130Z</time>
    <extensions>
        <provider>whs</provider>
    </extensions>
</trkpt>
<trkpt lat="42.42352256240523" lon="77.27659941925249">
    <time>2026-08-23T07:20:08.139Z</time>
    <extensions>
        <provider>whs</provider>
    </extensions>
</trkpt>
<trkpt lat="42.42356456240523" lon="77.2766017192525">
    <time>2026-08-23T07:20:09.148Z</time>
    <extensions>
        <provider>whs</provider>
    </extensions>
</trkpt>
<trkpt lat="42.42361236240524" lon="77.2765893192525">
    <time>2026-08-23T07:20:10.153Z</time>
    <extensions>
        <provider>whs</provider>
    </extensions>
</trkpt>
<trkpt lat="42.42364726240523" lon="77.2765779192525">
    <time>2026-08-23T07:20:11.163Z</time>
    <extensions>
        <provider>whs</provider>
    </extensions>
</trkpt>
<trkpt lat="42.42369346240523" lon="77.2765634192525">
    <time>2026-08-23T07:20:12.172Z</time>
    <extensions>
        <provider>whs</provider>
    </extensions>
</trkpt>
<trkpt lat="42.423742862405234" lon="77.2765327192525">
    <time>2026-08-23T07:20:13.180Z</time>
    <extensions>
        <provider>whs</provider>
    </extensions>
</trkpt>
<trkpt lat="42.42377856240523" lon="77.27649651925249">
    <time>2026-08-23T07:20:14.187Z</time>
    <extensions>
        <provider>whs</provider>
    </extensions>
</trkpt>
<trkpt lat="42.423804862405234" lon="77.2764835192525">
    <time>2026-08-23T07:20:15.199Z</time>
    <extensions>
        <provider>whs</provider>
    </extensions>
</trkpt>
<trkpt lat="42.423833462405234" lon="77.2764696192525">
    <time>2026-08-23T07:20:16.206Z</time>
    <extensions>
        <provider>whs</provider>
    </extensions>
</trkpt>
<trkpt lat="42.42386366240523" lon="77.27644981925249">
    <time>2026-08-23T07:20:17.215Z</time>
    <extensions>
        <provider>whs</provider>
    </extensions>
</trkpt>
<trkpt lat="42.42389456240524" lon="77.2764320192525">
    <time>2026-08-23T07:20:18.225Z</time>
    <extensions>
        <provider>whs</provider>
    </extensions>
</trkpt>
<trkpt lat="42.42392676240524" lon="77.2764159192525">
    <time>2026-08-23T07:20:19.233Z</time>
    <extensions>
        <provider>whs</provider>
    </extensions>
</trkpt>
<trkpt lat="42.42398416240523" lon="77.27640431925249">
    <time>2026-08-23T07:20:20.243Z</time>
    <extensions>
        <provider>whs</provider>
    </extensions>
</trkpt>
<trkpt lat="42.42401736240524" lon="77.2763856192525">
    <time>2026-08-23T07:20:21.253Z</time>
    <extensions>
        <provider>whs</provider>
    </extensions>
</trkpt>
<trkpt lat="42.424055362405234" lon="77.2763624192525">
    <time>2026-08-23T07:20:22.260Z</time>
    <extensions>
        <provider>whs</provider>
    </extensions>
</trkpt>
<trkpt lat="42.42408316240523" lon="77.2763288192525">
    <time>2026-08-23T07:20:23.269Z</time>
    <extensions>
        <provider>whs</provider>
    </extensions>
</trkpt>
<trkpt lat="42.424096162405235" lon="77.27626861925249">
    <time>2026-08-23T07:20:24.276Z</time>
    <extensions>
        <provider>whs</provider>
    </extensions>
</trkpt>
<trkpt lat="42.42411656240524" lon="77.27622721925249">
    <time>2026-08-23T07:20:25.286Z</time>
    <extensions>
        <provider>whs</provider>
    </extensions>
</trkpt>
<trkpt lat="42.424116262405235" lon="77.2761797192525">
    <time>2026-08-23T07:20:26.297Z</time>
    <extensions>
        <provider>whs</provider>
    </extensions>
</trkpt>
<trkpt lat="42.424121762405235" lon="77.2761318192525">
    <time>2026-08-23T07:20:27.306Z</time>
    <extensions>
        <provider>whs</provider>
    </extensions>
</trkpt>
<trkpt lat="42.42412706240523" lon="77.2760952192525">
    <time>2026-08-23T07:20:28.315Z</time>
    <extensions>
        <provider>whs</provider>
    </extensions>
</trkpt>
<trkpt lat="42.42412986240524" lon="77.2760593192525">
    <time>2026-08-23T07:20:29.323Z</time>
    <extensions>
        <provider>whs</provider>
    </extensions>
</trkpt>
<trkpt lat="42.42414036240523" lon="77.2760106192525">
    <time>2026-08-23T07:20:31.341Z</time>
    <extensions>
        <provider>whs</provider>
    </extensions>
</trkpt>
<trkpt lat="42.42414746240524" lon="77.2759715192525">
    <time>2026-08-23T07:20:32.350Z</time>
    <extensions>
        <provider>whs</provider>
    </extensions>
</trkpt>
<trkpt lat="42.424143062405236" lon="77.2759230192525">
    <time>2026-08-23T07:20:33.358Z</time>
    <extensions>
        <provider>whs</provider>
    </extensions>
</trkpt>
<trkpt lat="42.42415056240524" lon="77.2759599192525">
    <time>2026-08-23T07:20:39.382Z</time>
    <extensions>
        <provider>whs</provider>
    </extensions>
</trkpt>
<trkpt lat="42.424149662405235" lon="77.2759904192525">
    <time>2026-08-23T07:20:43.378Z</time>
    <extensions>
        <provider>whs</provider>
    </extensions>
</trkpt>
<trkpt lat="42.424149662405235" lon="77.2760155192525">
    <time>2026-08-23T07:20:47.412Z</time>
    <extensions>
        <provider>whs</provider>
    </extensions>
</trkpt>
<trkpt lat="42.424165562405236" lon="77.2760016192525">
    <time>2026-08-23T07:21:01.541Z</time>
    <extensions>
        <provider>whs</provider>
    </extensions>
</trkpt>
<trkpt lat="42.424184462405236" lon="77.2760030192525">
    <time>2026-08-23T07:21:09.594Z</time>
    <extensions>
        <provider>whs</provider>
    </extensions>
</trkpt>
<trkpt lat="42.424168462405234" lon="77.2759896192525">
    <time>2026-08-23T07:21:25.692Z</time>
    <extensions>
        <provider>whs</provider>
    </extensions>
</trkpt>
<trkpt lat="42.42415436240523" lon="77.2760058192525">
    <time>2026-08-23T07:21:38.816Z</time>
    <extensions>
        <provider>whs</provider>
    </extensions>
</trkpt>
<trkpt lat="42.42413356240524" lon="77.2759924192525">
    <time>2026-08-23T07:21:41.844Z</time>
    <extensions>
        <provider>whs</provider>
    </extensions>
</trkpt>
<trkpt lat="42.42414926240524" lon="77.2760080192525">
    <time>2026-08-23T07:21:43.864Z</time>
    <extensions>
        <provider>whs</provider>
    </extensions>
</trkpt>
<trkpt lat="42.42412766240523" lon="77.2760042192525">
    <time>2026-08-23T07:22:36.333Z</time>
    <extensions>
        <provider>whs</provider>
    </extensions>
</trkpt>
<trkpt lat="42.424123662405236" lon="77.2760301192525">
    <time>2026-08-23T07:22:40.367Z</time>
    <extensions>
        <provider>whs</provider>
    </extensions>
</trkpt>
<trkpt lat="42.424093662405234" lon="77.2760401192525">
    <time>2026-08-23T07:22:51.460Z</time>
    <extensions>
        <provider>whs</provider>
    </extensions>
</trkpt>
<trkpt lat="42.424074962405236" lon="77.27604121925249">
    <time>2026-08-23T07:22:53.476Z</time>
    <extensions>
        <provider>whs</provider>
    </extensions>
</trkpt>
<trkpt lat="42.424087562405234" lon="77.2760205192525">
    <time>2026-08-23T07:23:06.596Z</time>
    <extensions>
        <provider>whs</provider>
    </extensions>
</trkpt>
<trkpt lat="42.42411246240523" lon="77.2760112192525">
    <time>2026-08-23T07:23:24.748Z</time>
    <extensions>
        <provider>whs</provider>
    </extensions>
</trkpt>
<trkpt lat="42.424116262405235" lon="77.27598471925249">
    <time>2026-08-23T07:23:34.829Z</time>
    <extensions>
        <provider>whs</provider>
    </extensions>
</trkpt>
<trkpt lat="42.424095062405236" lon="77.2759807192525">
    <time>2026-08-23T07:23:40.891Z</time>
    <extensions>
        <provider>whs</provider>
    </extensions>
</trkpt>
<trkpt lat="42.424056062405235" lon="77.27598951925249">
    <time>2026-08-23T07:23:43.913Z</time>
    <extensions>
        <provider>whs</provider>
    </extensions>
</trkpt>
<trkpt lat="42.42402896240524" lon="77.2760112192525">
    <time>2026-08-23T07:23:44.924Z</time>
    <extensions>
        <provider>whs</provider>
    </extensions>
</trkpt>
<trkpt lat="42.423995862405235" lon="77.2760252192525">
    <time>2026-08-23T07:23:45.932Z</time>
    <extensions>
        <provider>whs</provider>
    </extensions>
</trkpt>
<trkpt lat="42.423962962405234" lon="77.2760348192525">
    <time>2026-08-23T07:23:46.941Z</time>
    <extensions>
        <provider>whs</provider>
    </extensions>
</trkpt>
<trkpt lat="42.424034062405234" lon="77.2759707192525">
    <time>2026-08-23T07:23:54.008Z</time>
    <extensions>
        <provider>whs</provider>
    </extensions>
</trkpt>
<trkpt lat="42.42410196240524" lon="77.2757981192525">
    <time>2026-08-23T07:23:56.027Z</time>
    <extensions>
        <provider>whs</provider>
    </extensions>
</trkpt>
<trkpt lat="42.424161362405236" lon="77.2756849192525">
    <time>2026-08-23T07:23:58.047Z</time>
    <extensions>
        <provider>whs</provider>
    </extensions>
</trkpt>
<trkpt lat="42.42415426240524" lon="77.2759853192525">
    <time>2026-08-23T07:24:14.190Z</time>
    <extensions>
        <provider>whs</provider>
    </extensions>
</trkpt>
<trkpt lat="42.42415796240523" lon="77.27602851925249">
    <time>2026-08-23T07:24:15.197Z</time>
    <extensions>
        <provider>whs</provider>
    </extensions>
</trkpt>
<trkpt lat="42.424112562405234" lon="77.2760097192525">
    <time>2026-08-23T07:24:17.214Z</time>
    <extensions>
        <provider>whs</provider>
    </extensions>
</trkpt>
<trkpt lat="42.42411416240523" lon="77.27603501925249">
    <time>2026-08-23T07:24:26.293Z</time>
    <extensions>
        <provider>whs</provider>
    </extensions>
</trkpt>
<trkpt lat="42.42409406240524" lon="77.2760475192525">
    <time>2026-08-23T07:24:30.333Z</time>
    <extensions>
        <provider>whs</provider>
    </extensions>
</trkpt>
<trkpt lat="42.424096262405236" lon="77.27600601925249">
    <time>2026-08-23T07:24:37.394Z</time>
    <extensions>
        <provider>whs</provider>
    </extensions>
</trkpt>
<trkpt lat="42.424075462405234" lon="77.2760021192525">
    <time>2026-08-23T07:24:41.432Z</time>
    <extensions>
        <provider>whs</provider>
    </extensions>
</trkpt>
<trkpt lat="42.424037162405234" lon="77.27600241925249">
    <time>2026-08-23T07:24:42.441Z</time>
    <extensions>
        <provider>whs</provider>
    </extensions>
</trkpt>
<trkpt lat="42.42399666240524" lon="77.2759966192525">
    <time>2026-08-23T07:24:43.446Z</time>
    <extensions>
        <provider>whs</provider>
    </extensions>
</trkpt>
<trkpt lat="42.423945962405234" lon="77.2760087192525">
    <time>2026-08-23T07:24:44.455Z</time>
    <extensions>
        <provider>whs</provider>
    </extensions>
</trkpt>
<trkpt lat="42.42392156240523" lon="77.2760140192525">
    <time>2026-08-23T07:24:45.462Z</time>
    <extensions>
        <provider>whs</provider>
    </extensions>
</trkpt>
<trkpt lat="42.42388916240524" lon="77.27603711925249">
    <time>2026-08-23T07:24:46.471Z</time>
    <extensions>
        <provider>whs</provider>
    </extensions>
</trkpt>
<trkpt lat="42.42386436240523" lon="77.2760478192525">
    <time>2026-08-23T07:24:47.478Z</time>
    <extensions>
        <provider>whs</provider>
    </extensions>
</trkpt>
<trkpt lat="42.42382906240523" lon="77.2760549192525">
    <time>2026-08-23T07:24:48.487Z</time>
    <extensions>
        <provider>whs</provider>
    </extensions>
</trkpt>
<trkpt lat="42.423783162405236" lon="77.27606301925249">
    <time>2026-08-23T07:24:49.500Z</time>
    <extensions>
        <provider>whs</provider>
    </extensions>
</trkpt>
<trkpt lat="42.423741662405234" lon="77.27608791925249">
    <time>2026-08-23T07:24:50.509Z</time>
    <extensions>
        <provider>whs</provider>
    </extensions>
</trkpt>
<trkpt lat="42.42370926240523" lon="77.2761119192525">
    <time>2026-08-23T07:24:51.517Z</time>
    <extensions>
        <provider>whs</provider>
    </extensions>
</trkpt>
<trkpt lat="42.423676162405236" lon="77.27614151925249">
    <time>2026-08-23T07:24:52.526Z</time>
    <extensions>
        <provider>whs</provider>
    </extensions>
</trkpt>
<trkpt lat="42.423640262405236" lon="77.2761634192525">
    <time>2026-08-23T07:24:53.533Z</time>
    <extensions>
        <provider>whs</provider>
    </extensions>
</trkpt>
<trkpt lat="42.42359746240523" lon="77.2761950192525">
    <time>2026-08-23T07:24:54.542Z</time>
    <extensions>
        <provider>whs</provider>
    </extensions>
</trkpt>
<trkpt lat="42.42355966240523" lon="77.2762311192525">
    <time>2026-08-23T07:24:55.550Z</time>
    <extensions>
        <provider>whs</provider>
    </extensions>
</trkpt>
<trkpt lat="42.42352326240523" lon="77.2762639192525">
    <time>2026-08-23T07:24:56.557Z</time>
    <extensions>
        <provider>whs</provider>
    </extensions>
</trkpt>
<trkpt lat="42.423490662405236" lon="77.27628011925249">
    <time>2026-08-23T07:24:57.566Z</time>
    <extensions>
        <provider>whs</provider>
    </extensions>
</trkpt>
<trkpt lat="42.42344116240523" lon="77.2763123192525">
    <time>2026-08-23T07:24:58.574Z</time>
    <extensions>
        <provider>whs</provider>
    </extensions>
</trkpt>
<trkpt lat="42.42340026240524" lon="77.2763398192525">
    <time>2026-08-23T07:24:59.583Z</time>
    <extensions>
        <provider>whs</provider>
    </extensions>
</trkpt>
<trkpt lat="42.42336196240524" lon="77.2763758192525">
    <time>2026-08-23T07:25:00.591Z</time>
    <extensions>
        <provider>whs</provider>
    </extensions>
</trkpt>
<trkpt lat="42.423336262405236" lon="77.2764191192525">
    <time>2026-08-23T07:25:01.600Z</time>
    <extensions>
        <provider>whs</provider>
    </extensions>
</trkpt>
<trkpt lat="42.42330846240524" lon="77.2764554192525">
    <time>2026-08-23T07:25:02.607Z</time>
    <extensions>
        <provider>whs</provider>
    </extensions>
</trkpt>
<trkpt lat="42.42328656240524" lon="77.2765061192525">
    <time>2026-08-23T07:25:03.615Z</time>
    <extensions>
        <provider>whs</provider>
    </extensions>
</trkpt>
<trkpt lat="42.42328346240524" lon="77.27657431925249">
    <time>2026-08-23T07:25:04.624Z</time>
    <extensions>
        <provider>whs</provider>
    </extensions>
</trkpt>
<trkpt lat="42.423290662405236" lon="77.27662621925249">
    <time>2026-08-23T07:25:05.637Z</time>
    <extensions>
        <provider>whs</provider>
    </extensions>
</trkpt>
<trkpt lat="42.42330966240524" lon="77.2766708192525">
    <time>2026-08-23T07:25:06.644Z</time>
    <extensions>
        <provider>whs</provider>
    </extensions>
</trkpt>
<trkpt lat="42.423347162405236" lon="77.27671311925249">
    <time>2026-08-23T07:25:07.653Z</time>
    <extensions>
        <provider>whs</provider>
    </extensions>
</trkpt>
<trkpt lat="42.423392162405236" lon="77.2767312192525">
    <time>2026-08-23T07:25:08.661Z</time>
    <extensions>
        <provider>whs</provider>
    </extensions>
</trkpt>
<trkpt lat="42.42343566240523" lon="77.2767220192525">
    <time>2026-08-23T07:25:09.671Z</time>
    <extensions>
        <provider>whs</provider>
    </extensions>
</trkpt>
<trkpt lat="42.423475962405234" lon="77.2767196192525">
    <time>2026-08-23T07:25:10.678Z</time>
    <extensions>
        <provider>whs</provider>
    </extensions>
</trkpt>
<trkpt lat="42.42351836240523" lon="77.27670931925249">
    <time>2026-08-23T07:25:11.687Z</time>
    <extensions>
        <provider>whs</provider>
    </extensions>
</trkpt>
<trkpt lat="42.42356076240524" lon="77.2766859192525">
    <time>2026-08-23T07:25:12.696Z</time>
    <extensions>
        <provider>whs</provider>
    </extensions>
</trkpt>
<trkpt lat="42.42360646240523" lon="77.2766761192525">
    <time>2026-08-23T07:25:13.705Z</time>
    <extensions>
        <provider>whs</provider>
    </extensions>
</trkpt>
<trkpt lat="42.42364946240524" lon="77.27665901925249">
    <time>2026-08-23T07:25:14.716Z</time>
    <extensions>
        <provider>whs</provider>
    </extensions>
</trkpt>
<trkpt lat="42.42368726240524" lon="77.2766385192525">
    <time>2026-08-23T07:25:15.725Z</time>
    <extensions>
        <provider>whs</provider>
    </extensions>
</trkpt>
<trkpt lat="42.423719162405234" lon="77.2766022192525">
    <time>2026-08-23T07:25:16.734Z</time>
    <extensions>
        <provider>whs</provider>
    </extensions>
</trkpt>
<trkpt lat="42.423745462405236" lon="77.2765577192525">
    <time>2026-08-23T07:25:17.743Z</time>
    <extensions>
        <provider>whs</provider>
    </extensions>
</trkpt>
<trkpt lat="42.423766562405234" lon="77.2765073192525">
    <time>2026-08-23T07:25:18.752Z</time>
    <extensions>
        <provider>whs</provider>
    </extensions>
</trkpt>
<trkpt lat="42.42377476240524" lon="77.2764452192525">
    <time>2026-08-23T07:25:19.760Z</time>
    <extensions>
        <provider>whs</provider>
    </extensions>
</trkpt>
<trkpt lat="42.423777662405236" lon="77.27638541925249">
    <time>2026-08-23T07:25:20.768Z</time>
    <extensions>
        <provider>whs</provider>
    </extensions>
</trkpt>
<trkpt lat="42.42378996240524" lon="77.2763362192525">
    <time>2026-08-23T07:25:21.776Z</time>
    <extensions>
        <provider>whs</provider>
    </extensions>
</trkpt>
<trkpt lat="42.42380286240523" lon="77.2762841192525">
    <time>2026-08-23T07:25:22.783Z</time>
    <extensions>
        <provider>whs</provider>
    </extensions>
</trkpt>
<trkpt lat="42.42381256240524" lon="77.2762228192525">
    <time>2026-08-23T07:25:23.792Z</time>
    <extensions>
        <provider>whs</provider>
    </extensions>
</trkpt>
<trkpt lat="42.42380956240523" lon="77.2761706192525">
    <time>2026-08-23T07:25:24.801Z</time>
    <extensions>
        <provider>whs</provider>
    </extensions>
</trkpt>
<trkpt lat="42.423809862405236" lon="77.2761160192525">
    <time>2026-08-23T07:25:25.810Z</time>
    <extensions>
        <provider>whs</provider>
    </extensions>
</trkpt>
<trkpt lat="42.423810962405234" lon="77.2760677192525">
    <time>2026-08-23T07:25:26.817Z</time>
    <extensions>
        <provider>whs</provider>
    </extensions>
</trkpt>
<trkpt lat="42.42380056240523" lon="77.2760050192525">
    <time>2026-08-23T07:25:27.825Z</time>
    <extensions>
        <provider>whs</provider>
    </extensions>
</trkpt>
<trkpt lat="42.423807362405235" lon="77.2759388192525">
    <time>2026-08-23T07:25:28.835Z</time>
    <extensions>
        <provider>whs</provider>
    </extensions>
</trkpt>
<trkpt lat="42.42380826240524" lon="77.2758771192525">
    <time>2026-08-23T07:25:29.844Z</time>
    <extensions>
        <provider>whs</provider>
    </extensions>
</trkpt>
<trkpt lat="42.42381506240523" lon="77.27581761925249">
    <time>2026-08-23T07:25:30.855Z</time>
    <extensions>
        <provider>whs</provider>
    </extensions>
</trkpt>
<trkpt lat="42.42383426240524" lon="77.2757497192525">
    <time>2026-08-23T07:25:31.865Z</time>
    <extensions>
        <provider>whs</provider>
    </extensions>
</trkpt>
<trkpt lat="42.42384906240523" lon="77.27569411925249">
    <time>2026-08-23T07:25:32.875Z</time>
    <extensions>
        <provider>whs</provider>
    </extensions>
</trkpt>
<trkpt lat="42.42386256240523" lon="77.2756488192525">
    <time>2026-08-23T07:25:33.884Z</time>
    <extensions>
        <provider>whs</provider>
    </extensions>
</trkpt>
<trkpt lat="42.423899862405236" lon="77.2756243192525">
    <time>2026-08-23T07:25:34.895Z</time>
    <extensions>
        <provider>whs</provider>
    </extensions>
</trkpt>
<trkpt lat="42.42394036240523" lon="77.27561731925249">
    <time>2026-08-23T07:25:35.905Z</time>
    <extensions>
        <provider>whs</provider>
    </extensions>
</trkpt>
<trkpt lat="42.42399246240524" lon="77.2756426192525">
    <time>2026-08-23T07:25:36.913Z</time>
    <extensions>
        <provider>whs</provider>
    </extensions>
</trkpt>
<trkpt lat="42.424010562405236" lon="77.2756897192525">
    <time>2026-08-23T07:25:37.922Z</time>
    <extensions>
        <provider>whs</provider>
    </extensions>
</trkpt>
<trkpt lat="42.42401266240523" lon="77.2757478192525">
    <time>2026-08-23T07:25:38.932Z</time>
    <extensions>
        <provider>whs</provider>
    </extensions>
</trkpt>
<trkpt lat="42.424012962405236" lon="77.2758106192525">
    <time>2026-08-23T07:25:39.942Z</time>
    <extensions>
        <provider>whs</provider>
    </extensions>
</trkpt>
<trkpt lat="42.424001862405234" lon="77.27585691925249">
    <time>2026-08-23T07:25:40.950Z</time>
    <extensions>
        <provider>whs</provider>
    </extensions>
</trkpt>
<trkpt lat="42.42400696240524" lon="77.2759070192525">
    <time>2026-08-23T07:25:41.961Z</time>
    <extensions>
        <provider>whs</provider>
    </extensions>
</trkpt>
<trkpt lat="42.42401516240523" lon="77.2759499192525">
    <time>2026-08-23T07:25:42.968Z</time>
    <extensions>
        <provider>whs</provider>
    </extensions>
</trkpt>
<trkpt lat="42.424023762405234" lon="77.2759915192525">
    <time>2026-08-23T07:25:43.976Z</time>
    <extensions>
        <provider>whs</provider>
    </extensions>
</trkpt>
<trkpt lat="42.424034662405234" lon="77.2760327192525">
    <time>2026-08-23T07:25:44.986Z</time>
    <extensions>
        <provider>whs</provider>
    </extensions>
</trkpt>
<trkpt lat="42.424039162405236" lon="77.2760712192525">
    <time>2026-08-23T07:25:45.995Z</time>
    <extensions>
        <provider>whs</provider>
    </extensions>
</trkpt>
<trkpt lat="42.42404836240524" lon="77.2760995192525">
    <time>2026-08-23T07:25:47.005Z</time>
    <extensions>
        <provider>whs</provider>
    </extensions>
</trkpt>
<trkpt lat="42.424062062405234" lon="77.2761246192525">
    <time>2026-08-23T07:25:48.012Z</time>
    <extensions>
        <provider>whs</provider>
    </extensions>
</trkpt>
<trkpt lat="42.424042062405235" lon="77.27611371925249">
    <time>2026-08-23T07:25:53.057Z</time>
    <extensions>
        <provider>whs</provider>
    </extensions>
</trkpt>
<trkpt lat="42.424037162405234" lon="77.2760863192525">
    <time>2026-08-23T07:25:56.079Z</time>
    <extensions>
        <provider>whs</provider>
    </extensions>
</trkpt>
<trkpt lat="42.424046862405234" lon="77.2760624192525">
    <time>2026-08-23T07:25:59.109Z</time>
    <extensions>
        <provider>whs</provider>
    </extensions>
</trkpt>
<trkpt lat="42.424067562405234" lon="77.2760669192525">
    <time>2026-08-23T07:26:01.125Z</time>
    <extensions>
        <provider>whs</provider>
    </extensions>
</trkpt>
<trkpt lat="42.42408016240523" lon="77.2760998192525">
    <time>2026-08-23T07:26:03.139Z</time>
    <extensions>
        <provider>whs</provider>
    </extensions>
</trkpt>
<trkpt lat="42.424102262405235" lon="77.2760852192525">
    <time>2026-08-23T07:26:06.152Z</time>
    <extensions>
        <provider>whs</provider>
    </extensions>
</trkpt>
<trkpt lat="42.424127162405235" lon="77.2760829192525">
    <time>2026-08-23T07:26:09.152Z</time>
    <extensions>
        <provider>whs</provider>
    </extensions>
</trkpt>
<trkpt lat="42.424138062405234" lon="77.2760605192525">
    <time>2026-08-23T07:26:18.144Z</time>
    <extensions>
        <provider>whs</provider>
    </extensions>
</trkpt>
<trkpt lat="42.424143662405235" lon="77.2760923192525">
    <time>2026-08-23T07:26:20.142Z</time>
    <extensions>
        <provider>whs</provider>
    </extensions>
</trkpt>
<trkpt lat="42.424132562405234" lon="77.2760689192525">
    <time>2026-08-23T07:26:25.137Z</time>
    <extensions>
        <provider>whs</provider>
    </extensions>
</trkpt>
<trkpt lat="42.424149062405235" lon="77.2760562192525">
    <time>2026-08-23T07:26:30.167Z</time>
    <extensions>
        <provider>whs</provider>
    </extensions>
</trkpt>
<trkpt lat="42.424167262405234" lon="77.2760641192525">
    <time>2026-08-23T07:26:33.194Z</time>
    <extensions>
        <provider>whs</provider>
    </extensions>
</trkpt>
<trkpt lat="42.42417356240524" lon="77.2760351192525">
    <time>2026-08-23T07:26:39.245Z</time>
    <extensions>
        <provider>whs</provider>
    </extensions>
</trkpt>
<trkpt lat="42.42419206240523" lon="77.2760379192525">
    <time>2026-08-23T07:26:44.287Z</time>
    <extensions>
        <provider>whs</provider>
    </extensions>
</trkpt>
<trkpt lat="42.42419266240523" lon="77.2760109192525">
    <time>2026-08-23T07:27:03.465Z</time>
    <extensions>
        <provider>whs</provider>
    </extensions>
</trkpt>
<trkpt lat="42.424171662405236" lon="77.2760021192525">
    <time>2026-08-23T07:27:07.502Z</time>
    <extensions>
        <provider>whs</provider>
    </extensions>
</trkpt>
<trkpt lat="42.42415136240523" lon="77.2759964192525">
    <time>2026-08-23T07:27:09.521Z</time>
    <extensions>
        <provider>whs</provider>
    </extensions>
</trkpt>
<trkpt lat="42.424131962405234" lon="77.27600601925249">
    <time>2026-08-23T07:27:14.569Z</time>
    <extensions>
        <provider>whs</provider>
    </extensions>
</trkpt>
<trkpt lat="42.424111362405235" lon="77.2760216192525">
    <time>2026-08-23T07:27:17.595Z</time>
    <extensions>
        <provider>whs</provider>
    </extensions>
</trkpt>
<trkpt lat="42.424115562405234" lon="77.2759875192525">
    <time>2026-08-23T07:27:35.762Z</time>
    <extensions>
        <provider>whs</provider>
    </extensions>
</trkpt>
<trkpt lat="42.42409346240524" lon="77.27598521925249">
    <time>2026-08-23T07:27:37.781Z</time>
    <extensions>
        <provider>whs</provider>
    </extensions>
</trkpt>
<trkpt lat="42.42407266240524" lon="77.27600171925249">
    <time>2026-08-23T07:28:00.987Z</time>
    <extensions>
        <provider>whs</provider>
    </extensions>
</trkpt>
<trkpt lat="42.42403876240523" lon="77.27600701925249">
    <time>2026-08-23T07:28:01.997Z</time>
    <extensions>
        <provider>whs</provider>
    </extensions>
</trkpt>
<trkpt lat="42.423987962405235" lon="77.27601871925249">
    <time>2026-08-23T07:28:03.007Z</time>
    <extensions>
        <provider>whs</provider>
    </extensions>
</trkpt>
<trkpt lat="42.423933362405236" lon="77.2760384192525">
    <time>2026-08-23T07:28:04.015Z</time>
    <extensions>
        <provider>whs</provider>
    </extensions>
</trkpt>
<trkpt lat="42.42389656240523" lon="77.2760657192525">
    <time>2026-08-23T07:28:05.023Z</time>
    <extensions>
        <provider>whs</provider>
    </extensions>
</trkpt>
<trkpt lat="42.42386166240524" lon="77.2760773192525">
    <time>2026-08-23T07:28:06.033Z</time>
    <extensions>
        <provider>whs</provider>
    </extensions>
</trkpt>
<trkpt lat="42.42382766240524" lon="77.2760885192525">
    <time>2026-08-23T07:28:07.042Z</time>
    <extensions>
        <provider>whs</provider>
    </extensions>
</trkpt>
<trkpt lat="42.42377906240524" lon="77.27612211925249">
    <time>2026-08-23T07:28:08.051Z</time>
    <extensions>
        <provider>whs</provider>
    </extensions>
</trkpt>
<trkpt lat="42.423752662405235" lon="77.27616091925249">
    <time>2026-08-23T07:28:09.059Z</time>
    <extensions>
        <provider>whs</provider>
    </extensions>
</trkpt>
<trkpt lat="42.423727162405235" lon="77.2761717192525">
    <time>2026-08-23T07:28:10.071Z</time>
    <extensions>
        <provider>whs</provider>
    </extensions>
</trkpt>
<trkpt lat="42.423687662405236" lon="77.2762077192525">
    <time>2026-08-23T07:28:11.078Z</time>
    <extensions>
        <provider>whs</provider>
    </extensions>
</trkpt>
<trkpt lat="42.423663262405235" lon="77.2762366192525">
    <time>2026-08-23T07:28:12.087Z</time>
    <extensions>
        <provider>whs</provider>
    </extensions>
</trkpt>
<trkpt lat="42.423645062405235" lon="77.2762821192525">
    <time>2026-08-23T07:28:13.097Z</time>
    <extensions>
        <provider>whs</provider>
    </extensions>
</trkpt>
<trkpt lat="42.42361916240524" lon="77.2763401192525">
    <time>2026-08-23T07:28:14.105Z</time>
    <extensions>
        <provider>whs</provider>
    </extensions>
</trkpt>
<trkpt lat="42.423594562405235" lon="77.27639451925249">
    <time>2026-08-23T07:28:15.115Z</time>
    <extensions>
        <provider>whs</provider>
    </extensions>
</trkpt>
<trkpt lat="42.423571562405236" lon="77.27644691925249">
    <time>2026-08-23T07:28:16.124Z</time>
    <extensions>
        <provider>whs</provider>
    </extensions>
</trkpt>
<trkpt lat="42.423543462405235" lon="77.27648981925249">
    <time>2026-08-23T07:28:17.134Z</time>
    <extensions>
        <provider>whs</provider>
    </extensions>
</trkpt>
<trkpt lat="42.42351226240523" lon="77.2765328192525">
    <time>2026-08-23T07:28:18.143Z</time>
    <extensions>
        <provider>whs</provider>
    </extensions>
</trkpt>
<trkpt lat="42.423476562405234" lon="77.2765621192525">
    <time>2026-08-23T07:28:19.153Z</time>
    <extensions>
        <provider>whs</provider>
    </extensions>
</trkpt>
<trkpt lat="42.423436462405235" lon="77.2765742192525">
    <time>2026-08-23T07:28:20.162Z</time>
    <extensions>
        <provider>whs</provider>
    </extensions>
</trkpt>
<trkpt lat="42.42339176240524" lon="77.2765701192525">
    <time>2026-08-23T07:28:21.168Z</time>
    <extensions>
        <provider>whs</provider>
    </extensions>
</trkpt>
<trkpt lat="42.42335766240524" lon="77.2765290192525">
    <time>2026-08-23T07:28:22.177Z</time>
    <extensions>
        <provider>whs</provider>
    </extensions>
</trkpt>
<trkpt lat="42.42332416240524" lon="77.27648691925249">
    <time>2026-08-23T07:28:23.186Z</time>
    <extensions>
        <provider>whs</provider>
    </extensions>
</trkpt>
<trkpt lat="42.42330956240524" lon="77.2764398192525">
    <time>2026-08-23T07:28:24.195Z</time>
    <extensions>
        <provider>whs</provider>
    </extensions>
</trkpt>
<trkpt lat="42.42328966240524" lon="77.2763812192525">
    <time>2026-08-23T07:28:25.206Z</time>
    <extensions>
        <provider>whs</provider>
    </extensions>
</trkpt>
<trkpt lat="42.42327276240523" lon="77.2763031192525">
    <time>2026-08-23T07:28:26.213Z</time>
    <extensions>
        <provider>whs</provider>
    </extensions>
</trkpt>
<trkpt lat="42.423278462405236" lon="77.2762326192525">
    <time>2026-08-23T07:28:27.222Z</time>
    <extensions>
        <provider>whs</provider>
    </extensions>
</trkpt>
<trkpt lat="42.42330106240524" lon="77.27617311925249">
    <time>2026-08-23T07:28:28.228Z</time>
    <extensions>
        <provider>whs</provider>
    </extensions>
</trkpt>
<trkpt lat="42.42336186240524" lon="77.2760651192525">
    <time>2026-08-23T07:28:29.238Z</time>
    <extensions>
        <provider>whs</provider>
    </extensions>
</trkpt>
<trkpt lat="42.42339316240523" lon="77.2760402192525">
    <time>2026-08-23T07:28:30.247Z</time>
    <extensions>
        <provider>whs</provider>
    </extensions>
</trkpt>
<trkpt lat="42.42342106240523" lon="77.2760143192525">
    <time>2026-08-23T07:28:31.255Z</time>
    <extensions>
        <provider>whs</provider>
    </extensions>
</trkpt>
<trkpt lat="42.423450362405234" lon="77.2759905192525">
    <time>2026-08-23T07:28:32.264Z</time>
    <extensions>
        <provider>whs</provider>
    </extensions>
</trkpt>
<trkpt lat="42.423483362405236" lon="77.2759568192525">
    <time>2026-08-23T07:28:33.270Z</time>
    <extensions>
        <provider>whs</provider>
    </extensions>
</trkpt>
<trkpt lat="42.423502062405234" lon="77.2759168192525">
    <time>2026-08-23T07:28:34.279Z</time>
    <extensions>
        <provider>whs</provider>
    </extensions>
</trkpt>
<trkpt lat="42.42352856240524" lon="77.27586861925249">
    <time>2026-08-23T07:28:35.289Z</time>
    <extensions>
        <provider>whs</provider>
    </extensions>
</trkpt>
<trkpt lat="42.42355796240523" lon="77.2758173192525">
    <time>2026-08-23T07:28:36.297Z</time>
    <extensions>
        <provider>whs</provider>
    </extensions>
</trkpt>
<trkpt lat="42.42357716240524" lon="77.2757831192525">
    <time>2026-08-23T07:28:37.307Z</time>
    <extensions>
        <provider>whs</provider>
    </extensions>
</trkpt>
<trkpt lat="42.423603062405235" lon="77.2757464192525">
    <time>2026-08-23T07:28:38.315Z</time>
    <extensions>
        <provider>whs</provider>
    </extensions>
</trkpt>
<trkpt lat="42.423637862405236" lon="77.27570851925249">
    <time>2026-08-23T07:28:39.324Z</time>
    <extensions>
        <provider>whs</provider>
    </extensions>
</trkpt>
<trkpt lat="42.42366236240524" lon="77.2756791192525">
    <time>2026-08-23T07:28:40.333Z</time>
    <extensions>
        <provider>whs</provider>
    </extensions>
</trkpt>
<trkpt lat="42.42369626240524" lon="77.2756495192525">
    <time>2026-08-23T07:28:41.343Z</time>
    <extensions>
        <provider>whs</provider>
    </extensions>
</trkpt>
<trkpt lat="42.42372436240524" lon="77.27563211925249">
    <time>2026-08-23T07:28:42.352Z</time>
    <extensions>
        <provider>whs</provider>
    </extensions>
</trkpt>
<trkpt lat="42.42376216240523" lon="77.2756229192525">
    <time>2026-08-23T07:28:43.362Z</time>
    <extensions>
        <provider>whs</provider>
    </extensions>
</trkpt>
<trkpt lat="42.42380696240524" lon="77.2756256192525">
    <time>2026-08-23T07:28:44.368Z</time>
    <extensions>
        <provider>whs</provider>
    </extensions>
</trkpt>
<trkpt lat="42.423854762405234" lon="77.27565461925249">
    <time>2026-08-23T07:28:45.377Z</time>
    <extensions>
        <provider>whs</provider>
    </extensions>
</trkpt>
<trkpt lat="42.423890662405235" lon="77.2756911192525">
    <time>2026-08-23T07:28:46.387Z</time>
    <extensions>
        <provider>whs</provider>
    </extensions>
</trkpt>
<trkpt lat="42.423921762405236" lon="77.2757386192525">
    <time>2026-08-23T07:28:47.396Z</time>
    <extensions>
        <provider>whs</provider>
    </extensions>
</trkpt>
<trkpt lat="42.423945362405235" lon="77.2757890192525">
    <time>2026-08-23T07:28:48.407Z</time>
    <extensions>
        <provider>whs</provider>
    </extensions>
</trkpt>
<trkpt lat="42.42394686240524" lon="77.2758481192525">
    <time>2026-08-23T07:28:49.417Z</time>
    <extensions>
        <provider>whs</provider>
    </extensions>
</trkpt>
<trkpt lat="42.42394806240524" lon="77.27590141925249">
    <time>2026-08-23T07:28:50.425Z</time>
    <extensions>
        <provider>whs</provider>
    </extensions>
</trkpt>
<trkpt lat="42.423947762405234" lon="77.2759450192525">
    <time>2026-08-23T07:28:51.434Z</time>
    <extensions>
        <provider>whs</provider>
    </extensions>
</trkpt>
<trkpt lat="42.42394396240523" lon="77.27600911925249">
    <time>2026-08-23T07:28:52.444Z</time>
    <extensions>
        <provider>whs</provider>
    </extensions>
</trkpt>
<trkpt lat="42.42394016240524" lon="77.2760727192525">
    <time>2026-08-23T07:28:53.454Z</time>
    <extensions>
        <provider>whs</provider>
    </extensions>
</trkpt>
<trkpt lat="42.42394456240523" lon="77.27612931925249">
    <time>2026-08-23T07:28:54.463Z</time>
    <extensions>
        <provider>whs</provider>
    </extensions>
</trkpt>
<trkpt lat="42.42394336240523" lon="77.2761752192525">
    <time>2026-08-23T07:28:55.472Z</time>
    <extensions>
        <provider>whs</provider>
    </extensions>
</trkpt>
<trkpt lat="42.42395056240524" lon="77.2762281192525">
    <time>2026-08-23T07:28:56.483Z</time>
    <extensions>
        <provider>whs</provider>
    </extensions>
</trkpt>
<trkpt lat="42.42395666240524" lon="77.27627171925249">
    <time>2026-08-23T07:28:57.492Z</time>
    <extensions>
        <provider>whs</provider>
    </extensions>
</trkpt>
<trkpt lat="42.42396946240523" lon="77.2763154192525">
    <time>2026-08-23T07:28:58.503Z</time>
    <extensions>
        <provider>whs</provider>
    </extensions>
</trkpt>
<trkpt lat="42.42398636240524" lon="77.2763493192525">
    <time>2026-08-23T07:28:59.512Z</time>
    <extensions>
        <provider>whs</provider>
    </extensions>
</trkpt>
<trkpt lat="42.424014762405236" lon="77.2763728192525">
    <time>2026-08-23T07:29:00.523Z</time>
    <extensions>
        <provider>whs</provider>
    </extensions>
</trkpt>
<trkpt lat="42.42403866240524" lon="77.27638781925249">
    <time>2026-08-23T07:29:01.533Z</time>
    <extensions>
        <provider>whs</provider>
    </extensions>
</trkpt>
<trkpt lat="42.42406806240523" lon="77.2763840192525">
    <time>2026-08-23T07:29:02.541Z</time>
    <extensions>
        <provider>whs</provider>
    </extensions>
</trkpt>
<trkpt lat="42.42409086240524" lon="77.2763681192525">
    <time>2026-08-23T07:29:03.552Z</time>
    <extensions>
        <provider>whs</provider>
    </extensions>
</trkpt>
<trkpt lat="42.42411346240524" lon="77.27632651925249">
    <time>2026-08-23T07:29:04.562Z</time>
    <extensions>
        <provider>whs</provider>
    </extensions>
</trkpt>
<trkpt lat="42.42412926240524" lon="77.2762766192525">
    <time>2026-08-23T07:29:05.572Z</time>
    <extensions>
        <provider>whs</provider>
    </extensions>
</trkpt>
<trkpt lat="42.424145562405236" lon="77.2762057192525">
    <time>2026-08-23T07:29:06.577Z</time>
    <extensions>
        <provider>whs</provider>
    </extensions>
</trkpt>
<trkpt lat="42.424147362405236" lon="77.27612091925249">
    <time>2026-08-23T07:29:07.579Z</time>
    <extensions>
        <provider>whs</provider>
    </extensions>
</trkpt>
<trkpt lat="42.424161262405235" lon="77.2760318192525">
    <time>2026-08-23T07:29:08.582Z</time>
    <extensions>
        <provider>whs</provider>
    </extensions>
</trkpt>
<trkpt lat="42.424149762405236" lon="77.2759688192525">
    <time>2026-08-23T07:29:09.589Z</time>
    <extensions>
        <provider>whs</provider>
    </extensions>
</trkpt>
<trkpt lat="42.42410256240524" lon="77.27598041925249">
    <time>2026-08-23T07:29:10.596Z</time>
    <extensions>
        <provider>whs</provider>
    </extensions>
</trkpt>
<trkpt lat="42.42408876240523" lon="77.2760088192525">
    <time>2026-08-23T07:29:11.596Z</time>
    <extensions>
        <provider>whs</provider>
    </extensions>
</trkpt>
<trkpt lat="42.424110062405234" lon="77.2760536192525">
    <time>2026-08-23T07:29:13.596Z</time>
    <extensions>
        <provider>whs</provider>
    </extensions>
</trkpt>
<trkpt lat="42.42410866240524" lon="77.2760871192525">
    <time>2026-08-23T07:29:14.596Z</time>
    <extensions>
        <provider>whs</provider>
    </extensions>
</trkpt>
<trkpt lat="42.424126662405236" lon="77.2761023192525">
    <time>2026-08-23T07:29:15.596Z</time>
    <extensions>
        <provider>whs</provider>
    </extensions>
</trkpt>
<trkpt lat="42.42414376240524" lon="77.27614581925249">
    <time>2026-08-23T07:29:16.596Z</time>
    <extensions>
        <provider>whs</provider>
    </extensions>
</trkpt>
<trkpt lat="42.42416896240523" lon="77.2761881192525">
    <time>2026-08-23T07:29:17.597Z</time>
    <extensions>
        <provider>whs</provider>
    </extensions>
</trkpt>
<trkpt lat="42.42416106240523" lon="77.2762137192525">
    <time>2026-08-23T07:29:18.597Z</time>
    <extensions>
        <provider>whs</provider>
    </extensions>
</trkpt>
<trkpt lat="42.42416876240524" lon="77.2762392192525">
    <time>2026-08-23T07:29:22.597Z</time>
    <extensions>
        <provider>whs</provider>
    </extensions>
</trkpt>
<trkpt lat="42.42413556240523" lon="77.2762836192525">
    <time>2026-08-23T07:29:26.597Z</time>
    <extensions>
        <provider>whs</provider>
    </extensions>
</trkpt>
<trkpt lat="42.424124062405234" lon="77.2763090192525">
    <time>2026-08-23T07:29:27.597Z</time>
    <extensions>
        <provider>whs</provider>
    </extensions>
</trkpt>
<trkpt lat="42.424111462405236" lon="77.2762864192525">
    <time>2026-08-23T07:29:36.599Z</time>
    <extensions>
        <provider>whs</provider>
    </extensions>
</trkpt>
<trkpt lat="42.42409876240524" lon="77.2763047192525">
    <time>2026-08-23T07:29:38.600Z</time>
    <extensions>
        <provider>whs</provider>
    </extensions>
</trkpt>
<trkpt lat="42.424115562405234" lon="77.2762847192525">
    <time>2026-08-23T07:29:42.603Z</time>
    <extensions>
        <provider>whs</provider>
    </extensions>
</trkpt>
<trkpt lat="42.42412746240524" lon="77.2762520192525">
    <time>2026-08-23T07:29:49.654Z</time>
    <extensions>
        <provider>whs</provider>
    </extensions>
</trkpt>
<trkpt lat="42.42413046240524" lon="77.2762238192525">
    <time>2026-08-23T07:29:54.703Z</time>
    <extensions>
        <provider>whs</provider>
    </extensions>
</trkpt>
<trkpt lat="42.42414496240524" lon="77.2762080192525">
    <time>2026-08-23T07:29:57.738Z</time>
    <extensions>
        <provider>whs</provider>
    </extensions>
</trkpt>
<trkpt lat="42.42415686240523" lon="77.2761795192525">
    <time>2026-08-23T07:30:03.773Z</time>
    <extensions>
        <provider>whs</provider>
    </extensions>
</trkpt>
<trkpt lat="42.42416386240524" lon="77.27615491925249">
    <time>2026-08-23T07:30:05.791Z</time>
    <extensions>
        <provider>whs</provider>
    </extensions>
</trkpt>
<trkpt lat="42.42417476240524" lon="77.2761313192525">
    <time>2026-08-23T07:30:10.837Z</time>
    <extensions>
        <provider>whs</provider>
    </extensions>
</trkpt>
<trkpt lat="42.424180762405236" lon="77.2761069192525">
    <time>2026-08-23T07:30:14.875Z</time>
    <extensions>
        <provider>whs</provider>
    </extensions>
</trkpt>
<trkpt lat="42.424187462405236" lon="77.2760830192525">
    <time>2026-08-23T07:30:24.966Z</time>
    <extensions>
        <provider>whs</provider>
    </extensions>
</trkpt>
<trkpt lat="42.424204962405234" lon="77.2760578192525">
    <time>2026-08-23T07:30:29.004Z</time>
    <extensions>
        <provider>whs</provider>
    </extensions>
</trkpt>
<trkpt lat="42.424189262405235" lon="77.2760253192525">
    <time>2026-08-23T07:30:32.029Z</time>
    <extensions>
        <provider>whs</provider>
    </extensions>
</trkpt>
<trkpt lat="42.42417386240523" lon="77.2759972192525">
    <time>2026-08-23T07:30:35.058Z</time>
    <extensions>
        <provider>whs</provider>
    </extensions>
</trkpt>
<trkpt lat="42.42416466240523" lon="77.2759676192525">
    <time>2026-08-23T07:30:51.206Z</time>
    <extensions>
        <provider>whs</provider>
    </extensions>
</trkpt>
<trkpt lat="42.424154562405235" lon="77.2760044192525">
    <time>2026-08-23T07:30:53.224Z</time>
    <extensions>
        <provider>whs</provider>
    </extensions>
</trkpt>
<trkpt lat="42.424132762405236" lon="77.2760020192525">
    <time>2026-08-23T07:31:02.305Z</time>
    <extensions>
        <provider>whs</provider>
    </extensions>
</trkpt>
<trkpt lat="42.42412686240524" lon="77.2760342192525">
    <time>2026-08-23T07:31:06.336Z</time>
    <extensions>
        <provider>whs</provider>
    </extensions>
</trkpt>
<trkpt lat="42.424133362405236" lon="77.27605961925249">
    <time>2026-08-23T07:31:13.398Z</time>
    <extensions>
        <provider>whs</provider>
    </extensions>
</trkpt>
<trkpt lat="42.42411116240523" lon="77.2760557192525">
    <time>2026-08-23T07:31:20.460Z</time>
    <extensions>
        <provider>whs</provider>
    </extensions>
</trkpt>
<trkpt lat="42.42413416240524" lon="77.27603811925249">
    <time>2026-08-23T07:31:41.509Z</time>
    <extensions>
        <provider>whs</provider>
    </extensions>
</trkpt>
<trkpt lat="42.42411966240523" lon="77.27601701925249">
    <time>2026-08-23T07:31:46.559Z</time>
    <extensions>
        <provider>whs</provider>
    </extensions>
</trkpt>
<trkpt lat="42.42412816240523" lon="77.2759833192525">
    <time>2026-08-23T07:31:55.647Z</time>
    <extensions>
        <provider>whs</provider>
    </extensions>
</trkpt>
<trkpt lat="42.424108262405234" lon="77.2759712192525">
    <time>2026-08-23T07:32:02.708Z</time>
    <extensions>
        <provider>whs</provider>
    </extensions>
</trkpt>
<trkpt lat="42.424092462405234" lon="77.2759510192525">
    <time>2026-08-23T07:32:17.837Z</time>
    <extensions>
        <provider>whs</provider>
    </extensions>
</trkpt>
<trkpt lat="42.424110262405236" lon="77.2759273192525">
    <time>2026-08-23T07:32:27.929Z</time>
    <extensions>
        <provider>whs</provider>
    </extensions>
</trkpt>
<trkpt lat="42.424126062405236" lon="77.2759407192525">
    <time>2026-08-23T07:32:31.970Z</time>
    <extensions>
        <provider>whs</provider>
    </extensions>
</trkpt>
<trkpt lat="42.42411106240524" lon="77.2759727192525">
    <time>2026-08-23T07:32:32.978Z</time>
    <extensions>
        <provider>whs</provider>
    </extensions>
</trkpt>
<trkpt lat="42.424084062405235" lon="77.2759850192525">
    <time>2026-08-23T07:32:37.017Z</time>
    <extensions>
        <provider>whs</provider>
    </extensions>
</trkpt>
<trkpt lat="42.424060362405235" lon="77.27598401925249">
    <time>2026-08-23T07:32:38.025Z</time>
    <extensions>
        <provider>whs</provider>
    </extensions>
</trkpt>
<trkpt lat="42.424025762405236" lon="77.2759843192525">
    <time>2026-08-23T07:32:39.033Z</time>
    <extensions>
        <provider>whs</provider>
    </extensions>
</trkpt>
<trkpt lat="42.423991662405236" lon="77.2759942192525">
    <time>2026-08-23T07:32:40.041Z</time>
    <extensions>
        <provider>whs</provider>
    </extensions>
</trkpt>
<trkpt lat="42.423938162405236" lon="77.2760057192525">
    <time>2026-08-23T07:32:41.050Z</time>
    <extensions>
        <provider>whs</provider>
    </extensions>
</trkpt>
<trkpt lat="42.423898662405236" lon="77.27603501925249">
    <time>2026-08-23T07:32:42.059Z</time>
    <extensions>
        <provider>whs</provider>
    </extensions>
</trkpt>
<trkpt lat="42.423852862405234" lon="77.2760727192525">
    <time>2026-08-23T07:32:43.068Z</time>
    <extensions>
        <provider>whs</provider>
    </extensions>
</trkpt>
<trkpt lat="42.423823862405236" lon="77.2760981192525">
    <time>2026-08-23T07:32:44.077Z</time>
    <extensions>
        <provider>whs</provider>
    </extensions>
</trkpt>
<trkpt lat="42.42377286240524" lon="77.2761129192525">
    <time>2026-08-23T07:32:45.085Z</time>
    <extensions>
        <provider>whs</provider>
    </extensions>
</trkpt>
<trkpt lat="42.423729562405235" lon="77.2761090192525">
    <time>2026-08-23T07:32:46.094Z</time>
    <extensions>
        <provider>whs</provider>
    </extensions>
</trkpt>
<trkpt lat="42.423693662405235" lon="77.27612211925249">
    <time>2026-08-23T07:32:47.104Z</time>
    <extensions>
        <provider>whs</provider>
    </extensions>
</trkpt>
<trkpt lat="42.423656662405236" lon="77.2761447192525">
    <time>2026-08-23T07:32:48.113Z</time>
    <extensions>
        <provider>whs</provider>
    </extensions>
</trkpt>
<trkpt lat="42.42362706240524" lon="77.2761594192525">
    <time>2026-08-23T07:32:49.124Z</time>
    <extensions>
        <provider>whs</provider>
    </extensions>
</trkpt>
<trkpt lat="42.42358766240523" lon="77.2761691192525">
    <time>2026-08-23T07:32:50.134Z</time>
    <extensions>
        <provider>whs</provider>
    </extensions>
</trkpt>
<trkpt lat="42.42354386240523" lon="77.27618481925249">
    <time>2026-08-23T07:32:51.144Z</time>
    <extensions>
        <provider>whs</provider>
    </extensions>
</trkpt>
<trkpt lat="42.42349716240523" lon="77.2761837192525">
    <time>2026-08-23T07:32:52.155Z</time>
    <extensions>
        <provider>whs</provider>
    </extensions>
</trkpt>
<trkpt lat="42.423440762405235" lon="77.2761790192525">
    <time>2026-08-23T07:32:53.165Z</time>
    <extensions>
        <provider>whs</provider>
    </extensions>
</trkpt>
<trkpt lat="42.42340196240524" lon="77.2761473192525">
    <time>2026-08-23T07:32:54.174Z</time>
    <extensions>
        <provider>whs</provider>
    </extensions>
</trkpt>
<trkpt lat="42.42337176240523" lon="77.27609171925249">
    <time>2026-08-23T07:32:55.181Z</time>
    <extensions>
        <provider>whs</provider>
    </extensions>
</trkpt>
<trkpt lat="42.423358162405236" lon="77.2760344192525">
    <time>2026-08-23T07:32:56.189Z</time>
    <extensions>
        <provider>whs</provider>
    </extensions>
</trkpt>
<trkpt lat="42.42335576240524" lon="77.2759635192525">
    <time>2026-08-23T07:32:57.199Z</time>
    <extensions>
        <provider>whs</provider>
    </extensions>
</trkpt>
<trkpt lat="42.42337296240523" lon="77.2759142192525">
    <time>2026-08-23T07:32:58.207Z</time>
    <extensions>
        <provider>whs</provider>
    </extensions>
</trkpt>
<trkpt lat="42.42338586240523" lon="77.2758556192525">
    <time>2026-08-23T07:32:59.215Z</time>
    <extensions>
        <provider>whs</provider>
    </extensions>
</trkpt>
<trkpt lat="42.423397562405235" lon="77.2758089192525">
    <time>2026-08-23T07:33:00.227Z</time>
    <extensions>
        <provider>whs</provider>
    </extensions>
</trkpt>
<trkpt lat="42.42343246240524" lon="77.2757133192525">
    <time>2026-08-23T07:33:01.236Z</time>
    <extensions>
        <provider>whs</provider>
    </extensions>
</trkpt>
<trkpt lat="42.423442562405235" lon="77.2756459192525">
    <time>2026-08-23T07:33:02.244Z</time>
    <extensions>
        <provider>whs</provider>
    </extensions>
</trkpt>
<trkpt lat="42.42346246240523" lon="77.2756064192525">
    <time>2026-08-23T07:33:03.251Z</time>
    <extensions>
        <provider>whs</provider>
    </extensions>
</trkpt>
<trkpt lat="42.423483362405236" lon="77.2755700192525">
    <time>2026-08-23T07:33:04.261Z</time>
    <extensions>
        <provider>whs</provider>
    </extensions>
</trkpt>
<trkpt lat="42.42351086240524" lon="77.2755387192525">
    <time>2026-08-23T07:33:05.269Z</time>
    <extensions>
        <provider>whs</provider>
    </extensions>
</trkpt>
<trkpt lat="42.42354566240523" lon="77.2755271192525">
    <time>2026-08-23T07:33:06.279Z</time>
    <extensions>
        <provider>whs</provider>
    </extensions>
</trkpt>
<trkpt lat="42.423572662405235" lon="77.2755056192525">
    <time>2026-08-23T07:33:07.290Z</time>
    <extensions>
        <provider>whs</provider>
    </extensions>
</trkpt>
<trkpt lat="42.42362206240524" lon="77.2754888192525">
    <time>2026-08-23T07:33:08.299Z</time>
    <extensions>
        <provider>whs</provider>
    </extensions>
</trkpt>
<trkpt lat="42.42365126240524" lon="77.2754774192525">
    <time>2026-08-23T07:33:09.310Z</time>
    <extensions>
        <provider>whs</provider>
    </extensions>
</trkpt>
<trkpt lat="42.42369326240524" lon="77.2754656192525">
    <time>2026-08-23T07:33:10.319Z</time>
    <extensions>
        <provider>whs</provider>
    </extensions>
</trkpt>
<trkpt lat="42.423724762405236" lon="77.27547561925249">
    <time>2026-08-23T07:33:11.327Z</time>
    <extensions>
        <provider>whs</provider>
    </extensions>
</trkpt>
<trkpt lat="42.42376336240523" lon="77.27548661925249">
    <time>2026-08-23T07:33:12.339Z</time>
    <extensions>
        <provider>whs</provider>
    </extensions>
</trkpt>
<trkpt lat="42.42379566240523" lon="77.2755216192525">
    <time>2026-08-23T07:33:13.349Z</time>
    <extensions>
        <provider>whs</provider>
    </extensions>
</trkpt>
<trkpt lat="42.423819662405236" lon="77.27556771925249">
    <time>2026-08-23T07:33:14.358Z</time>
    <extensions>
        <provider>whs</provider>
    </extensions>
</trkpt>
<trkpt lat="42.42384186240523" lon="77.2756222192525">
    <time>2026-08-23T07:33:15.368Z</time>
    <extensions>
        <provider>whs</provider>
    </extensions>
</trkpt>
<trkpt lat="42.423859562405234" lon="77.2756682192525">
    <time>2026-08-23T07:33:16.377Z</time>
    <extensions>
        <provider>whs</provider>
    </extensions>
</trkpt>
<trkpt lat="42.42387386240524" lon="77.2757136192525">
    <time>2026-08-23T07:33:17.385Z</time>
    <extensions>
        <provider>whs</provider>
    </extensions>
</trkpt>
<trkpt lat="42.423896862405236" lon="77.2757476192525">
    <time>2026-08-23T07:33:18.394Z</time>
    <extensions>
        <provider>whs</provider>
    </extensions>
</trkpt>
<trkpt lat="42.42391906240523" lon="77.2757808192525">
    <time>2026-08-23T07:33:19.405Z</time>
    <extensions>
        <provider>whs</provider>
    </extensions>
</trkpt>
<trkpt lat="42.42394686240524" lon="77.2758202192525">
    <time>2026-08-23T07:33:20.415Z</time>
    <extensions>
        <provider>whs</provider>
    </extensions>
</trkpt>
<trkpt lat="42.423972662405234" lon="77.2758453192525">
    <time>2026-08-23T07:33:21.425Z</time>
    <extensions>
        <provider>whs</provider>
    </extensions>
</trkpt>
<trkpt lat="42.42400096240524" lon="77.2758721192525">
    <time>2026-08-23T07:33:22.431Z</time>
    <extensions>
        <provider>whs</provider>
    </extensions>
</trkpt>
<trkpt lat="42.424029362405236" lon="77.2758872192525">
    <time>2026-08-23T07:33:23.440Z</time>
    <extensions>
        <provider>whs</provider>
    </extensions>
</trkpt>
<trkpt lat="42.42406186240523" lon="77.2759005192525">
    <time>2026-08-23T07:33:24.447Z</time>
    <extensions>
        <provider>whs</provider>
    </extensions>
</trkpt>
<trkpt lat="42.424116762405234" lon="77.2758950192525">
    <time>2026-08-23T07:33:25.456Z</time>
    <extensions>
        <provider>whs</provider>
    </extensions>
</trkpt>
<trkpt lat="42.42414566240524" lon="77.2758955192525">
    <time>2026-08-23T07:33:26.466Z</time>
    <extensions>
        <provider>whs</provider>
    </extensions>
</trkpt>
<trkpt lat="42.424145462405235" lon="77.27585331925249">
    <time>2026-08-23T07:33:27.476Z</time>
    <extensions>
        <provider>whs</provider>
    </extensions>
</trkpt>
<trkpt lat="42.42412066240524" lon="77.2758164192525">
    <time>2026-08-23T07:33:30.501Z</time>
    <extensions>
        <provider>whs</provider>
    </extensions>
</trkpt>
<trkpt lat="42.424101762405236" lon="77.27579871925249">
    <time>2026-08-23T07:33:32.516Z</time>
    <extensions>
        <provider>whs</provider>
    </extensions>
</trkpt>
<trkpt lat="42.424091362405235" lon="77.2757782192525">
    <time>2026-08-23T07:33:36.551Z</time>
    <extensions>
        <provider>whs</provider>
    </extensions>
</trkpt>
<trkpt lat="42.42407466240523" lon="77.2758089192525">
    <time>2026-08-23T07:33:42.605Z</time>
    <extensions>
        <provider>whs</provider>
    </extensions>
</trkpt>
<trkpt lat="42.424086462405235" lon="77.2758311192525">
    <time>2026-08-23T07:33:47.648Z</time>
    <extensions>
        <provider>whs</provider>
    </extensions>
</trkpt>
<trkpt lat="42.424108962405235" lon="77.2758316192525">
    <time>2026-08-23T07:33:50.675Z</time>
    <extensions>
        <provider>whs</provider>
    </extensions>
</trkpt>
<trkpt lat="42.42411646240524" lon="77.2758656192525">
    <time>2026-08-23T07:33:52.694Z</time>
    <extensions>
        <provider>whs</provider>
    </extensions>
</trkpt>
<trkpt lat="42.42413176240524" lon="77.27588631925249">
    <time>2026-08-23T07:33:57.744Z</time>
    <extensions>
        <provider>whs</provider>
    </extensions>
</trkpt>
<trkpt lat="42.42410246240524" lon="77.27592441925249">
    <time>2026-08-23T07:34:02.786Z</time>
    <extensions>
        <provider>whs</provider>
    </extensions>
</trkpt>
<trkpt lat="42.424071862405235" lon="77.27610701925249">
    <time>2026-08-23T07:34:07.834Z</time>
    <extensions>
        <provider>whs</provider>
    </extensions>
</trkpt>
<trkpt lat="42.42401816240523" lon="77.2761096192525">
    <time>2026-08-23T07:34:08.843Z</time>
    <extensions>
        <provider>whs</provider>
    </extensions>
</trkpt>
<trkpt lat="42.42403766240523" lon="77.27593661925249">
    <time>2026-08-23T07:34:09.856Z</time>
    <extensions>
        <provider>whs</provider>
    </extensions>
</trkpt>
<trkpt lat="42.42405996240524" lon="77.2759336192525">
    <time>2026-08-23T07:34:10.865Z</time>
    <extensions>
        <provider>whs</provider>
    </extensions>
</trkpt>
<trkpt lat="42.424077462405236" lon="77.2759533192525">
    <time>2026-08-23T07:34:17.929Z</time>
    <extensions>
        <provider>whs</provider>
    </extensions>
</trkpt>
<trkpt lat="42.42409416240523" lon="77.27592371925249">
    <time>2026-08-23T07:34:18.930Z</time>
    <extensions>
        <provider>whs</provider>
    </extensions>
</trkpt>
<trkpt lat="42.42411096240524" lon="77.27594711925249">
    <time>2026-08-23T07:34:22.959Z</time>
    <extensions>
        <provider>whs</provider>
    </extensions>
</trkpt>
<trkpt lat="42.424127162405235" lon="77.2759601192525">
    <time>2026-08-23T07:34:30.025Z</time>
    <extensions>
        <provider>whs</provider>
    </extensions>
</trkpt>
<trkpt lat="42.424144862405235" lon="77.2759521192525">
    <time>2026-08-23T07:34:36.077Z</time>
    <extensions>
        <provider>whs</provider>
    </extensions>
</trkpt>
<trkpt lat="42.424159962405234" lon="77.2759315192525">
    <time>2026-08-23T07:34:37.087Z</time>
    <extensions>
        <provider>whs</provider>
    </extensions>
</trkpt>
<trkpt lat="42.42418046240523" lon="77.27593781925249">
    <time>2026-08-23T07:34:54.199Z</time>
    <extensions>
        <provider>whs</provider>
    </extensions>
</trkpt>
<trkpt lat="42.424169162405235" lon="77.2759656192525">
    <time>2026-08-23T07:35:05.274Z</time>
    <extensions>
        <provider>whs</provider>
    </extensions>
</trkpt>
<trkpt lat="42.42415866240523" lon="77.27598781925249">
    <time>2026-08-23T07:35:07.274Z</time>
    <extensions>
        <provider>whs</provider>
    </extensions>
</trkpt>
<trkpt lat="42.42413496240523" lon="77.2759942192525">
    <time>2026-08-23T07:35:16.275Z</time>
    <extensions>
        <provider>whs</provider>
    </extensions>
</trkpt>
<trkpt lat="42.424139262405234" lon="77.2760198192525">
    <time>2026-08-23T07:35:28.365Z</time>
    <extensions>
        <provider>whs</provider>
    </extensions>
</trkpt>
<trkpt lat="42.42412036240523" lon="77.2760241192525">
    <time>2026-08-23T07:35:31.392Z</time>
    <extensions>
        <provider>whs</provider>
    </extensions>
</trkpt>
<trkpt lat="42.424140062405236" lon="77.2760107192525">
    <time>2026-08-23T07:35:33.409Z</time>
    <extensions>
        <provider>whs</provider>
    </extensions>
</trkpt>
<trkpt lat="42.42411126240523" lon="77.2759946192525">
    <time>2026-08-23T07:35:54.610Z</time>
    <extensions>
        <provider>whs</provider>
    </extensions>
</trkpt>
<trkpt lat="42.42409786240523" lon="77.2760154192525">
    <time>2026-08-23T07:36:02.677Z</time>
    <extensions>
        <provider>whs</provider>
    </extensions>
</trkpt>
<trkpt lat="42.42409036240524" lon="77.2759923192525">
    <time>2026-08-23T07:36:06.716Z</time>
    <extensions>
        <provider>whs</provider>
    </extensions>
</trkpt>
<trkpt lat="42.424074862405234" lon="77.27597751925249">
    <time>2026-08-23T07:36:10.750Z</time>
    <extensions>
        <provider>whs</provider>
    </extensions>
</trkpt>
<trkpt lat="42.424091962405235" lon="77.27599311925249">
    <time>2026-08-23T07:36:23.879Z</time>
    <extensions>
        <provider>whs</provider>
    </extensions>
</trkpt>
<trkpt lat="42.424109462405234" lon="77.2760092192525">
    <time>2026-08-23T07:36:26.905Z</time>
    <extensions>
        <provider>whs</provider>
    </extensions>
</trkpt>
<trkpt lat="42.424076762405235" lon="77.27600891925249">
    <time>2026-08-23T07:36:48.091Z</time>
    <extensions>
        <provider>whs</provider>
    </extensions>
</trkpt>
<trkpt lat="42.42404366240523" lon="77.2760075192525">
    <time>2026-08-23T07:36:49.101Z</time>
    <extensions>
        <provider>whs</provider>
    </extensions>
</trkpt>
<trkpt lat="42.42400846240523" lon="77.2760121192525">
    <time>2026-08-23T07:36:50.111Z</time>
    <extensions>
        <provider>whs</provider>
    </extensions>
</trkpt>
<trkpt lat="42.42398286240523" lon="77.27599741925249">
    <time>2026-08-23T07:36:51.119Z</time>
    <extensions>
        <provider>whs</provider>
    </extensions>
</trkpt>
<trkpt lat="42.423994562405234" lon="77.2760169192525">
    <time>2026-08-23T07:36:55.152Z</time>
    <extensions>
        <provider>whs</provider>
    </extensions>
</trkpt>
<trkpt lat="42.42401066240524" lon="77.2759995192525">
    <time>2026-08-23T07:37:03.227Z</time>
    <extensions>
        <provider>whs</provider>
    </extensions>
</trkpt>
<trkpt lat="42.42402966240523" lon="77.2759944192525">
    <time>2026-08-23T07:37:07.266Z</time>
    <extensions>
        <provider>whs</provider>
    </extensions>
</trkpt>
<trkpt lat="42.42404846240524" lon="77.27598951925249">
    <time>2026-08-23T07:37:10.295Z</time>
    <extensions>
        <provider>whs</provider>
    </extensions>
</trkpt>
<trkpt lat="42.424044462405234" lon="77.2759450192525">
    <time>2026-08-23T07:37:13.321Z</time>
    <extensions>
        <provider>whs</provider>
    </extensions>
</trkpt>
<trkpt lat="42.424028162405236" lon="77.2759302192525">
    <time>2026-08-23T07:37:14.331Z</time>
    <extensions>
        <provider>whs</provider>
    </extensions>
</trkpt>
<trkpt lat="42.42399796240524" lon="77.2756377192525">
    <time>2026-08-23T07:37:18.370Z</time>
    <extensions>
        <provider>whs</provider>
    </extensions>
</trkpt>
<trkpt lat="42.42396016240524" lon="77.2755683192525">
    <time>2026-08-23T07:37:19.380Z</time>
    <extensions>
        <provider>whs</provider>
    </extensions>
</trkpt>
<trkpt lat="42.423973862405234" lon="77.27548111925249">
    <time>2026-08-23T07:37:20.390Z</time>
    <extensions>
        <provider>whs</provider>
    </extensions>
</trkpt>
<trkpt lat="42.42403206240523" lon="77.27544111925249">
    <time>2026-08-23T07:37:21.399Z</time>
    <extensions>
        <provider>whs</provider>
    </extensions>
</trkpt>
<trkpt lat="42.42406256240523" lon="77.2753769192525">
    <time>2026-08-23T07:37:22.411Z</time>
    <extensions>
        <provider>whs</provider>
    </extensions>
</trkpt>
<trkpt lat="42.424070562405234" lon="77.27527451925249">
    <time>2026-08-23T07:37:23.420Z</time>
    <extensions>
        <provider>whs</provider>
    </extensions>
</trkpt>
<trkpt lat="42.42405276240523" lon="77.27523981925249">
    <time>2026-08-23T07:37:24.428Z</time>
    <extensions>
        <provider>whs</provider>
    </extensions>
</trkpt>
<trkpt lat="42.42400646240524" lon="77.2752040192525">
    <time>2026-08-23T07:37:25.438Z</time>
    <extensions>
        <provider>whs</provider>
    </extensions>
</trkpt>
<trkpt lat="42.423882162405235" lon="77.2751379192525">
    <time>2026-08-23T07:37:26.447Z</time>
    <extensions>
        <provider>whs</provider>
    </extensions>
</trkpt>
<trkpt lat="42.423715562405235" lon="77.27504711925249">
    <time>2026-08-23T07:37:27.456Z</time>
    <extensions>
        <provider>whs</provider>
    </extensions>
</trkpt>
<trkpt lat="42.42350176240524" lon="77.27490351925249">
    <time>2026-08-23T07:37:28.462Z</time>
    <extensions>
        <provider>whs</provider>
    </extensions>
</trkpt>
<trkpt lat="42.42336886240523" lon="77.27483191925249">
    <time>2026-08-23T07:37:29.471Z</time>
    <extensions>
        <provider>whs</provider>
    </extensions>
</trkpt>
<trkpt lat="42.42385876240524" lon="77.2753854192525">
    <time>2026-08-23T07:37:30.481Z</time>
    <extensions>
        <provider>whs</provider>
    </extensions>
</trkpt>
<trkpt lat="42.423984262405234" lon="77.2756213192525">
    <time>2026-08-23T07:37:31.492Z</time>
    <extensions>
        <provider>whs</provider>
    </extensions>
</trkpt>
<trkpt lat="42.42408916240524" lon="77.27571641925249">
    <time>2026-08-23T07:37:32.500Z</time>
    <extensions>
        <provider>whs</provider>
    </extensions>
</trkpt>
<trkpt lat="42.42412206240523" lon="77.2757993192525">
    <time>2026-08-23T07:37:33.509Z</time>
    <extensions>
        <provider>whs</provider>
    </extensions>
</trkpt>
<trkpt lat="42.42415006240523" lon="77.27582791925249">
    <time>2026-08-23T07:37:34.518Z</time>
    <extensions>
        <provider>whs</provider>
    </extensions>
</trkpt>
<trkpt lat="42.424125462405236" lon="77.2758531192525">
    <time>2026-08-23T07:37:38.551Z</time>
    <extensions>
        <provider>whs</provider>
    </extensions>
</trkpt>
<trkpt lat="42.424128962405234" lon="77.2758793192525">
    <time>2026-08-23T07:37:49.652Z</time>
    <extensions>
        <provider>whs</provider>
    </extensions>
</trkpt>
<trkpt lat="42.424109462405234" lon="77.2758795192525">
    <time>2026-08-23T07:37:53.687Z</time>
    <extensions>
        <provider>whs</provider>
    </extensions>
</trkpt>
<trkpt lat="42.424133362405236" lon="77.2758811192525">
    <time>2026-08-23T07:37:56.713Z</time>
    <extensions>
        <provider>whs</provider>
    </extensions>
</trkpt>
<trkpt lat="42.42411286240524" lon="77.27588851925249">
    <time>2026-08-23T07:38:07.812Z</time>
    <extensions>
        <provider>whs</provider>
    </extensions>
</trkpt>
<trkpt lat="42.42409706240524" lon="77.2759073192525">
    <time>2026-08-23T07:38:10.839Z</time>
    <extensions>
        <provider>whs</provider>
    </extensions>
</trkpt>
<trkpt lat="42.42410996240523" lon="77.2758878192525">
    <time>2026-08-23T07:38:20.922Z</time>
    <extensions>
        <provider>whs</provider>
    </extensions>
</trkpt>
<trkpt lat="42.42409116240523" lon="77.27588251925249">
    <time>2026-08-23T07:38:24.959Z</time>
    <extensions>
        <provider>whs</provider>
    </extensions>
</trkpt>
<trkpt lat="42.424105362405236" lon="77.27591531925249">
    <time>2026-08-23T07:38:31.010Z</time>
    <extensions>
        <provider>whs</provider>
    </extensions>
</trkpt>
<trkpt lat="42.42412756240523" lon="77.2759151192525">
    <time>2026-08-23T07:38:33.028Z</time>
    <extensions>
        <provider>whs</provider>
    </extensions>
</trkpt>
<trkpt lat="42.424089562405236" lon="77.2759491192525">
    <time>2026-08-23T07:38:38.062Z</time>
    <extensions>
        <provider>whs</provider>
    </extensions>
</trkpt>
<trkpt lat="42.424048662405234" lon="77.2759644192525">
    <time>2026-08-23T07:38:39.063Z</time>
    <extensions>
        <provider>whs</provider>
    </extensions>
</trkpt>
<trkpt lat="42.42400576240524" lon="77.2760023192525">
    <time>2026-08-23T07:38:40.070Z</time>
    <extensions>
        <provider>whs</provider>
    </extensions>
</trkpt>
<trkpt lat="42.42398416240523" lon="77.2760386192525">
    <time>2026-08-23T07:38:41.080Z</time>
    <extensions>
        <provider>whs</provider>
    </extensions>
</trkpt>
<trkpt lat="42.42395846240524" lon="77.2760623192525">
    <time>2026-08-23T07:38:42.089Z</time>
    <extensions>
        <provider>whs</provider>
    </extensions>
</trkpt>
<trkpt lat="42.42393706240524" lon="77.2760817192525">
    <time>2026-08-23T07:38:43.097Z</time>
    <extensions>
        <provider>whs</provider>
    </extensions>
</trkpt>
<trkpt lat="42.42391466240524" lon="77.2760844192525">
    <time>2026-08-23T07:38:44.109Z</time>
    <extensions>
        <provider>whs</provider>
    </extensions>
</trkpt>
<trkpt lat="42.42389756240524" lon="77.2760738192525">
    <time>2026-08-23T07:38:45.117Z</time>
    <extensions>
        <provider>whs</provider>
    </extensions>
</trkpt>
<trkpt lat="42.42391576240524" lon="77.2760791192525">
    <time>2026-08-23T07:38:48.142Z</time>
    <extensions>
        <provider>whs</provider>
    </extensions>
</trkpt>
<trkpt lat="42.42391846240523" lon="77.2761036192525">
    <time>2026-08-23T07:38:53.190Z</time>
    <extensions>
        <provider>whs</provider>
    </extensions>
</trkpt>
<trkpt lat="42.423943662405236" lon="77.2761139192525">
    <time>2026-08-23T07:38:56.220Z</time>
    <extensions>
        <provider>whs</provider>
    </extensions>
</trkpt>
<trkpt lat="42.42396156240523" lon="77.2761272192525">
    <time>2026-08-23T07:38:58.239Z</time>
    <extensions>
        <provider>whs</provider>
    </extensions>
</trkpt>
<trkpt lat="42.42398516240524" lon="77.2760915192525">
    <time>2026-08-23T07:39:09.338Z</time>
    <extensions>
        <provider>whs</provider>
    </extensions>
</trkpt>
<trkpt lat="42.424003862405236" lon="77.2761136192525">
    <time>2026-08-23T07:39:13.371Z</time>
    <extensions>
        <provider>whs</provider>
    </extensions>
</trkpt>
<trkpt lat="42.42403686240524" lon="77.2761168192525">
    <time>2026-08-23T07:39:21.422Z</time>
    <extensions>
        <provider>whs</provider>
    </extensions>
</trkpt>
<trkpt lat="42.42405316240524" lon="77.27609721925249">
    <time>2026-08-23T07:39:24.434Z</time>
    <extensions>
        <provider>whs</provider>
    </extensions>
</trkpt>
<trkpt lat="42.42403016240524" lon="77.2760973192525">
    <time>2026-08-23T07:39:28.470Z</time>
    <extensions>
        <provider>whs</provider>
    </extensions>
</trkpt>
<trkpt lat="42.42400346240524" lon="77.2761035192525">
    <time>2026-08-23T07:39:30.489Z</time>
    <extensions>
        <provider>whs</provider>
    </extensions>
</trkpt>
<trkpt lat="42.424122962405235" lon="77.2759698192525">
    <time>2026-08-23T07:39:45.620Z</time>
    <extensions>
        <provider>whs</provider>
    </extensions>
</trkpt>
<trkpt lat="42.42410616240524" lon="77.2760136192525">
    <time>2026-08-23T07:39:47.638Z</time>
    <extensions>
        <provider>whs</provider>
    </extensions>
</trkpt>
<trkpt lat="42.42410316240524" lon="77.2759868192525">
    <time>2026-08-23T07:39:51.678Z</time>
    <extensions>
        <provider>whs</provider>
    </extensions>
</trkpt>
<trkpt lat="42.42408736240524" lon="77.2760001192525">
    <time>2026-08-23T07:40:06.821Z</time>
    <extensions>
        <provider>whs</provider>
    </extensions>
</trkpt>
<trkpt lat="42.42405316240524" lon="77.2760208192525">
    <time>2026-08-23T07:40:14.897Z</time>
    <extensions>
        <provider>whs</provider>
    </extensions>
</trkpt>
<trkpt lat="42.42398826240524" lon="77.2760557192525">
    <time>2026-08-23T07:40:15.907Z</time>
    <extensions>
        <provider>whs</provider>
    </extensions>
</trkpt>
<trkpt lat="42.42395926240523" lon="77.2760717192525">
    <time>2026-08-23T07:40:16.920Z</time>
    <extensions>
        <provider>whs</provider>
    </extensions>
</trkpt>
<trkpt lat="42.42392446240523" lon="77.2760842192525">
    <time>2026-08-23T07:40:17.928Z</time>
    <extensions>
        <provider>whs</provider>
    </extensions>
</trkpt>
<trkpt lat="42.423888262405235" lon="77.2761026192525">
    <time>2026-08-23T07:40:18.937Z</time>
    <extensions>
        <provider>whs</provider>
    </extensions>
</trkpt>
<trkpt lat="42.42385496240524" lon="77.2761301192525">
    <time>2026-08-23T07:40:19.944Z</time>
    <extensions>
        <provider>whs</provider>
    </extensions>
</trkpt>
<trkpt lat="42.42382456240524" lon="77.27615731925249">
    <time>2026-08-23T07:40:20.952Z</time>
    <extensions>
        <provider>whs</provider>
    </extensions>
</trkpt>
<trkpt lat="42.42379666240524" lon="77.2761955192525">
    <time>2026-08-23T07:40:21.962Z</time>
    <extensions>
        <provider>whs</provider>
    </extensions>
</trkpt>
<trkpt lat="42.423767762405234" lon="77.2762234192525">
    <time>2026-08-23T07:40:22.971Z</time>
    <extensions>
        <provider>whs</provider>
    </extensions>
</trkpt>
<trkpt lat="42.42372326240523" lon="77.2762544192525">
    <time>2026-08-23T07:40:23.978Z</time>
    <extensions>
        <provider>whs</provider>
    </extensions>
</trkpt>
<trkpt lat="42.423695462405234" lon="77.2762745192525">
    <time>2026-08-23T07:40:24.985Z</time>
    <extensions>
        <provider>whs</provider>
    </extensions>
</trkpt>
<trkpt lat="42.42366176240524" lon="77.2763044192525">
    <time>2026-08-23T07:40:25.994Z</time>
    <extensions>
        <provider>whs</provider>
    </extensions>
</trkpt>
<trkpt lat="42.42363316240524" lon="77.27634231925249">
    <time>2026-08-23T07:40:27.002Z</time>
    <extensions>
        <provider>whs</provider>
    </extensions>
</trkpt>
<trkpt lat="42.42360506240524" lon="77.2763814192525">
    <time>2026-08-23T07:40:28.012Z</time>
    <extensions>
        <provider>whs</provider>
    </extensions>
</trkpt>
<trkpt lat="42.42358816240524" lon="77.27641991925249">
    <time>2026-08-23T07:40:29.022Z</time>
    <extensions>
        <provider>whs</provider>
    </extensions>
</trkpt>
<trkpt lat="42.42357796240523" lon="77.2764683192525">
    <time>2026-08-23T07:40:30.030Z</time>
    <extensions>
        <provider>whs</provider>
    </extensions>
</trkpt>
<trkpt lat="42.42358576240524" lon="77.2765261192525">
    <time>2026-08-23T07:40:31.039Z</time>
    <extensions>
        <provider>whs</provider>
    </extensions>
</trkpt>
<trkpt lat="42.423602562405236" lon="77.27656901925249">
    <time>2026-08-23T07:40:32.047Z</time>
    <extensions>
        <provider>whs</provider>
    </extensions>
</trkpt>
<trkpt lat="42.423622662405236" lon="77.2766094192525">
    <time>2026-08-23T07:40:33.055Z</time>
    <extensions>
        <provider>whs</provider>
    </extensions>
</trkpt>
<trkpt lat="42.42366436240523" lon="77.2766450192525">
    <time>2026-08-23T07:40:34.063Z</time>
    <extensions>
        <provider>whs</provider>
    </extensions>
</trkpt>
<trkpt lat="42.423704662405235" lon="77.2766587192525">
    <time>2026-08-23T07:40:35.073Z</time>
    <extensions>
        <provider>whs</provider>
    </extensions>
</trkpt>
<trkpt lat="42.42374126240524" lon="77.27665661925249">
    <time>2026-08-23T07:40:36.082Z</time>
    <extensions>
        <provider>whs</provider>
    </extensions>
</trkpt>
<trkpt lat="42.42377726240524" lon="77.2766324192525">
    <time>2026-08-23T07:40:37.091Z</time>
    <extensions>
        <provider>whs</provider>
    </extensions>
</trkpt>
<trkpt lat="42.423818262405234" lon="77.27659631925249">
    <time>2026-08-23T07:40:38.100Z</time>
    <extensions>
        <provider>whs</provider>
    </extensions>
</trkpt>
<trkpt lat="42.42385076240524" lon="77.2765570192525">
    <time>2026-08-23T07:40:39.109Z</time>
    <extensions>
        <provider>whs</provider>
    </extensions>
</trkpt>
<trkpt lat="42.42387566240524" lon="77.2765090192525">
    <time>2026-08-23T07:40:40.117Z</time>
    <extensions>
        <provider>whs</provider>
    </extensions>
</trkpt>
<trkpt lat="42.423890562405234" lon="77.2764473192525">
    <time>2026-08-23T07:40:41.124Z</time>
    <extensions>
        <provider>whs</provider>
    </extensions>
</trkpt>
<trkpt lat="42.42391296240523" lon="77.2763960192525">
    <time>2026-08-23T07:40:42.133Z</time>
    <extensions>
        <provider>whs</provider>
    </extensions>
</trkpt>
<trkpt lat="42.42392556240524" lon="77.2763446192525">
    <time>2026-08-23T07:40:43.142Z</time>
    <extensions>
        <provider>whs</provider>
    </extensions>
</trkpt>
<trkpt lat="42.423930262405236" lon="77.2762988192525">
    <time>2026-08-23T07:40:44.150Z</time>
    <extensions>
        <provider>whs</provider>
    </extensions>
</trkpt>
<trkpt lat="42.42393176240523" lon="77.2762439192525">
    <time>2026-08-23T07:40:45.159Z</time>
    <extensions>
        <provider>whs</provider>
    </extensions>
</trkpt>
<trkpt lat="42.423940562405235" lon="77.2761823192525">
    <time>2026-08-23T07:40:46.168Z</time>
    <extensions>
        <provider>whs</provider>
    </extensions>
</trkpt>
<trkpt lat="42.423954562405235" lon="77.2761316192525">
    <time>2026-08-23T07:40:47.175Z</time>
    <extensions>
        <provider>whs</provider>
    </extensions>
</trkpt>
<trkpt lat="42.423964762405234" lon="77.27606781925249">
    <time>2026-08-23T07:40:48.184Z</time>
    <extensions>
        <provider>whs</provider>
    </extensions>
</trkpt>
<trkpt lat="42.42398046240523" lon="77.2760008192525">
    <time>2026-08-23T07:40:49.192Z</time>
    <extensions>
        <provider>whs</provider>
    </extensions>
</trkpt>
<trkpt lat="42.42397916240523" lon="77.2759463192525">
    <time>2026-08-23T07:40:50.201Z</time>
    <extensions>
        <provider>whs</provider>
    </extensions>
</trkpt>
<trkpt lat="42.42397616240523" lon="77.2758869192525">
    <time>2026-08-23T07:40:51.213Z</time>
    <extensions>
        <provider>whs</provider>
    </extensions>
</trkpt>
<trkpt lat="42.42395776240524" lon="77.27583871925249">
    <time>2026-08-23T07:40:52.224Z</time>
    <extensions>
        <provider>whs</provider>
    </extensions>
</trkpt>
<trkpt lat="42.423932562405234" lon="77.27579971925249">
    <time>2026-08-23T07:40:53.233Z</time>
    <extensions>
        <provider>whs</provider>
    </extensions>
</trkpt>
<trkpt lat="42.42387686240524" lon="77.2757169192525">
    <time>2026-08-23T07:40:54.242Z</time>
    <extensions>
        <provider>whs</provider>
    </extensions>
</trkpt>
<trkpt lat="42.42383796240524" lon="77.2756986192525">
    <time>2026-08-23T07:40:55.252Z</time>
    <extensions>
        <provider>whs</provider>
    </extensions>
</trkpt>
<trkpt lat="42.423800162405236" lon="77.27571041925249">
    <time>2026-08-23T07:40:56.260Z</time>
    <extensions>
        <provider>whs</provider>
    </extensions>
</trkpt>
<trkpt lat="42.42375426240523" lon="77.27574131925249">
    <time>2026-08-23T07:40:57.269Z</time>
    <extensions>
        <provider>whs</provider>
    </extensions>
</trkpt>
<trkpt lat="42.423719162405234" lon="77.2757641192525">
    <time>2026-08-23T07:40:58.273Z</time>
    <extensions>
        <provider>whs</provider>
    </extensions>
</trkpt>
<trkpt lat="42.42368616240523" lon="77.27581451925249">
    <time>2026-08-23T07:40:59.282Z</time>
    <extensions>
        <provider>whs</provider>
    </extensions>
</trkpt>
<trkpt lat="42.42367016240524" lon="77.2758547192525">
    <time>2026-08-23T07:41:00.292Z</time>
    <extensions>
        <provider>whs</provider>
    </extensions>
</trkpt>
<trkpt lat="42.423660962405236" lon="77.2759107192525">
    <time>2026-08-23T07:41:01.301Z</time>
    <extensions>
        <provider>whs</provider>
    </extensions>
</trkpt>
<trkpt lat="42.42366496240523" lon="77.27597491925249">
    <time>2026-08-23T07:41:02.313Z</time>
    <extensions>
        <provider>whs</provider>
    </extensions>
</trkpt>
<trkpt lat="42.423668662405234" lon="77.27603451925249">
    <time>2026-08-23T07:41:03.322Z</time>
    <extensions>
        <provider>whs</provider>
    </extensions>
</trkpt>
<trkpt lat="42.42367626240524" lon="77.2760872192525">
    <time>2026-08-23T07:41:04.331Z</time>
    <extensions>
        <provider>whs</provider>
    </extensions>
</trkpt>
<trkpt lat="42.42368746240523" lon="77.2761456192525">
    <time>2026-08-23T07:41:05.339Z</time>
    <extensions>
        <provider>whs</provider>
    </extensions>
</trkpt>
<trkpt lat="42.423705162405234" lon="77.2762080192525">
    <time>2026-08-23T07:41:06.349Z</time>
    <extensions>
        <provider>whs</provider>
    </extensions>
</trkpt>
<trkpt lat="42.423710162405236" lon="77.2762639192525">
    <time>2026-08-23T07:41:07.358Z</time>
    <extensions>
        <provider>whs</provider>
    </extensions>
</trkpt>
<trkpt lat="42.423714362405235" lon="77.2763041192525">
    <time>2026-08-23T07:41:08.368Z</time>
    <extensions>
        <provider>whs</provider>
    </extensions>
</trkpt>
<trkpt lat="42.42373156240524" lon="77.2763442192525">
    <time>2026-08-23T07:41:09.374Z</time>
    <extensions>
        <provider>whs</provider>
    </extensions>
</trkpt>
<trkpt lat="42.423753362405236" lon="77.2763774192525">
    <time>2026-08-23T07:41:10.382Z</time>
    <extensions>
        <provider>whs</provider>
    </extensions>
</trkpt>
<trkpt lat="42.423772662405234" lon="77.2764155192525">
    <time>2026-08-23T07:41:11.390Z</time>
    <extensions>
        <provider>whs</provider>
    </extensions>
</trkpt>
<trkpt lat="42.42380416240523" lon="77.2764399192525">
    <time>2026-08-23T07:41:12.399Z</time>
    <extensions>
        <provider>whs</provider>
    </extensions>
</trkpt>
<trkpt lat="42.423820162405235" lon="77.2764800192525">
    <time>2026-08-23T07:41:13.408Z</time>
    <extensions>
        <provider>whs</provider>
    </extensions>
</trkpt>
<trkpt lat="42.42384536240524" lon="77.2765177192525">
    <time>2026-08-23T07:41:14.418Z</time>
    <extensions>
        <provider>whs</provider>
    </extensions>
</trkpt>
<trkpt lat="42.42387636240524" lon="77.2765437192525">
    <time>2026-08-23T07:41:15.425Z</time>
    <extensions>
        <provider>whs</provider>
    </extensions>
</trkpt>
<trkpt lat="42.423910262405236" lon="77.2765662192525">
    <time>2026-08-23T07:41:16.436Z</time>
    <extensions>
        <provider>whs</provider>
    </extensions>
</trkpt>
<trkpt lat="42.42394386240524" lon="77.2765779192525">
    <time>2026-08-23T07:41:17.444Z</time>
    <extensions>
        <provider>whs</provider>
    </extensions>
</trkpt>
<trkpt lat="42.42397546240524" lon="77.2765772192525">
    <time>2026-08-23T07:41:18.453Z</time>
    <extensions>
        <provider>whs</provider>
    </extensions>
</trkpt>
<trkpt lat="42.424002062405236" lon="77.27654481925249">
    <time>2026-08-23T07:41:19.461Z</time>
    <extensions>
        <provider>whs</provider>
    </extensions>
</trkpt>
<trkpt lat="42.42403336240523" lon="77.2764789192525">
    <time>2026-08-23T07:41:20.469Z</time>
    <extensions>
        <provider>whs</provider>
    </extensions>
</trkpt>
<trkpt lat="42.424060362405235" lon="77.27643041925249">
    <time>2026-08-23T07:41:21.479Z</time>
    <extensions>
        <provider>whs</provider>
    </extensions>
</trkpt>
<trkpt lat="42.42407566240524" lon="77.2763686192525">
    <time>2026-08-23T07:41:22.479Z</time>
    <extensions>
        <provider>whs</provider>
    </extensions>
</trkpt>
<trkpt lat="42.42407756240524" lon="77.2763173192525">
    <time>2026-08-23T07:41:23.479Z</time>
    <extensions>
        <provider>whs</provider>
    </extensions>
</trkpt>
<trkpt lat="42.424069362405234" lon="77.2762551192525">
    <time>2026-08-23T07:41:24.479Z</time>
    <extensions>
        <provider>whs</provider>
    </extensions>
</trkpt>
<trkpt lat="42.42405826240523" lon="77.2762048192525">
    <time>2026-08-23T07:41:25.479Z</time>
    <extensions>
        <provider>whs</provider>
    </extensions>
</trkpt>
<trkpt lat="42.42405566240524" lon="77.2761600192525">
    <time>2026-08-23T07:41:26.488Z</time>
    <extensions>
        <provider>whs</provider>
    </extensions>
</trkpt>
<trkpt lat="42.424053662405235" lon="77.27611711925249">
    <time>2026-08-23T07:41:27.495Z</time>
    <extensions>
        <provider>whs</provider>
    </extensions>
</trkpt>
<trkpt lat="42.42405096240523" lon="77.2760584192525">
    <time>2026-08-23T07:41:28.504Z</time>
    <extensions>
        <provider>whs</provider>
    </extensions>
</trkpt>
<trkpt lat="42.42404836240524" lon="77.2760090192525">
    <time>2026-08-23T07:41:29.511Z</time>
    <extensions>
        <provider>whs</provider>
    </extensions>
</trkpt>
<trkpt lat="42.424053062405235" lon="77.2759537192525">
    <time>2026-08-23T07:41:30.520Z</time>
    <extensions>
        <provider>whs</provider>
    </extensions>
</trkpt>
<trkpt lat="42.42407266240524" lon="77.2759114192525">
    <time>2026-08-23T07:41:31.529Z</time>
    <extensions>
        <provider>whs</provider>
    </extensions>
</trkpt>
<trkpt lat="42.424093162405235" lon="77.27587271925249">
    <time>2026-08-23T07:41:32.538Z</time>
    <extensions>
        <provider>whs</provider>
    </extensions>
</trkpt>
<trkpt lat="42.42412006240524" lon="77.2758475192525">
    <time>2026-08-23T07:41:33.547Z</time>
    <extensions>
        <provider>whs</provider>
    </extensions>
</trkpt>
<trkpt lat="42.42413706240524" lon="77.2758361192525">
    <time>2026-08-23T07:41:34.555Z</time>
    <extensions>
        <provider>whs</provider>
    </extensions>
</trkpt>
<trkpt lat="42.42417006240524" lon="77.2758304192525">
    <time>2026-08-23T07:41:36.573Z</time>
    <extensions>
        <provider>whs</provider>
    </extensions>
</trkpt>
<trkpt lat="42.42415626240523" lon="77.2758499192525">
    <time>2026-08-23T07:41:40.612Z</time>
    <extensions>
        <provider>whs</provider>
    </extensions>
</trkpt>
<trkpt lat="42.42416886240524" lon="77.2758732192525">
    <time>2026-08-23T07:41:43.636Z</time>
    <extensions>
        <provider>whs</provider>
    </extensions>
</trkpt>
<trkpt lat="42.424164362405236" lon="77.27590551925249">
    <time>2026-08-23T07:41:48.671Z</time>
    <extensions>
        <provider>whs</provider>
    </extensions>
</trkpt>
<trkpt lat="42.424181962405235" lon="77.2759185192525">
    <time>2026-08-23T07:41:55.671Z</time>
    <extensions>
        <provider>whs</provider>
    </extensions>
</trkpt>
<trkpt lat="42.424191062405235" lon="77.2758833192525">
    <time>2026-08-23T07:41:59.670Z</time>
    <extensions>
        <provider>whs</provider>
    </extensions>
</trkpt>
<trkpt lat="42.424201362405235" lon="77.2759070192525">
    <time>2026-08-23T07:42:09.670Z</time>
    <extensions>
        <provider>whs</provider>
    </extensions>
</trkpt>
<trkpt lat="42.42419626240523" lon="77.27593131925249">
    <time>2026-08-23T07:42:12.670Z</time>
    <extensions>
        <provider>whs</provider>
    </extensions>
</trkpt>
<trkpt lat="42.42418526240524" lon="77.2759515192525">
    <time>2026-08-23T07:42:16.672Z</time>
    <extensions>
        <provider>whs</provider>
    </extensions>
</trkpt>
<trkpt lat="42.424170962405235" lon="77.2759710192525">
    <time>2026-08-23T07:42:20.673Z</time>
    <extensions>
        <provider>whs</provider>
    </extensions>
</trkpt>
<trkpt lat="42.42415296240524" lon="77.27599331925249">
    <time>2026-08-23T07:42:27.727Z</time>
    <extensions>
        <provider>whs</provider>
    </extensions>
</trkpt>
<trkpt lat="42.42416946240524" lon="77.2760335192525">
    <time>2026-08-23T07:42:37.819Z</time>
    <extensions>
        <provider>whs</provider>
    </extensions>
</trkpt>
<trkpt lat="42.42417506240523" lon="77.27600911925249">
    <time>2026-08-23T07:42:48.920Z</time>
    <extensions>
        <provider>whs</provider>
    </extensions>
</trkpt>
<trkpt lat="42.42415536240524" lon="77.2760423192525">
    <time>2026-08-23T07:43:16.159Z</time>
    <extensions>
        <provider>whs</provider>
    </extensions>
</trkpt>
<trkpt lat="42.42416106240523" lon="77.2760044192525">
    <time>2026-08-23T07:43:40.372Z</time>
    <extensions>
        <provider>whs</provider>
    </extensions>
</trkpt>
<trkpt lat="42.42414946240523" lon="77.2760260192525">
    <time>2026-08-23T07:43:43.402Z</time>
    <extensions>
        <provider>whs</provider>
    </extensions>
</trkpt>
<trkpt lat="42.42416416240523" lon="77.2760426192525">
    <time>2026-08-23T07:44:34.856Z</time>
    <extensions>
        <provider>whs</provider>
    </extensions>
</trkpt>
<trkpt lat="42.42417616240523" lon="77.27601941925249">
    <time>2026-08-23T07:44:36.874Z</time>
    <extensions>
        <provider>whs</provider>
    </extensions>
</trkpt>
<trkpt lat="42.42417936240523" lon="77.2759808192525">
    <time>2026-08-23T07:44:52.009Z</time>
    <extensions>
        <provider>whs</provider>
    </extensions>
</trkpt>
<trkpt lat="42.42419306240524" lon="77.2759976192525">
    <time>2026-08-23T07:44:59.070Z</time>
    <extensions>
        <provider>whs</provider>
    </extensions>
</trkpt>
<trkpt lat="42.42417606240524" lon="77.2759803192525">
    <time>2026-08-23T07:45:05.106Z</time>
    <extensions>
        <provider>whs</provider>
    </extensions>
</trkpt>
<trkpt lat="42.424161362405236" lon="77.2760054192525">
    <time>2026-08-23T07:45:08.133Z</time>
    <extensions>
        <provider>whs</provider>
    </extensions>
</trkpt>
<trkpt lat="42.42414156240523" lon="77.27600911925249">
    <time>2026-08-23T07:45:19.224Z</time>
    <extensions>
        <provider>whs</provider>
    </extensions>
</trkpt>
<trkpt lat="42.424124262405236" lon="77.2760334192525">
    <time>2026-08-23T07:45:27.286Z</time>
    <extensions>
        <provider>whs</provider>
    </extensions>
</trkpt>
<trkpt lat="42.424117562405236" lon="77.2759999192525">
    <time>2026-08-23T07:45:34.354Z</time>
    <extensions>
        <provider>whs</provider>
    </extensions>
</trkpt>
<trkpt lat="42.424104062405235" lon="77.2759774192525">
    <time>2026-08-23T07:45:43.436Z</time>
    <extensions>
        <provider>whs</provider>
    </extensions>
</trkpt>
<trkpt lat="42.42411646240524" lon="77.2759999192525">
    <time>2026-08-23T07:45:56.557Z</time>
    <extensions>
        <provider>whs</provider>
    </extensions>
</trkpt>
<trkpt lat="42.424100962405234" lon="77.2760323192525">
    <time>2026-08-23T07:46:12.697Z</time>
    <extensions>
        <provider>whs</provider>
    </extensions>
</trkpt>
<trkpt lat="42.42411946240524" lon="77.2760556192525">
    <time>2026-08-23T07:46:14.715Z</time>
    <extensions>
        <provider>whs</provider>
    </extensions>
</trkpt>
<trkpt lat="42.424107062405234" lon="77.27603161925249">
    <time>2026-08-23T07:46:17.743Z</time>
    <extensions>
        <provider>whs</provider>
    </extensions>
</trkpt>
<trkpt lat="42.424089562405236" lon="77.2760216192525">
    <time>2026-08-23T07:46:19.757Z</time>
    <extensions>
        <provider>whs</provider>
    </extensions>
</trkpt>
<trkpt lat="42.424102762405234" lon="77.2760025192525">
    <time>2026-08-23T07:46:26.823Z</time>
    <extensions>
        <provider>whs</provider>
    </extensions>
</trkpt>
<trkpt lat="42.424073762405236" lon="77.2760112192525">
    <time>2026-08-23T07:46:34.898Z</time>
    <extensions>
        <provider>whs</provider>
    </extensions>
</trkpt>
<trkpt lat="42.42404726240523" lon="77.2760148192525">
    <time>2026-08-23T07:46:35.909Z</time>
    <extensions>
        <provider>whs</provider>
    </extensions>
</trkpt>
<trkpt lat="42.424014162405236" lon="77.2760152192525">
    <time>2026-08-23T07:46:36.916Z</time>
    <extensions>
        <provider>whs</provider>
    </extensions>
</trkpt>
<trkpt lat="42.42399606240524" lon="77.2760075192525">
    <time>2026-08-23T07:46:37.929Z</time>
    <extensions>
        <provider>whs</provider>
    </extensions>
</trkpt>
<trkpt lat="42.424020262405236" lon="77.2760076192525">
    <time>2026-08-23T07:46:42.977Z</time>
    <extensions>
        <provider>whs</provider>
    </extensions>
</trkpt>
<trkpt lat="42.424043362405236" lon="77.27599451925249">
    <time>2026-08-23T07:46:46.005Z</time>
    <extensions>
        <provider>whs</provider>
    </extensions>
</trkpt>
<trkpt lat="42.42407536240523" lon="77.27601941925249">
    <time>2026-08-23T07:46:52.070Z</time>
    <extensions>
        <provider>whs</provider>
    </extensions>
</trkpt>
<trkpt lat="42.42408816240523" lon="77.2759994192525">
    <time>2026-08-23T07:46:53.078Z</time>
    <extensions>
        <provider>whs</provider>
    </extensions>
</trkpt>
<trkpt lat="42.42411046240524" lon="77.2759635192525">
    <time>2026-08-23T07:46:55.095Z</time>
    <extensions>
        <provider>whs</provider>
    </extensions>
</trkpt>
<trkpt lat="42.424112562405234" lon="77.2759934192525">
    <time>2026-08-23T07:47:02.166Z</time>
    <extensions>
        <provider>whs</provider>
    </extensions>
</trkpt>
<trkpt lat="42.42411046240524" lon="77.2760200192525">
    <time>2026-08-23T07:47:04.183Z</time>
    <extensions>
        <provider>whs</provider>
    </extensions>
</trkpt>
<trkpt lat="42.42408746240523" lon="77.27603451925249">
    <time>2026-08-23T07:47:07.207Z</time>
    <extensions>
        <provider>whs</provider>
    </extensions>
</trkpt>
<trkpt lat="42.42406796240523" lon="77.2760403192525">
    <time>2026-08-23T07:47:12.248Z</time>
    <extensions>
        <provider>whs</provider>
    </extensions>
</trkpt>
<trkpt lat="42.42408666240524" lon="77.2760260192525">
    <time>2026-08-23T07:47:14.265Z</time>
    <extensions>
        <provider>whs</provider>
    </extensions>
</trkpt>
<trkpt lat="42.42410256240524" lon="77.2760544192525">
    <time>2026-08-23T07:47:19.307Z</time>
    <extensions>
        <provider>whs</provider>
    </extensions>
</trkpt>
<trkpt lat="42.42408196240523" lon="77.2760576192525">
    <time>2026-08-23T07:47:26.371Z</time>
    <extensions>
        <provider>whs</provider>
    </extensions>
</trkpt>
<trkpt lat="42.42409166240523" lon="77.2760148192525">
    <time>2026-08-23T07:47:30.405Z</time>
    <extensions>
        <provider>whs</provider>
    </extensions>
</trkpt>
<trkpt lat="42.42410816240523" lon="77.2759991192525">
    <time>2026-08-23T07:47:37.466Z</time>
    <extensions>
        <provider>whs</provider>
    </extensions>
</trkpt>
<trkpt lat="42.42409406240524" lon="77.2760282192525">
    <time>2026-08-23T07:47:42.496Z</time>
    <extensions>
        <provider>whs</provider>
    </extensions>
</trkpt>
<trkpt lat="42.424110162405235" lon="77.2760138192525">
    <time>2026-08-23T07:47:44.516Z</time>
    <extensions>
        <provider>whs</provider>
    </extensions>
</trkpt>
<trkpt lat="42.42409356240523" lon="77.2759973192525">
    <time>2026-08-23T07:47:48.554Z</time>
    <extensions>
        <provider>whs</provider>
    </extensions>
</trkpt>
<trkpt lat="42.42408926240523" lon="77.2760283192525">
    <time>2026-08-23T07:48:03.693Z</time>
    <extensions>
        <provider>whs</provider>
    </extensions>
</trkpt>
<trkpt lat="42.424099262405235" lon="77.27600771925249">
    <time>2026-08-23T07:48:09.746Z</time>
    <extensions>
        <provider>whs</provider>
    </extensions>
</trkpt>
<trkpt lat="42.42411106240524" lon="77.2759803192525">
    <time>2026-08-23T07:48:25.853Z</time>
    <extensions>
        <provider>whs</provider>
    </extensions>
</trkpt>
<trkpt lat="42.424070662405235" lon="77.2759870192525">
    <time>2026-08-23T07:48:40.987Z</time>
    <extensions>
        <provider>whs</provider>
    </extensions>
</trkpt>
<trkpt lat="42.424028762405236" lon="77.2759932192525">
    <time>2026-08-23T07:48:41.994Z</time>
    <extensions>
        <provider>whs</provider>
    </extensions>
</trkpt>
<trkpt lat="42.423989062405234" lon="77.2759953192525">
    <time>2026-08-23T07:48:43.003Z</time>
    <extensions>
        <provider>whs</provider>
    </extensions>
</trkpt>
<trkpt lat="42.42394866240524" lon="77.2759818192525">
    <time>2026-08-23T07:48:44.012Z</time>
    <extensions>
        <provider>whs</provider>
    </extensions>
</trkpt>
<trkpt lat="42.42391576240524" lon="77.2759618192525">
    <time>2026-08-23T07:48:45.021Z</time>
    <extensions>
        <provider>whs</provider>
    </extensions>
</trkpt>
<trkpt lat="42.42387396240524" lon="77.2759535192525">
    <time>2026-08-23T07:48:46.032Z</time>
    <extensions>
        <provider>whs</provider>
    </extensions>
</trkpt>
<trkpt lat="42.423828662405235" lon="77.2759526192525">
    <time>2026-08-23T07:48:47.042Z</time>
    <extensions>
        <provider>whs</provider>
    </extensions>
</trkpt>
<trkpt lat="42.423792762405235" lon="77.2759623192525">
    <time>2026-08-23T07:48:48.052Z</time>
    <extensions>
        <provider>whs</provider>
    </extensions>
</trkpt>
<trkpt lat="42.423747162405235" lon="77.2759666192525">
    <time>2026-08-23T07:48:49.061Z</time>
    <extensions>
        <provider>whs</provider>
    </extensions>
</trkpt>
<trkpt lat="42.423713062405234" lon="77.2759520192525">
    <time>2026-08-23T07:48:50.069Z</time>
    <extensions>
        <provider>whs</provider>
    </extensions>
</trkpt>
<trkpt lat="42.42367166240523" lon="77.2759521192525">
    <time>2026-08-23T07:48:51.078Z</time>
    <extensions>
        <provider>whs</provider>
    </extensions>
</trkpt>
<trkpt lat="42.423627962405234" lon="77.2759515192525">
    <time>2026-08-23T07:48:52.087Z</time>
    <extensions>
        <provider>whs</provider>
    </extensions>
</trkpt>
<trkpt lat="42.42358746240524" lon="77.27595861925249">
    <time>2026-08-23T07:48:53.098Z</time>
    <extensions>
        <provider>whs</provider>
    </extensions>
</trkpt>
<trkpt lat="42.423540962405234" lon="77.2759594192525">
    <time>2026-08-23T07:48:54.111Z</time>
    <extensions>
        <provider>whs</provider>
    </extensions>
</trkpt>
<trkpt lat="42.42350556240523" lon="77.2759583192525">
    <time>2026-08-23T07:48:55.118Z</time>
    <extensions>
        <provider>whs</provider>
    </extensions>
</trkpt>
<trkpt lat="42.42345796240524" lon="77.27595241925249">
    <time>2026-08-23T07:48:56.127Z</time>
    <extensions>
        <provider>whs</provider>
    </extensions>
</trkpt>
<trkpt lat="42.42342336240524" lon="77.2759533192525">
    <time>2026-08-23T07:48:57.137Z</time>
    <extensions>
        <provider>whs</provider>
    </extensions>
</trkpt>
<trkpt lat="42.423375762405236" lon="77.27592681925249">
    <time>2026-08-23T07:48:58.147Z</time>
    <extensions>
        <provider>whs</provider>
    </extensions>
</trkpt>
<trkpt lat="42.423332462405234" lon="77.2758980192525">
    <time>2026-08-23T07:48:59.157Z</time>
    <extensions>
        <provider>whs</provider>
    </extensions>
</trkpt>
<trkpt lat="42.423299162405236" lon="77.2758657192525">
    <time>2026-08-23T07:49:00.166Z</time>
    <extensions>
        <provider>whs</provider>
    </extensions>
</trkpt>
<trkpt lat="42.42325996240523" lon="77.2758125192525">
    <time>2026-08-23T07:49:01.173Z</time>
    <extensions>
        <provider>whs</provider>
    </extensions>
</trkpt>
<trkpt lat="42.423241362405236" lon="77.27576041925249">
    <time>2026-08-23T07:49:02.182Z</time>
    <extensions>
        <provider>whs</provider>
    </extensions>
</trkpt>
<trkpt lat="42.42323566240523" lon="77.2756957192525">
    <time>2026-08-23T07:49:03.189Z</time>
    <extensions>
        <provider>whs</provider>
    </extensions>
</trkpt>
<trkpt lat="42.42323556240523" lon="77.2756201192525">
    <time>2026-08-23T07:49:04.198Z</time>
    <extensions>
        <provider>whs</provider>
    </extensions>
</trkpt>
<trkpt lat="42.42324116240523" lon="77.2755521192525">
    <time>2026-08-23T07:49:05.208Z</time>
    <extensions>
        <provider>whs</provider>
    </extensions>
</trkpt>
<trkpt lat="42.42326306240523" lon="77.2754902192525">
    <time>2026-08-23T07:49:06.218Z</time>
    <extensions>
        <provider>whs</provider>
    </extensions>
</trkpt>
<trkpt lat="42.423293062405236" lon="77.2754450192525">
    <time>2026-08-23T07:49:07.228Z</time>
    <extensions>
        <provider>whs</provider>
    </extensions>
</trkpt>
<trkpt lat="42.42332686240523" lon="77.27542391925249">
    <time>2026-08-23T07:49:08.237Z</time>
    <extensions>
        <provider>whs</provider>
    </extensions>
</trkpt>
<trkpt lat="42.42343006240524" lon="77.2754281192525">
    <time>2026-08-23T07:49:09.246Z</time>
    <extensions>
        <provider>whs</provider>
    </extensions>
</trkpt>
<trkpt lat="42.423473562405235" lon="77.2754584192525">
    <time>2026-08-23T07:49:10.254Z</time>
    <extensions>
        <provider>whs</provider>
    </extensions>
</trkpt>
<trkpt lat="42.42350486240524" lon="77.27550071925249">
    <time>2026-08-23T07:49:11.263Z</time>
    <extensions>
        <provider>whs</provider>
    </extensions>
</trkpt>
<trkpt lat="42.42353356240523" lon="77.27556321925249">
    <time>2026-08-23T07:49:12.273Z</time>
    <extensions>
        <provider>whs</provider>
    </extensions>
</trkpt>
<trkpt lat="42.423554462405235" lon="77.27562971925249">
    <time>2026-08-23T07:49:13.279Z</time>
    <extensions>
        <provider>whs</provider>
    </extensions>
</trkpt>
<trkpt lat="42.42356746240524" lon="77.2756808192525">
    <time>2026-08-23T07:49:14.288Z</time>
    <extensions>
        <provider>whs</provider>
    </extensions>
</trkpt>
<trkpt lat="42.423578262405236" lon="77.2757500192525">
    <time>2026-08-23T07:49:15.297Z</time>
    <extensions>
        <provider>whs</provider>
    </extensions>
</trkpt>
<trkpt lat="42.423609262405236" lon="77.2757921192525">
    <time>2026-08-23T07:49:16.306Z</time>
    <extensions>
        <provider>whs</provider>
    </extensions>
</trkpt>
<trkpt lat="42.423631162405236" lon="77.27582671925249">
    <time>2026-08-23T07:49:17.317Z</time>
    <extensions>
        <provider>whs</provider>
    </extensions>
</trkpt>
<trkpt lat="42.42364766240524" lon="77.2758694192525">
    <time>2026-08-23T07:49:18.325Z</time>
    <extensions>
        <provider>whs</provider>
    </extensions>
</trkpt>
<trkpt lat="42.42366416240524" lon="77.2759231192525">
    <time>2026-08-23T07:49:19.334Z</time>
    <extensions>
        <provider>whs</provider>
    </extensions>
</trkpt>
<trkpt lat="42.42368486240524" lon="77.2759805192525">
    <time>2026-08-23T07:49:20.343Z</time>
    <extensions>
        <provider>whs</provider>
    </extensions>
</trkpt>
<trkpt lat="42.42368606240524" lon="77.2760415192525">
    <time>2026-08-23T07:49:21.352Z</time>
    <extensions>
        <provider>whs</provider>
    </extensions>
</trkpt>
<trkpt lat="42.423693162405236" lon="77.2760930192525">
    <time>2026-08-23T07:49:22.359Z</time>
    <extensions>
        <provider>whs</provider>
    </extensions>
</trkpt>
<trkpt lat="42.42369476240523" lon="77.27613961925249">
    <time>2026-08-23T07:49:23.368Z</time>
    <extensions>
        <provider>whs</provider>
    </extensions>
</trkpt>
<trkpt lat="42.423706462405235" lon="77.2761876192525">
    <time>2026-08-23T07:49:24.376Z</time>
    <extensions>
        <provider>whs</provider>
    </extensions>
</trkpt>
<trkpt lat="42.423720962405234" lon="77.2762415192525">
    <time>2026-08-23T07:49:25.384Z</time>
    <extensions>
        <provider>whs</provider>
    </extensions>
</trkpt>
<trkpt lat="42.42373466240524" lon="77.2762888192525">
    <time>2026-08-23T07:49:26.392Z</time>
    <extensions>
        <provider>whs</provider>
    </extensions>
</trkpt>
<trkpt lat="42.42375356240524" lon="77.2763336192525">
    <time>2026-08-23T07:49:27.402Z</time>
    <extensions>
        <provider>whs</provider>
    </extensions>
</trkpt>
<trkpt lat="42.42376996240524" lon="77.2764022192525">
    <time>2026-08-23T07:49:28.409Z</time>
    <extensions>
        <provider>whs</provider>
    </extensions>
</trkpt>
<trkpt lat="42.42379266240523" lon="77.27644601925249">
    <time>2026-08-23T07:49:29.417Z</time>
    <extensions>
        <provider>whs</provider>
    </extensions>
</trkpt>
<trkpt lat="42.423819662405236" lon="77.2764769192525">
    <time>2026-08-23T07:49:30.427Z</time>
    <extensions>
        <provider>whs</provider>
    </extensions>
</trkpt>
<trkpt lat="42.42384586240524" lon="77.2765129192525">
    <time>2026-08-23T07:49:31.437Z</time>
    <extensions>
        <provider>whs</provider>
    </extensions>
</trkpt>
<trkpt lat="42.42386606240524" lon="77.2765397192525">
    <time>2026-08-23T07:49:32.446Z</time>
    <extensions>
        <provider>whs</provider>
    </extensions>
</trkpt>
<trkpt lat="42.423896762405235" lon="77.27655871925249">
    <time>2026-08-23T07:49:33.455Z</time>
    <extensions>
        <provider>whs</provider>
    </extensions>
</trkpt>
<trkpt lat="42.423928962405235" lon="77.2765644192525">
    <time>2026-08-23T07:49:34.465Z</time>
    <extensions>
        <provider>whs</provider>
    </extensions>
</trkpt>
<trkpt lat="42.423955862405236" lon="77.27655251925249">
    <time>2026-08-23T07:49:35.474Z</time>
    <extensions>
        <provider>whs</provider>
    </extensions>
</trkpt>
<trkpt lat="42.423988462405234" lon="77.2765354192525">
    <time>2026-08-23T07:49:36.484Z</time>
    <extensions>
        <provider>whs</provider>
    </extensions>
</trkpt>
<trkpt lat="42.42402116240523" lon="77.2765014192525">
    <time>2026-08-23T07:49:37.495Z</time>
    <extensions>
        <provider>whs</provider>
    </extensions>
</trkpt>
<trkpt lat="42.424054962405236" lon="77.27647111925249">
    <time>2026-08-23T07:49:38.504Z</time>
    <extensions>
        <provider>whs</provider>
    </extensions>
</trkpt>
<trkpt lat="42.42407216240524" lon="77.27643831925249">
    <time>2026-08-23T07:49:39.514Z</time>
    <extensions>
        <provider>whs</provider>
    </extensions>
</trkpt>
<trkpt lat="42.424094462405236" lon="77.2763999192525">
    <time>2026-08-23T07:49:40.522Z</time>
    <extensions>
        <provider>whs</provider>
    </extensions>
</trkpt>
<trkpt lat="42.42410496240524" lon="77.2763522192525">
    <time>2026-08-23T07:49:41.529Z</time>
    <extensions>
        <provider>whs</provider>
    </extensions>
</trkpt>
<trkpt lat="42.42411046240524" lon="77.27629971925249">
    <time>2026-08-23T07:49:42.538Z</time>
    <extensions>
        <provider>whs</provider>
    </extensions>
</trkpt>
<trkpt lat="42.424114962405234" lon="77.2762435192525">
    <time>2026-08-23T07:49:43.549Z</time>
    <extensions>
        <provider>whs</provider>
    </extensions>
</trkpt>
<trkpt lat="42.42410736240524" lon="77.27619871925249">
    <time>2026-08-23T07:49:44.558Z</time>
    <extensions>
        <provider>whs</provider>
    </extensions>
</trkpt>
<trkpt lat="42.424122462405236" lon="77.2761509192525">
    <time>2026-08-23T07:49:45.568Z</time>
    <extensions>
        <provider>whs</provider>
    </extensions>
</trkpt>
<trkpt lat="42.42413356240524" lon="77.27610701925249">
    <time>2026-08-23T07:49:46.577Z</time>
    <extensions>
        <provider>whs</provider>
    </extensions>
</trkpt>
<trkpt lat="42.424141162405235" lon="77.2760702192525">
    <time>2026-08-23T07:49:47.586Z</time>
    <extensions>
        <provider>whs</provider>
    </extensions>
</trkpt>
<trkpt lat="42.424155062405234" lon="77.27604241925249">
    <time>2026-08-23T07:49:48.595Z</time>
    <extensions>
        <provider>whs</provider>
    </extensions>
</trkpt>
<trkpt lat="42.424176462405235" lon="77.27601561925249">
    <time>2026-08-23T07:49:49.605Z</time>
    <extensions>
        <provider>whs</provider>
    </extensions>
</trkpt>
<trkpt lat="42.42417936240523" lon="77.27604121925249">
    <time>2026-08-23T07:49:52.636Z</time>
    <extensions>
        <provider>whs</provider>
    </extensions>
</trkpt>
<trkpt lat="42.42419736240524" lon="77.2760179192525">
    <time>2026-08-23T07:50:11.812Z</time>
    <extensions>
        <provider>whs</provider>
    </extensions>
</trkpt>
<trkpt lat="42.42419726240524" lon="77.2759911192525">
    <time>2026-08-23T07:50:13.829Z</time>
    <extensions>
        <provider>whs</provider>
    </extensions>
</trkpt>
<trkpt lat="42.42417316240523" lon="77.2759915192525">
    <time>2026-08-23T07:50:24.929Z</time>
    <extensions>
        <provider>whs</provider>
    </extensions>
</trkpt>
<trkpt lat="42.424183162405235" lon="77.27601321925249">
    <time>2026-08-23T07:50:27.961Z</time>
    <extensions>
        <provider>whs</provider>
    </extensions>
</trkpt>
<trkpt lat="42.424165562405236" lon="77.27600001925249">
    <time>2026-08-23T07:50:41.024Z</time>
    <extensions>
        <provider>whs</provider>
    </extensions>
</trkpt>
<trkpt lat="42.424166662405234" lon="77.2760262192525">
    <time>2026-08-23T07:50:45.023Z</time>
    <extensions>
        <provider>whs</provider>
    </extensions>
</trkpt>
<trkpt lat="42.42415846240524" lon="77.2760542192525">
    <time>2026-08-23T07:51:02.067Z</time>
    <extensions>
        <provider>whs</provider>
    </extensions>
</trkpt>
<trkpt lat="42.424137662405236" lon="77.2760477192525">
    <time>2026-08-23T07:51:10.139Z</time>
    <extensions>
        <provider>whs</provider>
    </extensions>
</trkpt>
<trkpt lat="42.42415736240523" lon="77.2759944192525">
    <time>2026-08-23T07:51:22.248Z</time>
    <extensions>
        <provider>whs</provider>
    </extensions>
</trkpt>
<trkpt lat="42.42413956240524" lon="77.27600701925249">
    <time>2026-08-23T07:51:24.266Z</time>
    <extensions>
        <provider>whs</provider>
    </extensions>
</trkpt>
<trkpt lat="42.42412266240523" lon="77.2760166192525">
    <time>2026-08-23T07:51:40.357Z</time>
    <extensions>
        <provider>whs</provider>
    </extensions>
</trkpt>
<trkpt lat="42.42414456240523" lon="77.2760090192525">
    <time>2026-08-23T07:51:45.357Z</time>
    <extensions>
        <provider>whs</provider>
    </extensions>
</trkpt>
<trkpt lat="42.42414086240524" lon="77.2759839192525">
    <time>2026-08-23T07:52:19.613Z</time>
    <extensions>
        <provider>whs</provider>
    </extensions>
</trkpt>
<trkpt lat="42.424162362405234" lon="77.27599071925249">
    <time>2026-08-23T07:52:30.713Z</time>
    <extensions>
        <provider>whs</provider>
    </extensions>
</trkpt>
<trkpt lat="42.42416476240523" lon="77.2760226192525">
    <time>2026-08-23T07:52:36.762Z</time>
    <extensions>
        <provider>whs</provider>
    </extensions>
</trkpt>
<trkpt lat="42.42416016240524" lon="77.2759905192525">
    <time>2026-08-23T07:52:57.956Z</time>
    <extensions>
        <provider>whs</provider>
    </extensions>
</trkpt>
<trkpt lat="42.424136262405234" lon="77.2759910192525">
    <time>2026-08-23T07:53:03.000Z</time>
    <extensions>
        <provider>whs</provider>
    </extensions>
</trkpt>
<trkpt lat="42.42413436240523" lon="77.2759590192525">
    <time>2026-08-23T07:53:12.080Z</time>
    <extensions>
        <provider>whs</provider>
    </extensions>
</trkpt>
<trkpt lat="42.42414896240523" lon="77.2759856192525">
    <time>2026-08-23T07:53:17.125Z</time>
    <extensions>
        <provider>whs</provider>
    </extensions>
</trkpt>
<trkpt lat="42.42413296240524" lon="77.2759657192525">
    <time>2026-08-23T07:53:29.228Z</time>
    <extensions>
        <provider>whs</provider>
    </extensions>
</trkpt>
<trkpt lat="42.424103462405235" lon="77.27598761925249">
    <time>2026-08-23T07:53:31.247Z</time>
    <extensions>
        <provider>whs</provider>
    </extensions>
</trkpt>
<trkpt lat="42.42406436240523" lon="77.2760014192525">
    <time>2026-08-23T07:53:35.281Z</time>
    <extensions>
        <provider>whs</provider>
    </extensions>
</trkpt>
<trkpt lat="42.42402346240524" lon="77.2760068192525">
    <time>2026-08-23T07:53:36.290Z</time>
    <extensions>
        <provider>whs</provider>
    </extensions>
</trkpt>
<trkpt lat="42.423992862405235" lon="77.27603811925249">
    <time>2026-08-23T07:53:37.300Z</time>
    <extensions>
        <provider>whs</provider>
    </extensions>
</trkpt>
<trkpt lat="42.423959462405236" lon="77.2760458192525">
    <time>2026-08-23T07:53:38.309Z</time>
    <extensions>
        <provider>whs</provider>
    </extensions>
</trkpt>
<trkpt lat="42.423931962405234" lon="77.27605341925249">
    <time>2026-08-23T07:53:39.319Z</time>
    <extensions>
        <provider>whs</provider>
    </extensions>
</trkpt>
<trkpt lat="42.423905262405235" lon="77.2760500192525">
    <time>2026-08-23T07:53:40.330Z</time>
    <extensions>
        <provider>whs</provider>
    </extensions>
</trkpt>
<trkpt lat="42.42388566240523" lon="77.2760330192525">
    <time>2026-08-23T07:53:41.339Z</time>
    <extensions>
        <provider>whs</provider>
    </extensions>
</trkpt>
<trkpt lat="42.42386666240524" lon="77.2760387192525">
    <time>2026-08-23T07:53:45.372Z</time>
    <extensions>
        <provider>whs</provider>
    </extensions>
</trkpt>
<trkpt lat="42.423891862405235" lon="77.2760730192525">
    <time>2026-08-23T07:53:48.397Z</time>
    <extensions>
        <provider>whs</provider>
    </extensions>
</trkpt>
<trkpt lat="42.42390436240524" lon="77.27610081925249">
    <time>2026-08-23T07:53:49.406Z</time>
    <extensions>
        <provider>whs</provider>
    </extensions>
</trkpt>
<trkpt lat="42.42391346240524" lon="77.2761447192525">
    <time>2026-08-23T07:53:50.410Z</time>
    <extensions>
        <provider>whs</provider>
    </extensions>
</trkpt>
<trkpt lat="42.423933862405235" lon="77.27618651925249">
    <time>2026-08-23T07:53:51.418Z</time>
    <extensions>
        <provider>whs</provider>
    </extensions>
</trkpt>
<trkpt lat="42.423986662405234" lon="77.27624971925249">
    <time>2026-08-23T07:53:52.427Z</time>
    <extensions>
        <provider>whs</provider>
    </extensions>
</trkpt>
<trkpt lat="42.42404526240524" lon="77.27630281925249">
    <time>2026-08-23T07:53:53.435Z</time>
    <extensions>
        <provider>whs</provider>
    </extensions>
</trkpt>
<trkpt lat="42.42409176240523" lon="77.2763532192525">
    <time>2026-08-23T07:53:54.444Z</time>
    <extensions>
        <provider>whs</provider>
    </extensions>
</trkpt>
<trkpt lat="42.424120562405236" lon="77.27641681925249">
    <time>2026-08-23T07:53:55.452Z</time>
    <extensions>
        <provider>whs</provider>
    </extensions>
</trkpt>
<trkpt lat="42.424133262405235" lon="77.2764504192525">
    <time>2026-08-23T07:53:56.460Z</time>
    <extensions>
        <provider>whs</provider>
    </extensions>
</trkpt>
<trkpt lat="42.42410366240524" lon="77.2764518192525">
    <time>2026-08-23T07:53:57.474Z</time>
    <extensions>
        <provider>whs</provider>
    </extensions>
</trkpt>
<trkpt lat="42.42410616240524" lon="77.2764786192525">
    <time>2026-08-23T07:54:00.501Z</time>
    <extensions>
        <provider>whs</provider>
    </extensions>
</trkpt>
<trkpt lat="42.424079062405234" lon="77.27645341925249">
    <time>2026-08-23T07:54:03.532Z</time>
    <extensions>
        <provider>whs</provider>
    </extensions>
</trkpt>
<trkpt lat="42.424062162405235" lon="77.2764154192525">
    <time>2026-08-23T07:54:06.560Z</time>
    <extensions>
        <provider>whs</provider>
    </extensions>
</trkpt>
<trkpt lat="42.424047562405235" lon="77.2763989192525">
    <time>2026-08-23T07:54:07.569Z</time>
    <extensions>
        <provider>whs</provider>
    </extensions>
</trkpt>
<trkpt lat="42.424066362405235" lon="77.2763582192525">
    <time>2026-08-23T07:54:11.605Z</time>
    <extensions>
        <provider>whs</provider>
    </extensions>
</trkpt>
<trkpt lat="42.42406136240523" lon="77.27625401925249">
    <time>2026-08-23T07:54:13.620Z</time>
    <extensions>
        <provider>whs</provider>
    </extensions>
</trkpt>
<trkpt lat="42.42405586240523" lon="77.2762137192525">
    <time>2026-08-23T07:54:14.630Z</time>
    <extensions>
        <provider>whs</provider>
    </extensions>
</trkpt>
<trkpt lat="42.42406776240524" lon="77.27617121925249">
    <time>2026-08-23T07:54:16.649Z</time>
    <extensions>
        <provider>whs</provider>
    </extensions>
</trkpt>
<trkpt lat="42.42407996240524" lon="77.2761259192525">
    <time>2026-08-23T07:54:18.669Z</time>
    <extensions>
        <provider>whs</provider>
    </extensions>
</trkpt>
<trkpt lat="42.42407086240524" lon="77.2761007192525">
    <time>2026-08-23T07:54:19.679Z</time>
    <extensions>
        <provider>whs</provider>
    </extensions>
</trkpt>
<trkpt lat="42.42407446240524" lon="77.2760624192525">
    <time>2026-08-23T07:54:25.736Z</time>
    <extensions>
        <provider>whs</provider>
    </extensions>
</trkpt>
<trkpt lat="42.42408296240524" lon="77.2760241192525">
    <time>2026-08-23T07:54:28.764Z</time>
    <extensions>
        <provider>whs</provider>
    </extensions>
</trkpt>
<trkpt lat="42.42411036240524" lon="77.2760289192525">
    <time>2026-08-23T07:54:33.806Z</time>
    <extensions>
        <provider>whs</provider>
    </extensions>
</trkpt>
<trkpt lat="42.42410016240523" lon="77.2760049192525">
    <time>2026-08-23T07:54:40.867Z</time>
    <extensions>
        <provider>whs</provider>
    </extensions>
</trkpt>
<trkpt lat="42.424120562405236" lon="77.27599381925249">
    <time>2026-08-23T07:54:44.903Z</time>
    <extensions>
        <provider>whs</provider>
    </extensions>
</trkpt>
<trkpt lat="42.42410816240523" lon="77.27597491925249">
    <time>2026-08-23T07:54:47.933Z</time>
    <extensions>
        <provider>whs</provider>
    </extensions>
</trkpt>
<trkpt lat="42.42412676240524" lon="77.2759863192525">
    <time>2026-08-23T07:54:56.004Z</time>
    <extensions>
        <provider>whs</provider>
    </extensions>
</trkpt>
<trkpt lat="42.424146162405236" lon="77.27596701925249">
    <time>2026-08-23T07:55:03.046Z</time>
    <extensions>
        <provider>whs</provider>
    </extensions>
</trkpt>
<trkpt lat="42.42412866240524" lon="77.2759868192525">
    <time>2026-08-23T07:55:09.086Z</time>
    <extensions>
        <provider>whs</provider>
    </extensions>
</trkpt>
<trkpt lat="42.424110162405235" lon="77.2759766192525">
    <time>2026-08-23T07:55:29.259Z</time>
    <extensions>
        <provider>whs</provider>
    </extensions>
</trkpt>
<trkpt lat="42.424093862405236" lon="77.2760066192525">
    <time>2026-08-23T07:55:36.325Z</time>
    <extensions>
        <provider>whs</provider>
    </extensions>
</trkpt>
<trkpt lat="42.42405646240523" lon="77.2760174192525">
    <time>2026-08-23T07:55:37.335Z</time>
    <extensions>
        <provider>whs</provider>
    </extensions>
</trkpt>
<trkpt lat="42.424013562405236" lon="77.2760308192525">
    <time>2026-08-23T07:55:38.344Z</time>
    <extensions>
        <provider>whs</provider>
    </extensions>
</trkpt>
<trkpt lat="42.423970362405235" lon="77.27601631925249">
    <time>2026-08-23T07:55:39.351Z</time>
    <extensions>
        <provider>whs</provider>
    </extensions>
</trkpt>
<trkpt lat="42.42395166240524" lon="77.27599621925249">
    <time>2026-08-23T07:55:40.360Z</time>
    <extensions>
        <provider>whs</provider>
    </extensions>
</trkpt>
<trkpt lat="42.42393976240523" lon="77.27597251925249">
    <time>2026-08-23T07:55:41.369Z</time>
    <extensions>
        <provider>whs</provider>
    </extensions>
</trkpt>
<trkpt lat="42.42393426240523" lon="77.2759459192525">
    <time>2026-08-23T07:55:42.378Z</time>
    <extensions>
        <provider>whs</provider>
    </extensions>
</trkpt>
<trkpt lat="42.42395486240523" lon="77.2759310192525">
    <time>2026-08-23T07:55:45.401Z</time>
    <extensions>
        <provider>whs</provider>
    </extensions>
</trkpt>
<trkpt lat="42.423972862405236" lon="77.2759344192525">
    <time>2026-08-23T07:55:48.426Z</time>
    <extensions>
        <provider>whs</provider>
    </extensions>
</trkpt>
<trkpt lat="42.423994162405236" lon="77.2759297192525">
    <time>2026-08-23T07:55:52.457Z</time>
    <extensions>
        <provider>whs</provider>
    </extensions>
</trkpt>
<trkpt lat="42.42401426240524" lon="77.2759240192525">
    <time>2026-08-23T07:55:55.481Z</time>
    <extensions>
        <provider>whs</provider>
    </extensions>
</trkpt>
<trkpt lat="42.424040862405235" lon="77.2759272192525">
    <time>2026-08-23T07:55:56.491Z</time>
    <extensions>
        <provider>whs</provider>
    </extensions>
</trkpt>
<trkpt lat="42.424066962405234" lon="77.27592921925249">
    <time>2026-08-23T07:56:03.553Z</time>
    <extensions>
        <provider>whs</provider>
    </extensions>
</trkpt>
<trkpt lat="42.424086462405235" lon="77.2759283192525">
    <time>2026-08-23T07:56:09.608Z</time>
    <extensions>
        <provider>whs</provider>
    </extensions>
</trkpt>
<trkpt lat="42.42409276240524" lon="77.2759554192525">
    <time>2026-08-23T07:56:14.656Z</time>
    <extensions>
        <provider>whs</provider>
    </extensions>
</trkpt>
<trkpt lat="42.424106462405234" lon="77.2759343192525">
    <time>2026-08-23T07:56:18.693Z</time>
    <extensions>
        <provider>whs</provider>
    </extensions>
</trkpt>
<trkpt lat="42.424126062405236" lon="77.2759381192525">
    <time>2026-08-23T07:56:26.766Z</time>
    <extensions>
        <provider>whs</provider>
    </extensions>
</trkpt>
<trkpt lat="42.42414336240523" lon="77.2759468192525">
    <time>2026-08-23T07:56:32.822Z</time>
    <extensions>
        <provider>whs</provider>
    </extensions>
</trkpt>
<trkpt lat="42.42416686240524" lon="77.2759441192525">
    <time>2026-08-23T07:56:34.840Z</time>
    <extensions>
        <provider>whs</provider>
    </extensions>
</trkpt>
<trkpt lat="42.42416896240523" lon="77.2759714192525">
    <time>2026-08-23T07:56:44.931Z</time>
    <extensions>
        <provider>whs</provider>
    </extensions>
</trkpt>
<trkpt lat="42.42415476240524" lon="77.27598781925249">
    <time>2026-08-23T07:56:52.000Z</time>
    <extensions>
        <provider>whs</provider>
    </extensions>
</trkpt>
<trkpt lat="42.424136362405235" lon="77.2760193192525">
    <time>2026-08-23T07:57:02.090Z</time>
    <extensions>
        <provider>whs</provider>
    </extensions>
</trkpt>
<trkpt lat="42.42409206240524" lon="77.2760209192525">
    <time>2026-08-23T07:57:08.140Z</time>
    <extensions>
        <provider>whs</provider>
    </extensions>
</trkpt>
<trkpt lat="42.42406806240523" lon="77.2760262192525">
    <time>2026-08-23T07:57:10.157Z</time>
    <extensions>
        <provider>whs</provider>
    </extensions>
</trkpt>
<trkpt lat="42.424077362405235" lon="77.27599861925249">
    <time>2026-08-23T07:57:14.192Z</time>
    <extensions>
        <provider>whs</provider>
    </extensions>
</trkpt>
<trkpt lat="42.424063462405236" lon="77.27602251925249">
    <time>2026-08-23T07:57:35.388Z</time>
    <extensions>
        <provider>whs</provider>
    </extensions>
</trkpt>
<trkpt lat="42.42403756240523" lon="77.2760335192525">
    <time>2026-08-23T07:57:36.397Z</time>
    <extensions>
        <provider>whs</provider>
    </extensions>
</trkpt>
<trkpt lat="42.42401126240524" lon="77.2760463192525">
    <time>2026-08-23T07:57:37.407Z</time>
    <extensions>
        <provider>whs</provider>
    </extensions>
</trkpt>
<trkpt lat="42.423966762405236" lon="77.2760561192525">
    <time>2026-08-23T07:57:38.416Z</time>
    <extensions>
        <provider>whs</provider>
    </extensions>
</trkpt>
<trkpt lat="42.423922262405235" lon="77.27606371925249">
    <time>2026-08-23T07:57:39.426Z</time>
    <extensions>
        <provider>whs</provider>
    </extensions>
</trkpt>
<trkpt lat="42.42386956240524" lon="77.27606611925249">
    <time>2026-08-23T07:57:40.432Z</time>
    <extensions>
        <provider>whs</provider>
    </extensions>
</trkpt>
<trkpt lat="42.42382536240523" lon="77.2760662192525">
    <time>2026-08-23T07:57:41.441Z</time>
    <extensions>
        <provider>whs</provider>
    </extensions>
</trkpt>
<trkpt lat="42.42377966240524" lon="77.2760655192525">
    <time>2026-08-23T07:57:42.450Z</time>
    <extensions>
        <provider>whs</provider>
    </extensions>
</trkpt>
<trkpt lat="42.42374026240523" lon="77.2760753192525">
    <time>2026-08-23T07:57:43.460Z</time>
    <extensions>
        <provider>whs</provider>
    </extensions>
</trkpt>
<trkpt lat="42.42370196240523" lon="77.2760884192525">
    <time>2026-08-23T07:57:44.469Z</time>
    <extensions>
        <provider>whs</provider>
    </extensions>
</trkpt>
<trkpt lat="42.423665062405234" lon="77.2761007192525">
    <time>2026-08-23T07:57:45.479Z</time>
    <extensions>
        <provider>whs</provider>
    </extensions>
</trkpt>
<trkpt lat="42.423627462405236" lon="77.2761067192525">
    <time>2026-08-23T07:57:46.488Z</time>
    <extensions>
        <provider>whs</provider>
    </extensions>
</trkpt>
<trkpt lat="42.423581862405236" lon="77.2760971192525">
    <time>2026-08-23T07:57:47.498Z</time>
    <extensions>
        <provider>whs</provider>
    </extensions>
</trkpt>
<trkpt lat="42.42353646240524" lon="77.2760992192525">
    <time>2026-08-23T07:57:48.509Z</time>
    <extensions>
        <provider>whs</provider>
    </extensions>
</trkpt>
<trkpt lat="42.42349686240524" lon="77.2761112192525">
    <time>2026-08-23T07:57:49.521Z</time>
    <extensions>
        <provider>whs</provider>
    </extensions>
</trkpt>
<trkpt lat="42.42345426240524" lon="77.2761363192525">
    <time>2026-08-23T07:57:50.530Z</time>
    <extensions>
        <provider>whs</provider>
    </extensions>
</trkpt>
<trkpt lat="42.42342596240523" lon="77.2761766192525">
    <time>2026-08-23T07:57:51.539Z</time>
    <extensions>
        <provider>whs</provider>
    </extensions>
</trkpt>
<trkpt lat="42.42339466240524" lon="77.27620471925249">
    <time>2026-08-23T07:57:52.550Z</time>
    <extensions>
        <provider>whs</provider>
    </extensions>
</trkpt>
<trkpt lat="42.42336316240524" lon="77.2762537192525">
    <time>2026-08-23T07:57:53.551Z</time>
    <extensions>
        <provider>whs</provider>
    </extensions>
</trkpt>
<trkpt lat="42.42333996240524" lon="77.27631001925249">
    <time>2026-08-23T07:57:54.551Z</time>
    <extensions>
        <provider>whs</provider>
    </extensions>
</trkpt>
<trkpt lat="42.42331446240524" lon="77.2763606192525">
    <time>2026-08-23T07:57:55.551Z</time>
    <extensions>
        <provider>whs</provider>
    </extensions>
</trkpt>
<trkpt lat="42.42328556240523" lon="77.2764149192525">
    <time>2026-08-23T07:57:56.551Z</time>
    <extensions>
        <provider>whs</provider>
    </extensions>
</trkpt>
<trkpt lat="42.423261462405236" lon="77.27645581925249">
    <time>2026-08-23T07:57:57.560Z</time>
    <extensions>
        <provider>whs</provider>
    </extensions>
</trkpt>
<trkpt lat="42.423275862405234" lon="77.2765069192525">
    <time>2026-08-23T07:57:58.569Z</time>
    <extensions>
        <provider>whs</provider>
    </extensions>
</trkpt>
<trkpt lat="42.42328776240524" lon="77.2765694192525">
    <time>2026-08-23T07:57:59.579Z</time>
    <extensions>
        <provider>whs</provider>
    </extensions>
</trkpt>
<trkpt lat="42.42330066240523" lon="77.2766313192525">
    <time>2026-08-23T07:58:00.588Z</time>
    <extensions>
        <provider>whs</provider>
    </extensions>
</trkpt>
<trkpt lat="42.423320262405234" lon="77.2766769192525">
    <time>2026-08-23T07:58:01.598Z</time>
    <extensions>
        <provider>whs</provider>
    </extensions>
</trkpt>
<trkpt lat="42.42333756240524" lon="77.27672051925249">
    <time>2026-08-23T07:58:02.608Z</time>
    <extensions>
        <provider>whs</provider>
    </extensions>
</trkpt>
<trkpt lat="42.42335586240524" lon="77.2767737192525">
    <time>2026-08-23T07:58:03.618Z</time>
    <extensions>
        <provider>whs</provider>
    </extensions>
</trkpt>
<trkpt lat="42.423375062405235" lon="77.2768179192525">
    <time>2026-08-23T07:58:04.627Z</time>
    <extensions>
        <provider>whs</provider>
    </extensions>
</trkpt>
<trkpt lat="42.42340826240523" lon="77.2768329192525">
    <time>2026-08-23T07:58:05.636Z</time>
    <extensions>
        <provider>whs</provider>
    </extensions>
</trkpt>
<trkpt lat="42.423452362405236" lon="77.27685651925249">
    <time>2026-08-23T07:58:06.642Z</time>
    <extensions>
        <provider>whs</provider>
    </extensions>
</trkpt>
<trkpt lat="42.423495562405236" lon="77.27686011925249">
    <time>2026-08-23T07:58:07.652Z</time>
    <extensions>
        <provider>whs</provider>
    </extensions>
</trkpt>
<trkpt lat="42.42353036240524" lon="77.2768665192525">
    <time>2026-08-23T07:58:08.661Z</time>
    <extensions>
        <provider>whs</provider>
    </extensions>
</trkpt>
<trkpt lat="42.42357306240523" lon="77.2768722192525">
    <time>2026-08-23T07:58:09.669Z</time>
    <extensions>
        <provider>whs</provider>
    </extensions>
</trkpt>
<trkpt lat="42.42361936240523" lon="77.2768494192525">
    <time>2026-08-23T07:58:10.678Z</time>
    <extensions>
        <provider>whs</provider>
    </extensions>
</trkpt>
<trkpt lat="42.423652362405235" lon="77.2768420192525">
    <time>2026-08-23T07:58:11.689Z</time>
    <extensions>
        <provider>whs</provider>
    </extensions>
</trkpt>
<trkpt lat="42.42368556240523" lon="77.2768332192525">
    <time>2026-08-23T07:58:12.697Z</time>
    <extensions>
        <provider>whs</provider>
    </extensions>
</trkpt>
<trkpt lat="42.423716062405234" lon="77.2768250192525">
    <time>2026-08-23T07:58:13.704Z</time>
    <extensions>
        <provider>whs</provider>
    </extensions>
</trkpt>
<trkpt lat="42.42375116240523" lon="77.2768092192525">
    <time>2026-08-23T07:58:14.715Z</time>
    <extensions>
        <provider>whs</provider>
    </extensions>
</trkpt>
<trkpt lat="42.423790962405235" lon="77.2767970192525">
    <time>2026-08-23T07:58:15.723Z</time>
    <extensions>
        <provider>whs</provider>
    </extensions>
</trkpt>
<trkpt lat="42.423824462405236" lon="77.2767805192525">
    <time>2026-08-23T07:58:16.736Z</time>
    <extensions>
        <provider>whs</provider>
    </extensions>
</trkpt>
<trkpt lat="42.42385076240524" lon="77.27675311925249">
    <time>2026-08-23T07:58:17.746Z</time>
    <extensions>
        <provider>whs</provider>
    </extensions>
</trkpt>
<trkpt lat="42.42386986240523" lon="77.27672701925249">
    <time>2026-08-23T07:58:18.756Z</time>
    <extensions>
        <provider>whs</provider>
    </extensions>
</trkpt>
<trkpt lat="42.42388536240524" lon="77.27670451925249">
    <time>2026-08-23T07:58:19.764Z</time>
    <extensions>
        <provider>whs</provider>
    </extensions>
</trkpt>
<trkpt lat="42.42386916240523" lon="77.27667721925249">
    <time>2026-08-23T07:58:22.792Z</time>
    <extensions>
        <provider>whs</provider>
    </extensions>
</trkpt>
<trkpt lat="42.42383616240524" lon="77.27666641925249">
    <time>2026-08-23T07:58:23.802Z</time>
    <extensions>
        <provider>whs</provider>
    </extensions>
</trkpt>
<trkpt lat="42.42378406240523" lon="77.2766731192525">
    <time>2026-08-23T07:58:24.811Z</time>
    <extensions>
        <provider>whs</provider>
    </extensions>
</trkpt>
<trkpt lat="42.42373156240524" lon="77.2767037192525">
    <time>2026-08-23T07:58:25.819Z</time>
    <extensions>
        <provider>whs</provider>
    </extensions>
</trkpt>
<trkpt lat="42.42424286240524" lon="77.27663101925249">
    <time>2026-08-23T07:58:49.031Z</time>
    <extensions>
        <provider>whs</provider>
    </extensions>
</trkpt>
<trkpt lat="42.42425636240524" lon="77.27673011925249">
    <time>2026-08-23T07:58:50.040Z</time>
    <extensions>
        <provider>whs</provider>
    </extensions>
</trkpt>
<trkpt lat="42.42423686240524" lon="77.2767146192525">
    <time>2026-08-23T07:58:51.048Z</time>
    <extensions>
        <provider>whs</provider>
    </extensions>
</trkpt>
<trkpt lat="42.42396686240524" lon="77.27651061925249">
    <time>2026-08-23T07:58:58.111Z</time>
    <extensions>
        <provider>whs</provider>
    </extensions>
</trkpt>
<trkpt lat="42.424041562405236" lon="77.2765650192525">
    <time>2026-08-23T07:59:00.130Z</time>
    <extensions>
        <provider>whs</provider>
    </extensions>
</trkpt>
<trkpt lat="42.424020162405235" lon="77.2765938192525">
    <time>2026-08-23T07:59:02.153Z</time>
    <extensions>
        <provider>whs</provider>
    </extensions>
</trkpt>
<trkpt lat="42.423955062405234" lon="77.27663721925249">
    <time>2026-08-23T07:59:32.388Z</time>
    <extensions>
        <provider>whs</provider>
    </extensions>
</trkpt>
<trkpt lat="42.42396206240524" lon="77.2766721192525">
    <time>2026-08-23T07:59:34.401Z</time>
    <extensions>
        <provider>whs</provider>
    </extensions>
</trkpt>
<trkpt lat="42.423892462405234" lon="77.2766624192525">
    <time>2026-08-23T07:59:35.410Z</time>
    <extensions>
        <provider>whs</provider>
    </extensions>
</trkpt>
<trkpt lat="42.42383456240523" lon="77.2766649192525">
    <time>2026-08-23T07:59:36.419Z</time>
    <extensions>
        <provider>whs</provider>
    </extensions>
</trkpt>
<trkpt lat="42.42377796240523" lon="77.2766725192525">
    <time>2026-08-23T07:59:37.425Z</time>
    <extensions>
        <provider>whs</provider>
    </extensions>
</trkpt>
<trkpt lat="42.42372626240523" lon="77.2766903192525">
    <time>2026-08-23T07:59:38.433Z</time>
    <extensions>
        <provider>whs</provider>
    </extensions>
</trkpt>
<trkpt lat="42.42367326240524" lon="77.2767073192525">
    <time>2026-08-23T07:59:39.442Z</time>
    <extensions>
        <provider>whs</provider>
    </extensions>
</trkpt>
<trkpt lat="42.423607862405234" lon="77.2767141192525">
    <time>2026-08-23T07:59:40.451Z</time>
    <extensions>
        <provider>whs</provider>
    </extensions>
</trkpt>
<trkpt lat="42.42354316240524" lon="77.2766957192525">
    <time>2026-08-23T07:59:41.460Z</time>
    <extensions>
        <provider>whs</provider>
    </extensions>
</trkpt>
<trkpt lat="42.423444962405235" lon="77.27664851925249">
    <time>2026-08-23T07:59:42.467Z</time>
    <extensions>
        <provider>whs</provider>
    </extensions>
</trkpt>
<trkpt lat="42.42333216240524" lon="77.27660541925249">
    <time>2026-08-23T07:59:43.476Z</time>
    <extensions>
        <provider>whs</provider>
    </extensions>
</trkpt>
<trkpt lat="42.42326276240524" lon="77.2765151192525">
    <time>2026-08-23T07:59:44.484Z</time>
    <extensions>
        <provider>whs</provider>
    </extensions>
</trkpt>
<trkpt lat="42.423128162405234" lon="77.2764549192525">
    <time>2026-08-23T07:59:45.494Z</time>
    <extensions>
        <provider>whs</provider>
    </extensions>
</trkpt>
<trkpt lat="42.42298026240523" lon="77.2763711192525">
    <time>2026-08-23T07:59:46.502Z</time>
    <extensions>
        <provider>whs</provider>
    </extensions>
</trkpt>
<trkpt lat="42.422809662405236" lon="77.2762549192525">
    <time>2026-08-23T07:59:47.511Z</time>
    <extensions>
        <provider>whs</provider>
    </extensions>
</trkpt>
<trkpt lat="42.42263906240524" lon="77.27607781925249">
    <time>2026-08-23T07:59:48.522Z</time>
    <extensions>
        <provider>whs</provider>
    </extensions>
</trkpt>
<trkpt lat="42.422464162405234" lon="77.2758752192525">
    <time>2026-08-23T07:59:49.531Z</time>
    <extensions>
        <provider>whs</provider>
    </extensions>
</trkpt>
<trkpt lat="42.424136262405234" lon="77.2766197192525">
    <time>2026-08-23T08:00:01.643Z</time>
    <extensions>
        <provider>whs</provider>
    </extensions>
</trkpt>
<trkpt lat="42.42427086240524" lon="77.2767862192525">
    <time>2026-08-23T08:00:02.654Z</time>
    <extensions>
        <provider>whs</provider>
    </extensions>
</trkpt>
<trkpt lat="42.423934462405235" lon="77.27635931925249">
    <time>2026-08-23T08:00:28.898Z</time>
    <extensions>
        <provider>whs</provider>
    </extensions>
</trkpt>
<trkpt lat="42.42394206240524" lon="77.27642731925249">
    <time>2026-08-23T08:00:29.909Z</time>
    <extensions>
        <provider>whs</provider>
    </extensions>
</trkpt>
<trkpt lat="42.42395166240524" lon="77.2764058192525">
    <time>2026-08-23T08:00:35.966Z</time>
    <extensions>
        <provider>whs</provider>
    </extensions>
</trkpt>
<trkpt lat="42.42396936240524" lon="77.2764184192525">
    <time>2026-08-23T08:00:37.983Z</time>
    <extensions>
        <provider>whs</provider>
    </extensions>
</trkpt>
<trkpt lat="42.42399266240523" lon="77.2764408192525">
    <time>2026-08-23T08:00:45.050Z</time>
    <extensions>
        <provider>whs</provider>
    </extensions>
</trkpt>
<trkpt lat="42.424011162405236" lon="77.27642901925249">
    <time>2026-08-23T08:00:52.068Z</time>
    <extensions>
        <provider>whs</provider>
    </extensions>
</trkpt>
<trkpt lat="42.424032862405234" lon="77.2764275192525">
    <time>2026-08-23T08:01:21.326Z</time>
    <extensions>
        <provider>whs</provider>
    </extensions>
</trkpt>
<trkpt lat="42.42403926240524" lon="77.27639761925249">
    <time>2026-08-23T08:01:24.354Z</time>
    <extensions>
        <provider>whs</provider>
    </extensions>
</trkpt>
<trkpt lat="42.42405466240523" lon="77.2763789192525">
    <time>2026-08-23T08:01:27.384Z</time>
    <extensions>
        <provider>whs</provider>
    </extensions>
</trkpt>
<trkpt lat="42.424062062405234" lon="77.2763444192525">
    <time>2026-08-23T08:01:30.411Z</time>
    <extensions>
        <provider>whs</provider>
    </extensions>
</trkpt>
<trkpt lat="42.42408296240524" lon="77.27633731925249">
    <time>2026-08-23T08:01:33.439Z</time>
    <extensions>
        <provider>whs</provider>
    </extensions>
</trkpt>
<trkpt lat="42.42408446240523" lon="77.2762919192525">
    <time>2026-08-23T08:01:47.561Z</time>
    <extensions>
        <provider>whs</provider>
    </extensions>
</trkpt>
<trkpt lat="42.42409716240523" lon="77.2762664192525">
    <time>2026-08-23T08:01:49.576Z</time>
    <extensions>
        <provider>whs</provider>
    </extensions>
</trkpt>
<trkpt lat="42.42410606240524" lon="77.2762332192525">
    <time>2026-08-23T08:01:54.622Z</time>
    <extensions>
        <provider>whs</provider>
    </extensions>
</trkpt>
<trkpt lat="42.42412806240524" lon="77.2762163192525">
    <time>2026-08-23T08:01:56.641Z</time>
    <extensions>
        <provider>whs</provider>
    </extensions>
</trkpt>
<trkpt lat="42.42412136240524" lon="77.2761831192525">
    <time>2026-08-23T08:02:06.732Z</time>
    <extensions>
        <provider>whs</provider>
    </extensions>
</trkpt>
<trkpt lat="42.42412796240524" lon="77.2761571192525">
    <time>2026-08-23T08:02:08.750Z</time>
    <extensions>
        <provider>whs</provider>
    </extensions>
</trkpt>
<trkpt lat="42.42412756240523" lon="77.2761219192525">
    <time>2026-08-23T08:02:12.786Z</time>
    <extensions>
        <provider>whs</provider>
    </extensions>
</trkpt>
<trkpt lat="42.42412916240524" lon="77.2760955192525">
    <time>2026-08-23T08:02:14.806Z</time>
    <extensions>
        <provider>whs</provider>
    </extensions>
</trkpt>
<trkpt lat="42.42409886240524" lon="77.2760968192525">
    <time>2026-08-23T08:02:20.854Z</time>
    <extensions>
        <provider>whs</provider>
    </extensions>
</trkpt>
<trkpt lat="42.42407586240523" lon="77.2760986192525">
    <time>2026-08-23T08:02:22.871Z</time>
    <extensions>
        <provider>whs</provider>
    </extensions>
</trkpt>
<trkpt lat="42.42410006240524" lon="77.2760907192525">
    <time>2026-08-23T08:02:28.926Z</time>
    <extensions>
        <provider>whs</provider>
    </extensions>
</trkpt>
<trkpt lat="42.424126062405236" lon="77.2760816192525">
    <time>2026-08-23T08:02:29.937Z</time>
    <extensions>
        <provider>whs</provider>
    </extensions>
</trkpt>
<trkpt lat="42.42413976240523" lon="77.2760238192525">
    <time>2026-08-23T08:02:34.985Z</time>
    <extensions>
        <provider>whs</provider>
    </extensions>
</trkpt>
<trkpt lat="42.424128362405234" lon="77.2760018192525">
    <time>2026-08-23T08:02:38.013Z</time>
    <extensions>
        <provider>whs</provider>
    </extensions>
</trkpt>
<trkpt lat="42.42411286240524" lon="77.2760148192525">
    <time>2026-08-23T08:03:24.434Z</time>
    <extensions>
        <provider>whs</provider>
    </extensions>
</trkpt>
<trkpt lat="42.424096762405235" lon="77.2760339192525">
    <time>2026-08-23T08:03:26.454Z</time>
    <extensions>
        <provider>whs</provider>
    </extensions>
</trkpt>
<trkpt lat="42.42407766240523" lon="77.2760210192525">
    <time>2026-08-23T08:03:29.471Z</time>
    <extensions>
        <provider>whs</provider>
    </extensions>
</trkpt>
<trkpt lat="42.42404546240523" lon="77.2760308192525">
    <time>2026-08-23T08:03:30.473Z</time>
    <extensions>
        <provider>whs</provider>
    </extensions>
</trkpt>
<trkpt lat="42.42401326240523" lon="77.2760399192525">
    <time>2026-08-23T08:03:31.485Z</time>
    <extensions>
        <provider>whs</provider>
    </extensions>
</trkpt>
<trkpt lat="42.423989162405235" lon="77.2760595192525">
    <time>2026-08-23T08:03:32.493Z</time>
    <extensions>
        <provider>whs</provider>
    </extensions>
</trkpt>
<trkpt lat="42.42396286240523" lon="77.27606321925249">
    <time>2026-08-23T08:03:33.503Z</time>
    <extensions>
        <provider>whs</provider>
    </extensions>
</trkpt>
<trkpt lat="42.42393956240524" lon="77.2760573192525">
    <time>2026-08-23T08:03:34.511Z</time>
    <extensions>
        <provider>whs</provider>
    </extensions>
</trkpt>
<trkpt lat="42.42391346240524" lon="77.2760516192525">
    <time>2026-08-23T08:03:35.519Z</time>
    <extensions>
        <provider>whs</provider>
    </extensions>
</trkpt>
<trkpt lat="42.423867562405235" lon="77.2760517192525">
    <time>2026-08-23T08:03:36.526Z</time>
    <extensions>
        <provider>whs</provider>
    </extensions>
</trkpt>
<trkpt lat="42.42384066240523" lon="77.2760537192525">
    <time>2026-08-23T08:03:37.535Z</time>
    <extensions>
        <provider>whs</provider>
    </extensions>
</trkpt>
<trkpt lat="42.42387106240523" lon="77.2760368192525">
    <time>2026-08-23T08:03:42.579Z</time>
    <extensions>
        <provider>whs</provider>
    </extensions>
</trkpt>
<trkpt lat="42.423889362405234" lon="77.2760298192525">
    <time>2026-08-23T08:03:51.656Z</time>
    <extensions>
        <provider>whs</provider>
    </extensions>
</trkpt>
<trkpt lat="42.42390756240523" lon="77.27602971925249">
    <time>2026-08-23T08:03:53.677Z</time>
    <extensions>
        <provider>whs</provider>
    </extensions>
</trkpt>
<trkpt lat="42.423928462405236" lon="77.27602731925249">
    <time>2026-08-23T08:03:55.694Z</time>
    <extensions>
        <provider>whs</provider>
    </extensions>
</trkpt>
<trkpt lat="42.42391286240524" lon="77.2760665192525">
    <time>2026-08-23T08:03:59.731Z</time>
    <extensions>
        <provider>whs</provider>
    </extensions>
</trkpt>
<trkpt lat="42.423899862405236" lon="77.2760973192525">
    <time>2026-08-23T08:04:01.750Z</time>
    <extensions>
        <provider>whs</provider>
    </extensions>
</trkpt>
<trkpt lat="42.423922362405236" lon="77.2761175192525">
    <time>2026-08-23T08:04:03.766Z</time>
    <extensions>
        <provider>whs</provider>
    </extensions>
</trkpt>
<trkpt lat="42.423942962405235" lon="77.2761267192525">
    <time>2026-08-23T08:04:04.775Z</time>
    <extensions>
        <provider>whs</provider>
    </extensions>
</trkpt>
<trkpt lat="42.42396526240523" lon="77.2761121192525">
    <time>2026-08-23T08:04:07.803Z</time>
    <extensions>
        <provider>whs</provider>
    </extensions>
</trkpt>
<trkpt lat="42.423978962405236" lon="77.2760921192525">
    <time>2026-08-23T08:04:09.825Z</time>
    <extensions>
        <provider>whs</provider>
    </extensions>
</trkpt>
<trkpt lat="42.42397496240523" lon="77.27605871925249">
    <time>2026-08-23T08:04:17.903Z</time>
    <extensions>
        <provider>whs</provider>
    </extensions>
</trkpt>
<trkpt lat="42.423960062405236" lon="77.2760430192525">
    <time>2026-08-23T08:04:18.912Z</time>
    <extensions>
        <provider>whs</provider>
    </extensions>
</trkpt>
<trkpt lat="42.423944262405236" lon="77.2760257192525">
    <time>2026-08-23T08:04:19.921Z</time>
    <extensions>
        <provider>whs</provider>
    </extensions>
</trkpt>
<trkpt lat="42.42392366240524" lon="77.2760049192525">
    <time>2026-08-23T08:04:20.931Z</time>
    <extensions>
        <provider>whs</provider>
    </extensions>
</trkpt>
<trkpt lat="42.423905862405235" lon="77.2759879192525">
    <time>2026-08-23T08:04:21.939Z</time>
    <extensions>
        <provider>whs</provider>
    </extensions>
</trkpt>
<trkpt lat="42.423882062405234" lon="77.2759782192525">
    <time>2026-08-23T08:04:22.949Z</time>
    <extensions>
        <provider>whs</provider>
    </extensions>
</trkpt>
<trkpt lat="42.423849262405234" lon="77.2759661192525">
    <time>2026-08-23T08:04:23.958Z</time>
    <extensions>
        <provider>whs</provider>
    </extensions>
</trkpt>
<trkpt lat="42.423793362405235" lon="77.2759412192525">
    <time>2026-08-23T08:04:24.969Z</time>
    <extensions>
        <provider>whs</provider>
    </extensions>
</trkpt>
<trkpt lat="42.423728962405235" lon="77.2759183192525">
    <time>2026-08-23T08:04:25.979Z</time>
    <extensions>
        <provider>whs</provider>
    </extensions>
</trkpt>
<trkpt lat="42.42352016240523" lon="77.2758816192525">
    <time>2026-08-23T08:04:27.995Z</time>
    <extensions>
        <provider>whs</provider>
    </extensions>
</trkpt>
<trkpt lat="42.42355826240524" lon="77.2758666192525">
    <time>2026-08-23T08:04:29.005Z</time>
    <extensions>
        <provider>whs</provider>
    </extensions>
</trkpt>
<trkpt lat="42.42355166240524" lon="77.2759034192525">
    <time>2026-08-23T08:04:31.026Z</time>
    <extensions>
        <provider>whs</provider>
    </extensions>
</trkpt>
<trkpt lat="42.42372746240523" lon="77.2758708192525">
    <time>2026-08-23T08:04:32.035Z</time>
    <extensions>
        <provider>whs</provider>
    </extensions>
</trkpt>
<trkpt lat="42.42381606240524" lon="77.2758906192525">
    <time>2026-08-23T08:04:33.044Z</time>
    <extensions>
        <provider>whs</provider>
    </extensions>
</trkpt>
<trkpt lat="42.423856062405235" lon="77.2759024192525">
    <time>2026-08-23T08:04:34.053Z</time>
    <extensions>
        <provider>whs</provider>
    </extensions>
</trkpt>
<trkpt lat="42.42389446240524" lon="77.2759284192525">
    <time>2026-08-23T08:04:35.062Z</time>
    <extensions>
        <provider>whs</provider>
    </extensions>
</trkpt>
<trkpt lat="42.42392456240523" lon="77.2759247192525">
    <time>2026-08-23T08:04:36.071Z</time>
    <extensions>
        <provider>whs</provider>
    </extensions>
</trkpt>
<trkpt lat="42.42395126240523" lon="77.2759439192525">
    <time>2026-08-23T08:04:37.079Z</time>
    <extensions>
        <provider>whs</provider>
    </extensions>
</trkpt>
<trkpt lat="42.42397246240524" lon="77.2759384192525">
    <time>2026-08-23T08:04:39.094Z</time>
    <extensions>
        <provider>whs</provider>
    </extensions>
</trkpt>
<trkpt lat="42.42399796240524" lon="77.2759278192525">
    <time>2026-08-23T08:04:40.103Z</time>
    <extensions>
        <provider>whs</provider>
    </extensions>
</trkpt>
<trkpt lat="42.42401426240524" lon="77.2759480192525">
    <time>2026-08-23T08:04:45.149Z</time>
    <extensions>
        <provider>whs</provider>
    </extensions>
</trkpt>
<trkpt lat="42.42403376240524" lon="77.2759602192525">
    <time>2026-08-23T08:04:48.175Z</time>
    <extensions>
        <provider>whs</provider>
    </extensions>
</trkpt>
<trkpt lat="42.424022662405235" lon="77.2759905192525">
    <time>2026-08-23T08:04:50.192Z</time>
    <extensions>
        <provider>whs</provider>
    </extensions>
</trkpt>
<trkpt lat="42.423995162405234" lon="77.2760018192525">
    <time>2026-08-23T08:04:52.191Z</time>
    <extensions>
        <provider>whs</provider>
    </extensions>
</trkpt>
<trkpt lat="42.423965962405234" lon="77.2760087192525">
    <time>2026-08-23T08:04:53.191Z</time>
    <extensions>
        <provider>whs</provider>
    </extensions>
</trkpt>
<trkpt lat="42.42393306240523" lon="77.2760105192525">
    <time>2026-08-23T08:04:54.192Z</time>
    <extensions>
        <provider>whs</provider>
    </extensions>
</trkpt>
<trkpt lat="42.423901062405236" lon="77.27600361925249">
    <time>2026-08-23T08:04:55.200Z</time>
    <extensions>
        <provider>whs</provider>
    </extensions>
</trkpt>
<trkpt lat="42.42386986240523" lon="77.2759879192525">
    <time>2026-08-23T08:04:56.207Z</time>
    <extensions>
        <provider>whs</provider>
    </extensions>
</trkpt>
<trkpt lat="42.42385466240523" lon="77.2759599192525">
    <time>2026-08-23T08:04:57.214Z</time>
    <extensions>
        <provider>whs</provider>
    </extensions>
</trkpt>
<trkpt lat="42.42388366240524" lon="77.2759587192525">
    <time>2026-08-23T08:05:00.240Z</time>
    <extensions>
        <provider>whs</provider>
    </extensions>
</trkpt>
<trkpt lat="42.42390436240524" lon="77.2759739192525">
    <time>2026-08-23T08:05:01.250Z</time>
    <extensions>
        <provider>whs</provider>
    </extensions>
</trkpt>
<trkpt lat="42.42392686240524" lon="77.2759552192525">
    <time>2026-08-23T08:05:02.257Z</time>
    <extensions>
        <provider>whs</provider>
    </extensions>
</trkpt>
<trkpt lat="42.42395066240523" lon="77.27593591925249">
    <time>2026-08-23T08:05:04.275Z</time>
    <extensions>
        <provider>whs</provider>
    </extensions>
</trkpt>
<trkpt lat="42.42396936240524" lon="77.27595071925249">
    <time>2026-08-23T08:05:09.320Z</time>
    <extensions>
        <provider>whs</provider>
    </extensions>
</trkpt>
<trkpt lat="42.423996562405236" lon="77.2759655192525">
    <time>2026-08-23T08:05:13.355Z</time>
    <extensions>
        <provider>whs</provider>
    </extensions>
</trkpt>
<trkpt lat="42.424014062405234" lon="77.2759734192525">
    <time>2026-08-23T08:05:16.387Z</time>
    <extensions>
        <provider>whs</provider>
    </extensions>
</trkpt>
<trkpt lat="42.42404476240524" lon="77.2759717192525">
    <time>2026-08-23T08:05:18.405Z</time>
    <extensions>
        <provider>whs</provider>
    </extensions>
</trkpt>
<trkpt lat="42.42406796240523" lon="77.27597181925249">
    <time>2026-08-23T08:05:20.423Z</time>
    <extensions>
        <provider>whs</provider>
    </extensions>
</trkpt>
<trkpt lat="42.42408486240524" lon="77.2759594192525">
    <time>2026-08-23T08:05:22.444Z</time>
    <extensions>
        <provider>whs</provider>
    </extensions>
</trkpt>
<trkpt lat="42.42408256240523" lon="77.27590501925249">
    <time>2026-08-23T08:05:25.473Z</time>
    <extensions>
        <provider>whs</provider>
    </extensions>
</trkpt>
<trkpt lat="42.42407346240523" lon="77.27588131925249">
    <time>2026-08-23T08:05:26.481Z</time>
    <extensions>
        <provider>whs</provider>
    </extensions>
</trkpt>
<trkpt lat="42.42409236240523" lon="77.27590091925249">
    <time>2026-08-23T08:05:30.513Z</time>
    <extensions>
        <provider>whs</provider>
    </extensions>
</trkpt>
<trkpt lat="42.42410666240524" lon="77.27591791925249">
    <time>2026-08-23T08:05:31.524Z</time>
    <extensions>
        <provider>whs</provider>
    </extensions>
</trkpt>
<trkpt lat="42.42412736240524" lon="77.2759394192525">
    <time>2026-08-23T08:05:36.565Z</time>
    <extensions>
        <provider>whs</provider>
    </extensions>
</trkpt>
<trkpt lat="42.424127762405234" lon="77.27598091925249">
    <time>2026-08-23T08:05:38.581Z</time>
    <extensions>
        <provider>whs</provider>
    </extensions>
</trkpt>
<trkpt lat="42.424113862405235" lon="77.2759999192525">
    <time>2026-08-23T08:05:41.602Z</time>
    <extensions>
        <provider>whs</provider>
    </extensions>
</trkpt>
<trkpt lat="42.42409596240523" lon="77.2760112192525">
    <time>2026-08-23T08:05:50.684Z</time>
    <extensions>
        <provider>whs</provider>
    </extensions>
</trkpt>
<trkpt lat="42.42411216240524" lon="77.2759770192525">
    <time>2026-08-23T08:06:01.786Z</time>
    <extensions>
        <provider>whs</provider>
    </extensions>
</trkpt>
<trkpt lat="42.424092662405236" lon="77.2760028192525">
    <time>2026-08-23T08:06:10.871Z</time>
    <extensions>
        <provider>whs</provider>
    </extensions>
</trkpt>
<trkpt lat="42.424067662405236" lon="77.2760171192525">
    <time>2026-08-23T08:06:11.880Z</time>
    <extensions>
        <provider>whs</provider>
    </extensions>
</trkpt>
<trkpt lat="42.42404486240523" lon="77.2760457192525">
    <time>2026-08-23T08:06:12.888Z</time>
    <extensions>
        <provider>whs</provider>
    </extensions>
</trkpt>
<trkpt lat="42.42402216240524" lon="77.2760798192525">
    <time>2026-08-23T08:06:13.899Z</time>
    <extensions>
        <provider>whs</provider>
    </extensions>
</trkpt>
<trkpt lat="42.423989862405236" lon="77.27610251925249">
    <time>2026-08-23T08:06:14.907Z</time>
    <extensions>
        <provider>whs</provider>
    </extensions>
</trkpt>
<trkpt lat="42.42396166240523" lon="77.2761246192525">
    <time>2026-08-23T08:06:15.915Z</time>
    <extensions>
        <provider>whs</provider>
    </extensions>
</trkpt>
<trkpt lat="42.423919262405235" lon="77.2761424192525">
    <time>2026-08-23T08:06:16.927Z</time>
    <extensions>
        <provider>whs</provider>
    </extensions>
</trkpt>
<trkpt lat="42.42386076240523" lon="77.2761667192525">
    <time>2026-08-23T08:06:17.936Z</time>
    <extensions>
        <provider>whs</provider>
    </extensions>
</trkpt>
<trkpt lat="42.42382116240523" lon="77.2761699192525">
    <time>2026-08-23T08:06:18.944Z</time>
    <extensions>
        <provider>whs</provider>
    </extensions>
</trkpt>
<trkpt lat="42.423844962405234" lon="77.27618361925249">
    <time>2026-08-23T08:06:22.984Z</time>
    <extensions>
        <provider>whs</provider>
    </extensions>
</trkpt>
<trkpt lat="42.423868762405235" lon="77.2761808192525">
    <time>2026-08-23T08:06:23.993Z</time>
    <extensions>
        <provider>whs</provider>
    </extensions>
</trkpt>
<trkpt lat="42.423886962405234" lon="77.2761636192525">
    <time>2026-08-23T08:06:35.094Z</time>
    <extensions>
        <provider>whs</provider>
    </extensions>
</trkpt>
<trkpt lat="42.42391156240524" lon="77.2761607192525">
    <time>2026-08-23T08:06:36.103Z</time>
    <extensions>
        <provider>whs</provider>
    </extensions>
</trkpt>
<trkpt lat="42.423943662405236" lon="77.27615491925249">
    <time>2026-08-23T08:06:38.120Z</time>
    <extensions>
        <provider>whs</provider>
    </extensions>
</trkpt>
<trkpt lat="42.42396896240523" lon="77.27613311925249">
    <time>2026-08-23T08:06:40.139Z</time>
    <extensions>
        <provider>whs</provider>
    </extensions>
</trkpt>
<trkpt lat="42.423973262405234" lon="77.2761089192525">
    <time>2026-08-23T08:06:41.146Z</time>
    <extensions>
        <provider>whs</provider>
    </extensions>
</trkpt>
<trkpt lat="42.423980762405236" lon="77.2760803192525">
    <time>2026-08-23T08:06:42.155Z</time>
    <extensions>
        <provider>whs</provider>
    </extensions>
</trkpt>
<trkpt lat="42.42400476240523" lon="77.27605511925249">
    <time>2026-08-23T08:06:45.185Z</time>
    <extensions>
        <provider>whs</provider>
    </extensions>
</trkpt>
<trkpt lat="42.424028062405235" lon="77.2760609192525">
    <time>2026-08-23T08:06:47.204Z</time>
    <extensions>
        <provider>whs</provider>
    </extensions>
</trkpt>
<trkpt lat="42.42402946240524" lon="77.2760951192525">
    <time>2026-08-23T08:06:49.220Z</time>
    <extensions>
        <provider>whs</provider>
    </extensions>
</trkpt>
<trkpt lat="42.424024362405234" lon="77.27612381925249">
    <time>2026-08-23T08:06:50.229Z</time>
    <extensions>
        <provider>whs</provider>
    </extensions>
</trkpt>
<trkpt lat="42.424020862405236" lon="77.27617431925249">
    <time>2026-08-23T08:06:51.229Z</time>
    <extensions>
        <provider>whs</provider>
    </extensions>
</trkpt>
<trkpt lat="42.42402226240524" lon="77.27622431925249">
    <time>2026-08-23T08:06:53.228Z</time>
    <extensions>
        <provider>whs</provider>
    </extensions>
</trkpt>
<trkpt lat="42.424019062405236" lon="77.2762642192525">
    <time>2026-08-23T08:06:54.228Z</time>
    <extensions>
        <provider>whs</provider>
    </extensions>
</trkpt>
<trkpt lat="42.424011162405236" lon="77.2763226192525">
    <time>2026-08-23T08:06:55.234Z</time>
    <extensions>
        <provider>whs</provider>
    </extensions>
</trkpt>
<trkpt lat="42.423995162405234" lon="77.2763722192525">
    <time>2026-08-23T08:06:56.243Z</time>
    <extensions>
        <provider>whs</provider>
    </extensions>
</trkpt>
<trkpt lat="42.42396766240523" lon="77.2763801192525">
    <time>2026-08-23T08:06:57.252Z</time>
    <extensions>
        <provider>whs</provider>
    </extensions>
</trkpt>
<trkpt lat="42.423961262405236" lon="77.2763525192525">
    <time>2026-08-23T08:06:58.261Z</time>
    <extensions>
        <provider>whs</provider>
    </extensions>
</trkpt>
<trkpt lat="42.42396316240524" lon="77.2762996192525">
    <time>2026-08-23T08:07:00.279Z</time>
    <extensions>
        <provider>whs</provider>
    </extensions>
</trkpt>
<trkpt lat="42.42396756240524" lon="77.27627221925249">
    <time>2026-08-23T08:07:02.300Z</time>
    <extensions>
        <provider>whs</provider>
    </extensions>
</trkpt>
<trkpt lat="42.42398636240524" lon="77.2762376192525">
    <time>2026-08-23T08:07:05.324Z</time>
    <extensions>
        <provider>whs</provider>
    </extensions>
</trkpt>
<trkpt lat="42.42399976240524" lon="77.2762089192525">
    <time>2026-08-23T08:07:06.333Z</time>
    <extensions>
        <provider>whs</provider>
    </extensions>
</trkpt>
<trkpt lat="42.42401366240524" lon="77.2761658192525">
    <time>2026-08-23T08:07:07.342Z</time>
    <extensions>
        <provider>whs</provider>
    </extensions>
</trkpt>
<trkpt lat="42.424023762405234" lon="77.2761412192525">
    <time>2026-08-23T08:07:08.350Z</time>
    <extensions>
        <provider>whs</provider>
    </extensions>
</trkpt>
<trkpt lat="42.424037262405236" lon="77.2761235192525">
    <time>2026-08-23T08:07:12.386Z</time>
    <extensions>
        <provider>whs</provider>
    </extensions>
</trkpt>
<trkpt lat="42.42405526240523" lon="77.2761067192525">
    <time>2026-08-23T08:07:17.431Z</time>
    <extensions>
        <provider>whs</provider>
    </extensions>
</trkpt>
<trkpt lat="42.42404256240523" lon="77.2760808192525">
    <time>2026-08-23T08:07:22.475Z</time>
    <extensions>
        <provider>whs</provider>
    </extensions>
</trkpt>
<trkpt lat="42.424009262405235" lon="77.2760894192525">
    <time>2026-08-23T08:07:23.484Z</time>
    <extensions>
        <provider>whs</provider>
    </extensions>
</trkpt>
<trkpt lat="42.42398356240523" lon="77.2760902192525">
    <time>2026-08-23T08:07:24.493Z</time>
    <extensions>
        <provider>whs</provider>
    </extensions>
</trkpt>
<trkpt lat="42.42396516240524" lon="77.2760617192525">
    <time>2026-08-23T08:07:26.513Z</time>
    <extensions>
        <provider>whs</provider>
    </extensions>
</trkpt>
<trkpt lat="42.423981262405235" lon="77.2760457192525">
    <time>2026-08-23T08:07:28.534Z</time>
    <extensions>
        <provider>whs</provider>
    </extensions>
</trkpt>
<trkpt lat="42.42399966240524" lon="77.2760463192525">
    <time>2026-08-23T08:07:30.554Z</time>
    <extensions>
        <provider>whs</provider>
    </extensions>
</trkpt>
<trkpt lat="42.424012362405236" lon="77.2760253192525">
    <time>2026-08-23T08:07:40.645Z</time>
    <extensions>
        <provider>whs</provider>
    </extensions>
</trkpt>
<trkpt lat="42.424026262405235" lon="77.2759996192525">
    <time>2026-08-23T08:07:42.663Z</time>
    <extensions>
        <provider>whs</provider>
    </extensions>
</trkpt>
<trkpt lat="42.424045762405235" lon="77.2760161192525">
    <time>2026-08-23T08:07:45.688Z</time>
    <extensions>
        <provider>whs</provider>
    </extensions>
</trkpt>
<trkpt lat="42.42406786240524" lon="77.2760303192525">
    <time>2026-08-23T08:07:47.706Z</time>
    <extensions>
        <provider>whs</provider>
    </extensions>
</trkpt>
<trkpt lat="42.42407706240523" lon="77.27600031925249">
    <time>2026-08-23T08:07:51.745Z</time>
    <extensions>
        <provider>whs</provider>
    </extensions>
</trkpt>
<trkpt lat="42.424092462405234" lon="77.2760147192525">
    <time>2026-08-23T08:08:06.877Z</time>
    <extensions>
        <provider>whs</provider>
    </extensions>
</trkpt>
<trkpt lat="42.424071962405236" lon="77.2760207192525">
    <time>2026-08-23T08:08:14.954Z</time>
    <extensions>
        <provider>whs</provider>
    </extensions>
</trkpt>
<trkpt lat="42.42403806240524" lon="77.2760189192525">
    <time>2026-08-23T08:08:15.963Z</time>
    <extensions>
        <provider>whs</provider>
    </extensions>
</trkpt>
<trkpt lat="42.42400586240524" lon="77.2760319192525">
    <time>2026-08-23T08:08:16.971Z</time>
    <extensions>
        <provider>whs</provider>
    </extensions>
</trkpt>
<trkpt lat="42.423958062405234" lon="77.2760310192525">
    <time>2026-08-23T08:08:17.978Z</time>
    <extensions>
        <provider>whs</provider>
    </extensions>
</trkpt>
<trkpt lat="42.423927762405235" lon="77.2760370192525">
    <time>2026-08-23T08:08:18.987Z</time>
    <extensions>
        <provider>whs</provider>
    </extensions>
</trkpt>
<trkpt lat="42.423889562405236" lon="77.2760528192525">
    <time>2026-08-23T08:08:19.997Z</time>
    <extensions>
        <provider>whs</provider>
    </extensions>
</trkpt>
<trkpt lat="42.423853062405236" lon="77.2760626192525">
    <time>2026-08-23T08:08:21.006Z</time>
    <extensions>
        <provider>whs</provider>
    </extensions>
</trkpt>
<trkpt lat="42.42381616240524" lon="77.27608431925249">
    <time>2026-08-23T08:08:22.015Z</time>
    <extensions>
        <provider>whs</provider>
    </extensions>
</trkpt>
<trkpt lat="42.423780062405235" lon="77.27609341925249">
    <time>2026-08-23T08:08:23.027Z</time>
    <extensions>
        <provider>whs</provider>
    </extensions>
</trkpt>
<trkpt lat="42.42374816240523" lon="77.2761101192525">
    <time>2026-08-23T08:08:24.036Z</time>
    <extensions>
        <provider>whs</provider>
    </extensions>
</trkpt>
<trkpt lat="42.42372076240523" lon="77.27614751925249">
    <time>2026-08-23T08:08:25.046Z</time>
    <extensions>
        <provider>whs</provider>
    </extensions>
</trkpt>
<trkpt lat="42.42370616240523" lon="77.2761935192525">
    <time>2026-08-23T08:08:26.055Z</time>
    <extensions>
        <provider>whs</provider>
    </extensions>
</trkpt>
<trkpt lat="42.42368716240524" lon="77.2762367192525">
    <time>2026-08-23T08:08:27.065Z</time>
    <extensions>
        <provider>whs</provider>
    </extensions>
</trkpt>
<trkpt lat="42.42368986240523" lon="77.2762927192525">
    <time>2026-08-23T08:08:28.076Z</time>
    <extensions>
        <provider>whs</provider>
    </extensions>
</trkpt>
<trkpt lat="42.423696662405234" lon="77.2763422192525">
    <time>2026-08-23T08:08:29.085Z</time>
    <extensions>
        <provider>whs</provider>
    </extensions>
</trkpt>
<trkpt lat="42.42371526240524" lon="77.2763999192525">
    <time>2026-08-23T08:08:30.095Z</time>
    <extensions>
        <provider>whs</provider>
    </extensions>
</trkpt>
<trkpt lat="42.42372316240524" lon="77.27644431925249">
    <time>2026-08-23T08:08:31.105Z</time>
    <extensions>
        <provider>whs</provider>
    </extensions>
</trkpt>
<trkpt lat="42.42374136240524" lon="77.27648621925249">
    <time>2026-08-23T08:08:32.114Z</time>
    <extensions>
        <provider>whs</provider>
    </extensions>
</trkpt>
<trkpt lat="42.42376636240523" lon="77.2765184192525">
    <time>2026-08-23T08:08:33.122Z</time>
    <extensions>
        <provider>whs</provider>
    </extensions>
</trkpt>
<trkpt lat="42.42381086240523" lon="77.2765553192525">
    <time>2026-08-23T08:08:34.131Z</time>
    <extensions>
        <provider>whs</provider>
    </extensions>
</trkpt>
<trkpt lat="42.423837862405236" lon="77.2765799192525">
    <time>2026-08-23T08:08:35.141Z</time>
    <extensions>
        <provider>whs</provider>
    </extensions>
</trkpt>
<trkpt lat="42.42387596240523" lon="77.2765889192525">
    <time>2026-08-23T08:08:36.151Z</time>
    <extensions>
        <provider>whs</provider>
    </extensions>
</trkpt>
<trkpt lat="42.423919162405234" lon="77.2765809192525">
    <time>2026-08-23T08:08:37.158Z</time>
    <extensions>
        <provider>whs</provider>
    </extensions>
</trkpt>
<trkpt lat="42.42396266240524" lon="77.27656661925249">
    <time>2026-08-23T08:08:38.168Z</time>
    <extensions>
        <provider>whs</provider>
    </extensions>
</trkpt>
<trkpt lat="42.42400396240524" lon="77.2765449192525">
    <time>2026-08-23T08:08:39.176Z</time>
    <extensions>
        <provider>whs</provider>
    </extensions>
</trkpt>
<trkpt lat="42.424025062405235" lon="77.2765175192525">
    <time>2026-08-23T08:08:40.185Z</time>
    <extensions>
        <provider>whs</provider>
    </extensions>
</trkpt>
<trkpt lat="42.424040362405236" lon="77.2764737192525">
    <time>2026-08-23T08:08:41.194Z</time>
    <extensions>
        <provider>whs</provider>
    </extensions>
</trkpt>
<trkpt lat="42.424056662405235" lon="77.2764137192525">
    <time>2026-08-23T08:08:42.206Z</time>
    <extensions>
        <provider>whs</provider>
    </extensions>
</trkpt>
<trkpt lat="42.42407166240523" lon="77.2763479192525">
    <time>2026-08-23T08:08:43.214Z</time>
    <extensions>
        <provider>whs</provider>
    </extensions>
</trkpt>
<trkpt lat="42.42408356240524" lon="77.2762999192525">
    <time>2026-08-23T08:08:44.223Z</time>
    <extensions>
        <provider>whs</provider>
    </extensions>
</trkpt>
<trkpt lat="42.424077362405235" lon="77.27624921925249">
    <time>2026-08-23T08:08:45.232Z</time>
    <extensions>
        <provider>whs</provider>
    </extensions>
</trkpt>
<trkpt lat="42.424070062405235" lon="77.27619271925249">
    <time>2026-08-23T08:08:46.238Z</time>
    <extensions>
        <provider>whs</provider>
    </extensions>
</trkpt>
<trkpt lat="42.42406426240524" lon="77.2761381192525">
    <time>2026-08-23T08:08:47.246Z</time>
    <extensions>
        <provider>whs</provider>
    </extensions>
</trkpt>
<trkpt lat="42.42405136240524" lon="77.2760769192525">
    <time>2026-08-23T08:08:48.255Z</time>
    <extensions>
        <provider>whs</provider>
    </extensions>
</trkpt>
<trkpt lat="42.42402476240524" lon="77.2759576192525">
    <time>2026-08-23T08:08:49.264Z</time>
    <extensions>
        <provider>whs</provider>
    </extensions>
</trkpt>
<trkpt lat="42.42401856240524" lon="77.2759010192525">
    <time>2026-08-23T08:08:50.275Z</time>
    <extensions>
        <provider>whs</provider>
    </extensions>
</trkpt>
<trkpt lat="42.42401216240523" lon="77.27584921925249">
    <time>2026-08-23T08:08:51.286Z</time>
    <extensions>
        <provider>whs</provider>
    </extensions>
</trkpt>
<trkpt lat="42.42399016240523" lon="77.2758091192525">
    <time>2026-08-23T08:08:52.295Z</time>
    <extensions>
        <provider>whs</provider>
    </extensions>
</trkpt>
<trkpt lat="42.423957062405236" lon="77.27577291925249">
    <time>2026-08-23T08:08:53.304Z</time>
    <extensions>
        <provider>whs</provider>
    </extensions>
</trkpt>
<trkpt lat="42.42392886240523" lon="77.2757414192525">
    <time>2026-08-23T08:08:54.313Z</time>
    <extensions>
        <provider>whs</provider>
    </extensions>
</trkpt>
<trkpt lat="42.42389706240524" lon="77.2757176192525">
    <time>2026-08-23T08:08:55.322Z</time>
    <extensions>
        <provider>whs</provider>
    </extensions>
</trkpt>
<trkpt lat="42.423863862405234" lon="77.27570251925249">
    <time>2026-08-23T08:08:56.329Z</time>
    <extensions>
        <provider>whs</provider>
    </extensions>
</trkpt>
<trkpt lat="42.423824462405236" lon="77.2757268192525">
    <time>2026-08-23T08:08:57.339Z</time>
    <extensions>
        <provider>whs</provider>
    </extensions>
</trkpt>
<trkpt lat="42.42379416240524" lon="77.27575231925249">
    <time>2026-08-23T08:08:58.347Z</time>
    <extensions>
        <provider>whs</provider>
    </extensions>
</trkpt>
<trkpt lat="42.423775162405235" lon="77.2757909192525">
    <time>2026-08-23T08:08:59.360Z</time>
    <extensions>
        <provider>whs</provider>
    </extensions>
</trkpt>
<trkpt lat="42.423754462405235" lon="77.27585041925249">
    <time>2026-08-23T08:09:00.372Z</time>
    <extensions>
        <provider>whs</provider>
    </extensions>
</trkpt>
<trkpt lat="42.423744062405234" lon="77.2758981192525">
    <time>2026-08-23T08:09:01.379Z</time>
    <extensions>
        <provider>whs</provider>
    </extensions>
</trkpt>
<trkpt lat="42.42373576240524" lon="77.2759645192525">
    <time>2026-08-23T08:09:02.390Z</time>
    <extensions>
        <provider>whs</provider>
    </extensions>
</trkpt>
<trkpt lat="42.423718662405236" lon="77.27600911925249">
    <time>2026-08-23T08:09:03.397Z</time>
    <extensions>
        <provider>whs</provider>
    </extensions>
</trkpt>
<trkpt lat="42.42371656240523" lon="77.27605961925249">
    <time>2026-08-23T08:09:04.406Z</time>
    <extensions>
        <provider>whs</provider>
    </extensions>
</trkpt>
<trkpt lat="42.42372866240523" lon="77.27611831925249">
    <time>2026-08-23T08:09:05.415Z</time>
    <extensions>
        <provider>whs</provider>
    </extensions>
</trkpt>
<trkpt lat="42.42374456240523" lon="77.2761735192525">
    <time>2026-08-23T08:09:06.424Z</time>
    <extensions>
        <provider>whs</provider>
    </extensions>
</trkpt>
<trkpt lat="42.42376766240523" lon="77.2761997192525">
    <time>2026-08-23T08:09:07.434Z</time>
    <extensions>
        <provider>whs</provider>
    </extensions>
</trkpt>
<trkpt lat="42.423792162405235" lon="77.27624061925249">
    <time>2026-08-23T08:09:08.443Z</time>
    <extensions>
        <provider>whs</provider>
    </extensions>
</trkpt>
<trkpt lat="42.423796562405236" lon="77.2762768192525">
    <time>2026-08-23T08:09:09.454Z</time>
    <extensions>
        <provider>whs</provider>
    </extensions>
</trkpt>
<trkpt lat="42.42381496240524" lon="77.2763059192525">
    <time>2026-08-23T08:09:10.462Z</time>
    <extensions>
        <provider>whs</provider>
    </extensions>
</trkpt>
<trkpt lat="42.423834062405234" lon="77.2763147192525">
    <time>2026-08-23T08:09:11.474Z</time>
    <extensions>
        <provider>whs</provider>
    </extensions>
</trkpt>
<trkpt lat="42.42383216240523" lon="77.2762652192525">
    <time>2026-08-23T08:09:15.516Z</time>
    <extensions>
        <provider>whs</provider>
    </extensions>
</trkpt>
<trkpt lat="42.42382276240524" lon="77.2762190192525">
    <time>2026-08-23T08:09:16.525Z</time>
    <extensions>
        <provider>whs</provider>
    </extensions>
</trkpt>
<trkpt lat="42.42381546240524" lon="77.27616881925249">
    <time>2026-08-23T08:09:17.534Z</time>
    <extensions>
        <provider>whs</provider>
    </extensions>
</trkpt>
<trkpt lat="42.42379806240523" lon="77.2761212192525">
    <time>2026-08-23T08:09:18.543Z</time>
    <extensions>
        <provider>whs</provider>
    </extensions>
</trkpt>
<trkpt lat="42.42380156240524" lon="77.2760681192525">
    <time>2026-08-23T08:09:19.550Z</time>
    <extensions>
        <provider>whs</provider>
    </extensions>
</trkpt>
<trkpt lat="42.42378636240524" lon="77.2759909192525">
    <time>2026-08-23T08:09:20.557Z</time>
    <extensions>
        <provider>whs</provider>
    </extensions>
</trkpt>
<trkpt lat="42.423775262405236" lon="77.27592371925249">
    <time>2026-08-23T08:09:21.564Z</time>
    <extensions>
        <provider>whs</provider>
    </extensions>
</trkpt>
<trkpt lat="42.42375416240524" lon="77.2758700192525">
    <time>2026-08-23T08:09:22.573Z</time>
    <extensions>
        <provider>whs</provider>
    </extensions>
</trkpt>
<trkpt lat="42.423753262405235" lon="77.27578891925249">
    <time>2026-08-23T08:09:23.582Z</time>
    <extensions>
        <provider>whs</provider>
    </extensions>
</trkpt>
<trkpt lat="42.42372676240524" lon="77.2757273192525">
    <time>2026-08-23T08:09:24.590Z</time>
    <extensions>
        <provider>whs</provider>
    </extensions>
</trkpt>
<trkpt lat="42.42373906240523" lon="77.2756844192525">
    <time>2026-08-23T08:09:25.601Z</time>
    <extensions>
        <provider>whs</provider>
    </extensions>
</trkpt>
<trkpt lat="42.42408916240524" lon="77.2760014192525">
    <time>2026-08-23T08:10:20.061Z</time>
    <extensions>
        <provider>whs</provider>
    </extensions>
</trkpt>
<trkpt lat="42.42414686240524" lon="77.27601391925249">
    <time>2026-08-23T08:10:21.070Z</time>
    <extensions>
        <provider>whs</provider>
    </extensions>
</trkpt>
<trkpt lat="42.424175162405234" lon="77.2760155192525">
    <time>2026-08-23T08:10:23.090Z</time>
    <extensions>
        <provider>whs</provider>
    </extensions>
</trkpt>
<trkpt lat="42.424153962405235" lon="77.27602371925249">
    <time>2026-08-23T08:10:25.111Z</time>
    <extensions>
        <provider>whs</provider>
    </extensions>
</trkpt>
<trkpt lat="42.42411776240524" lon="77.2760154192525">
    <time>2026-08-23T08:10:27.126Z</time>
    <extensions>
        <provider>whs</provider>
    </extensions>
</trkpt>
<trkpt lat="42.424069962405234" lon="77.2760246192525">
    <time>2026-08-23T08:10:28.136Z</time>
    <extensions>
        <provider>whs</provider>
    </extensions>
</trkpt>
<trkpt lat="42.42403996240524" lon="77.27604071925249">
    <time>2026-08-23T08:10:29.147Z</time>
    <extensions>
        <provider>whs</provider>
    </extensions>
</trkpt>
<trkpt lat="42.42401696240523" lon="77.2760506192525">
    <time>2026-08-23T08:10:30.154Z</time>
    <extensions>
        <provider>whs</provider>
    </extensions>
</trkpt>
<trkpt lat="42.42399796240524" lon="77.2760480192525">
    <time>2026-08-23T08:10:32.174Z</time>
    <extensions>
        <provider>whs</provider>
    </extensions>
</trkpt>
<trkpt lat="42.42399736240524" lon="77.27601561925249">
    <time>2026-08-23T08:10:42.255Z</time>
    <extensions>
        <provider>whs</provider>
    </extensions>
</trkpt>
<trkpt lat="42.42399116240524" lon="77.2759656192525">
    <time>2026-08-23T08:10:44.275Z</time>
    <extensions>
        <provider>whs</provider>
    </extensions>
</trkpt>
<trkpt lat="42.42400656240523" lon="77.2759494192525">
    <time>2026-08-23T08:10:47.303Z</time>
    <extensions>
        <provider>whs</provider>
    </extensions>
</trkpt>
<trkpt lat="42.42402526240524" lon="77.27595721925249">
    <time>2026-08-23T08:10:49.324Z</time>
    <extensions>
        <provider>whs</provider>
    </extensions>
</trkpt>
<trkpt lat="42.424043362405236" lon="77.2759843192525">
    <time>2026-08-23T08:10:51.344Z</time>
    <extensions>
        <provider>whs</provider>
    </extensions>
</trkpt>
<trkpt lat="42.42406236240524" lon="77.2759762192525">
    <time>2026-08-23T08:10:56.391Z</time>
    <extensions>
        <provider>whs</provider>
    </extensions>
</trkpt>
<trkpt lat="42.424082862405236" lon="77.2759535192525">
    <time>2026-08-23T08:10:58.408Z</time>
    <extensions>
        <provider>whs</provider>
    </extensions>
</trkpt>
<trkpt lat="42.42411966240523" lon="77.2759286192525">
    <time>2026-08-23T08:10:59.417Z</time>
    <extensions>
        <provider>whs</provider>
    </extensions>
</trkpt>
<trkpt lat="42.424146662405235" lon="77.27592561925249">
    <time>2026-08-23T08:11:01.434Z</time>
    <extensions>
        <provider>whs</provider>
    </extensions>
</trkpt>
<trkpt lat="42.42416716240523" lon="77.2759295192525">
    <time>2026-08-23T08:11:02.444Z</time>
    <extensions>
        <provider>whs</provider>
    </extensions>
</trkpt>
<trkpt lat="42.424187962405234" lon="77.2759049192525">
    <time>2026-08-23T08:11:04.463Z</time>
    <extensions>
        <provider>whs</provider>
    </extensions>
</trkpt>
<trkpt lat="42.42420656240524" lon="77.2759183192525">
    <time>2026-08-23T08:11:06.480Z</time>
    <extensions>
        <provider>whs</provider>
    </extensions>
</trkpt>
<trkpt lat="42.424239762405236" lon="77.2759118192525">
    <time>2026-08-23T08:11:08.497Z</time>
    <extensions>
        <provider>whs</provider>
    </extensions>
</trkpt>
<trkpt lat="42.424220862405235" lon="77.27594331925249">
    <time>2026-08-23T08:11:10.514Z</time>
    <extensions>
        <provider>whs</provider>
    </extensions>
</trkpt>
<trkpt lat="42.42420036240524" lon="77.27594691925249">
    <time>2026-08-23T08:11:12.531Z</time>
    <extensions>
        <provider>whs</provider>
    </extensions>
</trkpt>
<trkpt lat="42.424170962405235" lon="77.2759288192525">
    <time>2026-08-23T08:11:15.556Z</time>
    <extensions>
        <provider>whs</provider>
    </extensions>
</trkpt>
<trkpt lat="42.42419366240524" lon="77.2759477192525">
    <time>2026-08-23T08:11:25.651Z</time>
    <extensions>
        <provider>whs</provider>
    </extensions>
</trkpt>
<trkpt lat="42.424212262405234" lon="77.27593661925249">
    <time>2026-08-23T08:11:28.683Z</time>
    <extensions>
        <provider>whs</provider>
    </extensions>
</trkpt>
<trkpt lat="42.42422966240524" lon="77.2759168192525">
    <time>2026-08-23T08:11:35.748Z</time>
    <extensions>
        <provider>whs</provider>
    </extensions>
</trkpt>
<trkpt lat="42.42424316240523" lon="77.2758876192525">
    <time>2026-08-23T08:11:39.784Z</time>
    <extensions>
        <provider>whs</provider>
    </extensions>
</trkpt>
<trkpt lat="42.424256062405235" lon="77.2758590192525">
    <time>2026-08-23T08:11:47.850Z</time>
    <extensions>
        <provider>whs</provider>
    </extensions>
</trkpt>
<trkpt lat="42.42428516240523" lon="77.27583701925249">
    <time>2026-08-23T08:11:49.868Z</time>
    <extensions>
        <provider>whs</provider>
    </extensions>
</trkpt>
<trkpt lat="42.42430686240524" lon="77.2758142192525">
    <time>2026-08-23T08:11:51.885Z</time>
    <extensions>
        <provider>whs</provider>
    </extensions>
</trkpt>
<trkpt lat="42.424328962405234" lon="77.2757903192525">
    <time>2026-08-23T08:12:00.976Z</time>
    <extensions>
        <provider>whs</provider>
    </extensions>
</trkpt>
<trkpt lat="42.424348562405235" lon="77.27577911925249">
    <time>2026-08-23T08:12:02.994Z</time>
    <extensions>
        <provider>whs</provider>
    </extensions>
</trkpt>
<trkpt lat="42.42437676240524" lon="77.2757496192525">
    <time>2026-08-23T08:12:10.049Z</time>
    <extensions>
        <provider>whs</provider>
    </extensions>
</trkpt>
<trkpt lat="42.424396462405234" lon="77.2757242192525">
    <time>2026-08-23T08:12:11.049Z</time>
    <extensions>
        <provider>whs</provider>
    </extensions>
</trkpt>
<trkpt lat="42.424413062405236" lon="77.27569771925249">
    <time>2026-08-23T08:12:13.049Z</time>
    <extensions>
        <provider>whs</provider>
    </extensions>
</trkpt>
        </trkseg>
    </trk>
</gpx>
