<?xml version="1.0" encoding="UTF-8"?>
<gpx version="1.1"
     creator="FoilTracker"
     xmlns="http://www.topografix.com/GPX/1/1">
    <trk>
        <name>FoilTracker WHS</name>
        <trkseg>
<trkpt lat="42.42413246240523" lon="77.2760976192525">
    <time>2026-08-21T16:45:15.747Z</time>
    <extensions>
        <provider>whs</provider>
    </extensions>
</trkpt>
<trkpt lat="42.424054862405235" lon="77.2761071192525">
    <time>2026-08-21T16:45:17.746Z</time>
    <extensions>
        <provider>whs</provider>
    </extensions>
</trkpt>
<trkpt lat="42.42400336240523" lon="77.2761260192525">
    <time>2026-08-21T16:45:18.746Z</time>
    <extensions>
        <provider>whs</provider>
    </extensions>
</trkpt>
<trkpt lat="42.42398386240523" lon="77.2761188192525">
    <time>2026-08-21T16:45:24.746Z</time>
    <extensions>
        <provider>whs</provider>
    </extensions>
</trkpt>
<trkpt lat="42.42399786240523" lon="77.2761430192525">
    <time>2026-08-21T16:45:33.828Z</time>
    <extensions>
        <provider>whs</provider>
    </extensions>
</trkpt>
<trkpt lat="42.42401566240523" lon="77.2761539192525">
    <time>2026-08-21T16:45:35.846Z</time>
    <extensions>
        <provider>whs</provider>
    </extensions>
</trkpt>
<trkpt lat="42.424156362405235" lon="77.2760763192525">
    <time>2026-08-21T16:45:40.897Z</time>
    <extensions>
        <provider>whs</provider>
    </extensions>
</trkpt>
<trkpt lat="42.42416206240523" lon="77.2761089192525">
    <time>2026-08-21T16:45:41.905Z</time>
    <extensions>
        <provider>whs</provider>
    </extensions>
</trkpt>
<trkpt lat="42.424176462405235" lon="77.2761429192525">
    <time>2026-08-21T16:45:42.915Z</time>
    <extensions>
        <provider>whs</provider>
    </extensions>
</trkpt>
<trkpt lat="42.42397666240523" lon="77.2763125192525">
    <time>2026-08-21T16:46:05.110Z</time>
    <extensions>
        <provider>whs</provider>
    </extensions>
</trkpt>
<trkpt lat="42.42402596240523" lon="77.2763053192525">
    <time>2026-08-21T16:46:06.119Z</time>
    <extensions>
        <provider>whs</provider>
    </extensions>
</trkpt>
<trkpt lat="42.424087562405234" lon="77.27625451925249">
    <time>2026-08-21T16:46:07.129Z</time>
    <extensions>
        <provider>whs</provider>
    </extensions>
</trkpt>
<trkpt lat="42.42404296240523" lon="77.27623871925249">
    <time>2026-08-21T16:46:08.139Z</time>
    <extensions>
        <provider>whs</provider>
    </extensions>
</trkpt>
<trkpt lat="42.424015262405234" lon="77.2762198192525">
    <time>2026-08-21T16:46:09.148Z</time>
    <extensions>
        <provider>whs</provider>
    </extensions>
</trkpt>
<trkpt lat="42.42397306240523" lon="77.2761988192525">
    <time>2026-08-21T16:46:10.158Z</time>
    <extensions>
        <provider>whs</provider>
    </extensions>
</trkpt>
<trkpt lat="42.42394156240523" lon="77.27618911925249">
    <time>2026-08-21T16:46:11.168Z</time>
    <extensions>
        <provider>whs</provider>
    </extensions>
</trkpt>
<trkpt lat="42.423951362405234" lon="77.2762160192525">
    <time>2026-08-21T16:46:16.195Z</time>
    <extensions>
        <provider>whs</provider>
    </extensions>
</trkpt>
<trkpt lat="42.42393726240523" lon="77.2762415192525">
    <time>2026-08-21T16:46:19.226Z</time>
    <extensions>
        <provider>whs</provider>
    </extensions>
</trkpt>
<trkpt lat="42.42394876240523" lon="77.2762214192525">
    <time>2026-08-21T16:46:21.241Z</time>
    <extensions>
        <provider>whs</provider>
    </extensions>
</trkpt>
<trkpt lat="42.42394396240523" lon="77.2761976192525">
    <time>2026-08-21T16:46:23.260Z</time>
    <extensions>
        <provider>whs</provider>
    </extensions>
</trkpt>
<trkpt lat="42.423949662405235" lon="77.2762254192525">
    <time>2026-08-21T16:46:25.280Z</time>
    <extensions>
        <provider>whs</provider>
    </extensions>
</trkpt>
<trkpt lat="42.42394456240523" lon="77.2762508192525">
    <time>2026-08-21T16:46:26.290Z</time>
    <extensions>
        <provider>whs</provider>
    </extensions>
</trkpt>
<trkpt lat="42.423963562405234" lon="77.27625401925249">
    <time>2026-08-21T16:46:34.335Z</time>
    <extensions>
        <provider>whs</provider>
    </extensions>
</trkpt>
<trkpt lat="42.42398026240523" lon="77.2762345192525">
    <time>2026-08-21T16:46:37.354Z</time>
    <extensions>
        <provider>whs</provider>
    </extensions>
</trkpt>
<trkpt lat="42.423960562405234" lon="77.2762436192525">
    <time>2026-08-21T16:46:39.371Z</time>
    <extensions>
        <provider>whs</provider>
    </extensions>
</trkpt>
<trkpt lat="42.42393836240523" lon="77.2762277192525">
    <time>2026-08-21T16:46:45.426Z</time>
    <extensions>
        <provider>whs</provider>
    </extensions>
</trkpt>
<trkpt lat="42.42396216240523" lon="77.2762402192525">
    <time>2026-08-21T16:46:47.444Z</time>
    <extensions>
        <provider>whs</provider>
    </extensions>
</trkpt>
<trkpt lat="42.42398146240523" lon="77.2762514192525">
    <time>2026-08-21T16:46:51.479Z</time>
    <extensions>
        <provider>whs</provider>
    </extensions>
</trkpt>
<trkpt lat="42.42396376240523" lon="77.2762265192525">
    <time>2026-08-21T16:46:54.505Z</time>
    <extensions>
        <provider>whs</provider>
    </extensions>
</trkpt>
<trkpt lat="42.423949562405234" lon="77.2762077192525">
    <time>2026-08-21T16:46:56.522Z</time>
    <extensions>
        <provider>whs</provider>
    </extensions>
</trkpt>
<trkpt lat="42.42396886240523" lon="77.27621141925249">
    <time>2026-08-21T16:47:01.564Z</time>
    <extensions>
        <provider>whs</provider>
    </extensions>
</trkpt>
<trkpt lat="42.42399116240523" lon="77.2762106192525">
    <time>2026-08-21T16:47:03.585Z</time>
    <extensions>
        <provider>whs</provider>
    </extensions>
</trkpt>
<trkpt lat="42.42401176240523" lon="77.2762156192525">
    <time>2026-08-21T16:47:15.682Z</time>
    <extensions>
        <provider>whs</provider>
    </extensions>
</trkpt>
<trkpt lat="42.42400536240523" lon="77.2762410192525">
    <time>2026-08-21T16:47:18.710Z</time>
    <extensions>
        <provider>whs</provider>
    </extensions>
</trkpt>
<trkpt lat="42.42401276240523" lon="77.2762756192525">
    <time>2026-08-21T16:47:20.729Z</time>
    <extensions>
        <provider>whs</provider>
    </extensions>
</trkpt>
<trkpt lat="42.42398756240523" lon="77.2762866192525">
    <time>2026-08-21T16:47:26.786Z</time>
    <extensions>
        <provider>whs</provider>
    </extensions>
</trkpt>
<trkpt lat="42.423969662405234" lon="77.2762630192525">
    <time>2026-08-21T16:47:28.802Z</time>
    <extensions>
        <provider>whs</provider>
    </extensions>
</trkpt>
<trkpt lat="42.42399666240523" lon="77.2762628192525">
    <time>2026-08-21T16:47:31.830Z</time>
    <extensions>
        <provider>whs</provider>
    </extensions>
</trkpt>
<trkpt lat="42.42401916240523" lon="77.2762603192525">
    <time>2026-08-21T16:47:32.837Z</time>
    <extensions>
        <provider>whs</provider>
    </extensions>
</trkpt>
<trkpt lat="42.42404836240523" lon="77.2762622192525">
    <time>2026-08-21T16:47:33.847Z</time>
    <extensions>
        <provider>whs</provider>
    </extensions>
</trkpt>
<trkpt lat="42.42407296240523" lon="77.27628491925249">
    <time>2026-08-21T16:47:34.855Z</time>
    <extensions>
        <provider>whs</provider>
    </extensions>
</trkpt>
<trkpt lat="42.42409586240523" lon="77.27630331925249">
    <time>2026-08-21T16:47:35.864Z</time>
    <extensions>
        <provider>whs</provider>
    </extensions>
</trkpt>
<trkpt lat="42.42413166240523" lon="77.2763379192525">
    <time>2026-08-21T16:47:36.876Z</time>
    <extensions>
        <provider>whs</provider>
    </extensions>
</trkpt>
<trkpt lat="42.424162962405234" lon="77.2763699192525">
    <time>2026-08-21T16:47:37.886Z</time>
    <extensions>
        <provider>whs</provider>
    </extensions>
</trkpt>
<trkpt lat="42.42420246240523" lon="77.2763999192525">
    <time>2026-08-21T16:47:38.895Z</time>
    <extensions>
        <provider>whs</provider>
    </extensions>
</trkpt>
<trkpt lat="42.42423146240523" lon="77.2764606192525">
    <time>2026-08-21T16:47:39.902Z</time>
    <extensions>
        <provider>whs</provider>
    </extensions>
</trkpt>
<trkpt lat="42.42425936240523" lon="77.2765155192525">
    <time>2026-08-21T16:47:40.912Z</time>
    <extensions>
        <provider>whs</provider>
    </extensions>
</trkpt>
<trkpt lat="42.42428896240523" lon="77.2765813192525">
    <time>2026-08-21T16:47:41.921Z</time>
    <extensions>
        <provider>whs</provider>
    </extensions>
</trkpt>
<trkpt lat="42.424327762405234" lon="77.27663941925249">
    <time>2026-08-21T16:47:42.930Z</time>
    <extensions>
        <provider>whs</provider>
    </extensions>
</trkpt>
<trkpt lat="42.42436076240523" lon="77.2766818192525">
    <time>2026-08-21T16:47:43.939Z</time>
    <extensions>
        <provider>whs</provider>
    </extensions>
</trkpt>
<trkpt lat="42.42439186240523" lon="77.2767244192525">
    <time>2026-08-21T16:47:44.949Z</time>
    <extensions>
        <provider>whs</provider>
    </extensions>
</trkpt>
<trkpt lat="42.424418462405235" lon="77.27677461925249">
    <time>2026-08-21T16:47:45.956Z</time>
    <extensions>
        <provider>whs</provider>
    </extensions>
</trkpt>
<trkpt lat="42.42443626240523" lon="77.27683951925249">
    <time>2026-08-21T16:47:46.965Z</time>
    <extensions>
        <provider>whs</provider>
    </extensions>
</trkpt>
<trkpt lat="42.42445536240523" lon="77.2768918192525">
    <time>2026-08-21T16:47:47.973Z</time>
    <extensions>
        <provider>whs</provider>
    </extensions>
</trkpt>
<trkpt lat="42.42447946240523" lon="77.2769628192525">
    <time>2026-08-21T16:47:48.980Z</time>
    <extensions>
        <provider>whs</provider>
    </extensions>
</trkpt>
<trkpt lat="42.42450496240523" lon="77.2770236192525">
    <time>2026-08-21T16:47:49.989Z</time>
    <extensions>
        <provider>whs</provider>
    </extensions>
</trkpt>
<trkpt lat="42.42451526240523" lon="77.2770756192525">
    <time>2026-08-21T16:47:50.998Z</time>
    <extensions>
        <provider>whs</provider>
    </extensions>
</trkpt>
<trkpt lat="42.424530262405234" lon="77.2771424192525">
    <time>2026-08-21T16:47:52.006Z</time>
    <extensions>
        <provider>whs</provider>
    </extensions>
</trkpt>
<trkpt lat="42.42455936240523" lon="77.2772059192525">
    <time>2026-08-21T16:47:53.012Z</time>
    <extensions>
        <provider>whs</provider>
    </extensions>
</trkpt>
<trkpt lat="42.42458976240523" lon="77.27725791925249">
    <time>2026-08-21T16:47:54.020Z</time>
    <extensions>
        <provider>whs</provider>
    </extensions>
</trkpt>
<trkpt lat="42.42461086240523" lon="77.2773062192525">
    <time>2026-08-21T16:47:55.028Z</time>
    <extensions>
        <provider>whs</provider>
    </extensions>
</trkpt>
<trkpt lat="42.42464306240523" lon="77.2773385192525">
    <time>2026-08-21T16:47:56.037Z</time>
    <extensions>
        <provider>whs</provider>
    </extensions>
</trkpt>
<trkpt lat="42.424670062405234" lon="77.2773775192525">
    <time>2026-08-21T16:47:57.047Z</time>
    <extensions>
        <provider>whs</provider>
    </extensions>
</trkpt>
<trkpt lat="42.424701062405234" lon="77.2774148192525">
    <time>2026-08-21T16:47:58.057Z</time>
    <extensions>
        <provider>whs</provider>
    </extensions>
</trkpt>
<trkpt lat="42.42473446240523" lon="77.2774548192525">
    <time>2026-08-21T16:47:59.066Z</time>
    <extensions>
        <provider>whs</provider>
    </extensions>
</trkpt>
<trkpt lat="42.424769162405234" lon="77.27748341925249">
    <time>2026-08-21T16:48:00.076Z</time>
    <extensions>
        <provider>whs</provider>
    </extensions>
</trkpt>
<trkpt lat="42.42480366240523" lon="77.27752531925249">
    <time>2026-08-21T16:48:01.083Z</time>
    <extensions>
        <provider>whs</provider>
    </extensions>
</trkpt>
<trkpt lat="42.42484696240523" lon="77.2775368192525">
    <time>2026-08-21T16:48:02.095Z</time>
    <extensions>
        <provider>whs</provider>
    </extensions>
</trkpt>
<trkpt lat="42.42488386240523" lon="77.27753221925249">
    <time>2026-08-21T16:48:03.102Z</time>
    <extensions>
        <provider>whs</provider>
    </extensions>
</trkpt>
<trkpt lat="42.42493256240523" lon="77.27752791925249">
    <time>2026-08-21T16:48:04.115Z</time>
    <extensions>
        <provider>whs</provider>
    </extensions>
</trkpt>
<trkpt lat="42.42496716240523" lon="77.2775357192525">
    <time>2026-08-21T16:48:05.124Z</time>
    <extensions>
        <provider>whs</provider>
    </extensions>
</trkpt>
<trkpt lat="42.42501406240523" lon="77.27752771925249">
    <time>2026-08-21T16:48:06.130Z</time>
    <extensions>
        <provider>whs</provider>
    </extensions>
</trkpt>
<trkpt lat="42.42506006240523" lon="77.27751691925249">
    <time>2026-08-21T16:48:07.139Z</time>
    <extensions>
        <provider>whs</provider>
    </extensions>
</trkpt>
<trkpt lat="42.425093962405235" lon="77.2775001192525">
    <time>2026-08-21T16:48:08.150Z</time>
    <extensions>
        <provider>whs</provider>
    </extensions>
</trkpt>
<trkpt lat="42.42514176240523" lon="77.2774598192525">
    <time>2026-08-21T16:48:09.160Z</time>
    <extensions>
        <provider>whs</provider>
    </extensions>
</trkpt>
<trkpt lat="42.425177762405234" lon="77.2774181192525">
    <time>2026-08-21T16:48:10.168Z</time>
    <extensions>
        <provider>whs</provider>
    </extensions>
</trkpt>
<trkpt lat="42.42521336240523" lon="77.2773828192525">
    <time>2026-08-21T16:48:11.177Z</time>
    <extensions>
        <provider>whs</provider>
    </extensions>
</trkpt>
<trkpt lat="42.42524636240523" lon="77.2773339192525">
    <time>2026-08-21T16:48:12.188Z</time>
    <extensions>
        <provider>whs</provider>
    </extensions>
</trkpt>
<trkpt lat="42.425278762405235" lon="77.27729571925249">
    <time>2026-08-21T16:48:13.197Z</time>
    <extensions>
        <provider>whs</provider>
    </extensions>
</trkpt>
<trkpt lat="42.425304962405235" lon="77.27727131925249">
    <time>2026-08-21T16:48:14.206Z</time>
    <extensions>
        <provider>whs</provider>
    </extensions>
</trkpt>
<trkpt lat="42.42533946240523" lon="77.2772271192525">
    <time>2026-08-21T16:48:15.215Z</time>
    <extensions>
        <provider>whs</provider>
    </extensions>
</trkpt>
<trkpt lat="42.42537586240523" lon="77.2771833192525">
    <time>2026-08-21T16:48:16.225Z</time>
    <extensions>
        <provider>whs</provider>
    </extensions>
</trkpt>
<trkpt lat="42.42540596240523" lon="77.2771503192525">
    <time>2026-08-21T16:48:17.232Z</time>
    <extensions>
        <provider>whs</provider>
    </extensions>
</trkpt>
<trkpt lat="42.42542846240523" lon="77.2771037192525">
    <time>2026-08-21T16:48:18.245Z</time>
    <extensions>
        <provider>whs</provider>
    </extensions>
</trkpt>
<trkpt lat="42.42545246240523" lon="77.2770264192525">
    <time>2026-08-21T16:48:19.252Z</time>
    <extensions>
        <provider>whs</provider>
    </extensions>
</trkpt>
<trkpt lat="42.42547176240523" lon="77.2769652192525">
    <time>2026-08-21T16:48:20.261Z</time>
    <extensions>
        <provider>whs</provider>
    </extensions>
</trkpt>
<trkpt lat="42.425489062405234" lon="77.2769067192525">
    <time>2026-08-21T16:48:21.271Z</time>
    <extensions>
        <provider>whs</provider>
    </extensions>
</trkpt>
<trkpt lat="42.42550386240523" lon="77.27684811925249">
    <time>2026-08-21T16:48:22.280Z</time>
    <extensions>
        <provider>whs</provider>
    </extensions>
</trkpt>
<trkpt lat="42.42551006240523" lon="77.2767888192525">
    <time>2026-08-21T16:48:23.289Z</time>
    <extensions>
        <provider>whs</provider>
    </extensions>
</trkpt>
<trkpt lat="42.42550396240523" lon="77.2767259192525">
    <time>2026-08-21T16:48:24.298Z</time>
    <extensions>
        <provider>whs</provider>
    </extensions>
</trkpt>
<trkpt lat="42.42550446240523" lon="77.2766684192525">
    <time>2026-08-21T16:48:25.308Z</time>
    <extensions>
        <provider>whs</provider>
    </extensions>
</trkpt>
<trkpt lat="42.42550576240523" lon="77.2766123192525">
    <time>2026-08-21T16:48:26.318Z</time>
    <extensions>
        <provider>whs</provider>
    </extensions>
</trkpt>
<trkpt lat="42.425509162405234" lon="77.27656781925249">
    <time>2026-08-21T16:48:27.328Z</time>
    <extensions>
        <provider>whs</provider>
    </extensions>
</trkpt>
<trkpt lat="42.425510962405234" lon="77.2765083192525">
    <time>2026-08-21T16:48:28.338Z</time>
    <extensions>
        <provider>whs</provider>
    </extensions>
</trkpt>
<trkpt lat="42.42551426240523" lon="77.2764605192525">
    <time>2026-08-21T16:48:29.347Z</time>
    <extensions>
        <provider>whs</provider>
    </extensions>
</trkpt>
<trkpt lat="42.42551386240523" lon="77.2764015192525">
    <time>2026-08-21T16:48:30.358Z</time>
    <extensions>
        <provider>whs</provider>
    </extensions>
</trkpt>
<trkpt lat="42.42550636240523" lon="77.27634571925249">
    <time>2026-08-21T16:48:31.367Z</time>
    <extensions>
        <provider>whs</provider>
    </extensions>
</trkpt>
<trkpt lat="42.42548876240523" lon="77.2762982192525">
    <time>2026-08-21T16:48:32.376Z</time>
    <extensions>
        <provider>whs</provider>
    </extensions>
</trkpt>
<trkpt lat="42.42548616240523" lon="77.2762317192525">
    <time>2026-08-21T16:48:33.386Z</time>
    <extensions>
        <provider>whs</provider>
    </extensions>
</trkpt>
<trkpt lat="42.42548266240523" lon="77.2761560192525">
    <time>2026-08-21T16:48:34.393Z</time>
    <extensions>
        <provider>whs</provider>
    </extensions>
</trkpt>
<trkpt lat="42.425478862405235" lon="77.2760963192525">
    <time>2026-08-21T16:48:35.403Z</time>
    <extensions>
        <provider>whs</provider>
    </extensions>
</trkpt>
<trkpt lat="42.42547466240523" lon="77.2760347192525">
    <time>2026-08-21T16:48:36.416Z</time>
    <extensions>
        <provider>whs</provider>
    </extensions>
</trkpt>
<trkpt lat="42.42547316240523" lon="77.2759727192525">
    <time>2026-08-21T16:48:37.426Z</time>
    <extensions>
        <provider>whs</provider>
    </extensions>
</trkpt>
<trkpt lat="42.42546096240523" lon="77.2759233192525">
    <time>2026-08-21T16:48:38.435Z</time>
    <extensions>
        <provider>whs</provider>
    </extensions>
</trkpt>
<trkpt lat="42.42542686240523" lon="77.27589711925249">
    <time>2026-08-21T16:48:39.445Z</time>
    <extensions>
        <provider>whs</provider>
    </extensions>
</trkpt>
<trkpt lat="42.42538806240523" lon="77.2758633192525">
    <time>2026-08-21T16:48:40.452Z</time>
    <extensions>
        <provider>whs</provider>
    </extensions>
</trkpt>
<trkpt lat="42.42534946240523" lon="77.2758281192525">
    <time>2026-08-21T16:48:41.460Z</time>
    <extensions>
        <provider>whs</provider>
    </extensions>
</trkpt>
<trkpt lat="42.42531656240523" lon="77.2757856192525">
    <time>2026-08-21T16:48:42.469Z</time>
    <extensions>
        <provider>whs</provider>
    </extensions>
</trkpt>
<trkpt lat="42.42527906240523" lon="77.2757393192525">
    <time>2026-08-21T16:48:43.478Z</time>
    <extensions>
        <provider>whs</provider>
    </extensions>
</trkpt>
<trkpt lat="42.42524976240523" lon="77.2757002192525">
    <time>2026-08-21T16:48:44.488Z</time>
    <extensions>
        <provider>whs</provider>
    </extensions>
</trkpt>
<trkpt lat="42.42521826240523" lon="77.27568191925249">
    <time>2026-08-21T16:48:45.497Z</time>
    <extensions>
        <provider>whs</provider>
    </extensions>
</trkpt>
<trkpt lat="42.425185762405235" lon="77.2756541192525">
    <time>2026-08-21T16:48:46.506Z</time>
    <extensions>
        <provider>whs</provider>
    </extensions>
</trkpt>
<trkpt lat="42.425150462405234" lon="77.2756260192525">
    <time>2026-08-21T16:48:47.516Z</time>
    <extensions>
        <provider>whs</provider>
    </extensions>
</trkpt>
<trkpt lat="42.42509526240523" lon="77.2756141192525">
    <time>2026-08-21T16:48:48.525Z</time>
    <extensions>
        <provider>whs</provider>
    </extensions>
</trkpt>
<trkpt lat="42.425047662405234" lon="77.27560601925249">
    <time>2026-08-21T16:48:49.535Z</time>
    <extensions>
        <provider>whs</provider>
    </extensions>
</trkpt>
<trkpt lat="42.42500406240523" lon="77.2755909192525">
    <time>2026-08-21T16:48:50.546Z</time>
    <extensions>
        <provider>whs</provider>
    </extensions>
</trkpt>
<trkpt lat="42.42492386240523" lon="77.2755988192525">
    <time>2026-08-21T16:48:51.556Z</time>
    <extensions>
        <provider>whs</provider>
    </extensions>
</trkpt>
<trkpt lat="42.42487536240523" lon="77.27559551925249">
    <time>2026-08-21T16:48:52.563Z</time>
    <extensions>
        <provider>whs</provider>
    </extensions>
</trkpt>
<trkpt lat="42.42482736240523" lon="77.27560171925249">
    <time>2026-08-21T16:48:53.572Z</time>
    <extensions>
        <provider>whs</provider>
    </extensions>
</trkpt>
<trkpt lat="42.424785062405235" lon="77.27562351925249">
    <time>2026-08-21T16:48:54.581Z</time>
    <extensions>
        <provider>whs</provider>
    </extensions>
</trkpt>
<trkpt lat="42.42473366240523" lon="77.2756282192525">
    <time>2026-08-21T16:48:55.590Z</time>
    <extensions>
        <provider>whs</provider>
    </extensions>
</trkpt>
<trkpt lat="42.42468936240523" lon="77.2756341192525">
    <time>2026-08-21T16:48:56.599Z</time>
    <extensions>
        <provider>whs</provider>
    </extensions>
</trkpt>
<trkpt lat="42.42464906240523" lon="77.27564311925249">
    <time>2026-08-21T16:48:57.608Z</time>
    <extensions>
        <provider>whs</provider>
    </extensions>
</trkpt>
<trkpt lat="42.42461736240523" lon="77.2756535192525">
    <time>2026-08-21T16:48:58.618Z</time>
    <extensions>
        <provider>whs</provider>
    </extensions>
</trkpt>
<trkpt lat="42.42457606240523" lon="77.2756700192525">
    <time>2026-08-21T16:48:59.627Z</time>
    <extensions>
        <provider>whs</provider>
    </extensions>
</trkpt>
<trkpt lat="42.42454226240523" lon="77.2756949192525">
    <time>2026-08-21T16:49:00.636Z</time>
    <extensions>
        <provider>whs</provider>
    </extensions>
</trkpt>
<trkpt lat="42.42451276240523" lon="77.2757150192525">
    <time>2026-08-21T16:49:01.643Z</time>
    <extensions>
        <provider>whs</provider>
    </extensions>
</trkpt>
<trkpt lat="42.42447026240523" lon="77.2757316192525">
    <time>2026-08-21T16:49:02.651Z</time>
    <extensions>
        <provider>whs</provider>
    </extensions>
</trkpt>
<trkpt lat="42.424435362405234" lon="77.2757622192525">
    <time>2026-08-21T16:49:03.660Z</time>
    <extensions>
        <provider>whs</provider>
    </extensions>
</trkpt>
<trkpt lat="42.42440656240523" lon="77.2757866192525">
    <time>2026-08-21T16:49:04.671Z</time>
    <extensions>
        <provider>whs</provider>
    </extensions>
</trkpt>
<trkpt lat="42.42437266240523" lon="77.2758156192525">
    <time>2026-08-21T16:49:05.679Z</time>
    <extensions>
        <provider>whs</provider>
    </extensions>
</trkpt>
<trkpt lat="42.42433316240523" lon="77.2758515192525">
    <time>2026-08-21T16:49:06.688Z</time>
    <extensions>
        <provider>whs</provider>
    </extensions>
</trkpt>
<trkpt lat="42.42429346240523" lon="77.2758828192525">
    <time>2026-08-21T16:49:07.698Z</time>
    <extensions>
        <provider>whs</provider>
    </extensions>
</trkpt>
<trkpt lat="42.424259762405235" lon="77.2759188192525">
    <time>2026-08-21T16:49:08.706Z</time>
    <extensions>
        <provider>whs</provider>
    </extensions>
</trkpt>
<trkpt lat="42.424230562405235" lon="77.2759522192525">
    <time>2026-08-21T16:49:09.712Z</time>
    <extensions>
        <provider>whs</provider>
    </extensions>
</trkpt>
<trkpt lat="42.42419266240523" lon="77.27599691925249">
    <time>2026-08-21T16:49:10.722Z</time>
    <extensions>
        <provider>whs</provider>
    </extensions>
</trkpt>
<trkpt lat="42.42415536240523" lon="77.2760305192525">
    <time>2026-08-21T16:49:11.731Z</time>
    <extensions>
        <provider>whs</provider>
    </extensions>
</trkpt>
<trkpt lat="42.424117962405234" lon="77.2760659192525">
    <time>2026-08-21T16:49:12.740Z</time>
    <extensions>
        <provider>whs</provider>
    </extensions>
</trkpt>
<trkpt lat="42.42408076240523" lon="77.2761049192525">
    <time>2026-08-21T16:49:13.749Z</time>
    <extensions>
        <provider>whs</provider>
    </extensions>
</trkpt>
<trkpt lat="42.424053562405234" lon="77.2761376192525">
    <time>2026-08-21T16:49:14.757Z</time>
    <extensions>
        <provider>whs</provider>
    </extensions>
</trkpt>
<trkpt lat="42.42403526240523" lon="77.2761724192525">
    <time>2026-08-21T16:49:15.766Z</time>
    <extensions>
        <provider>whs</provider>
    </extensions>
</trkpt>
<trkpt lat="42.424017662405234" lon="77.2762093192525">
    <time>2026-08-21T16:49:16.773Z</time>
    <extensions>
        <provider>whs</provider>
    </extensions>
</trkpt>
<trkpt lat="42.424003162405235" lon="77.2762410192525">
    <time>2026-08-21T16:49:17.781Z</time>
    <extensions>
        <provider>whs</provider>
    </extensions>
</trkpt>
<trkpt lat="42.42399266240523" lon="77.2762702192525">
    <time>2026-08-21T16:49:18.789Z</time>
    <extensions>
        <provider>whs</provider>
    </extensions>
</trkpt>
<trkpt lat="42.42396886240523" lon="77.2762773192525">
    <time>2026-08-21T16:49:19.798Z</time>
    <extensions>
        <provider>whs</provider>
    </extensions>
</trkpt>
<trkpt lat="42.42397586240523" lon="77.27625331925249">
    <time>2026-08-21T16:49:23.835Z</time>
    <extensions>
        <provider>whs</provider>
    </extensions>
</trkpt>
<trkpt lat="42.42396276240523" lon="77.2762203192525">
    <time>2026-08-21T16:49:28.879Z</time>
    <extensions>
        <provider>whs</provider>
    </extensions>
</trkpt>
<trkpt lat="42.42397736240523" lon="77.2762524192525">
    <time>2026-08-21T16:49:36.913Z</time>
    <extensions>
        <provider>whs</provider>
    </extensions>
</trkpt>
<trkpt lat="42.42395526240523" lon="77.2762548192525">
    <time>2026-08-21T16:49:40.939Z</time>
    <extensions>
        <provider>whs</provider>
    </extensions>
</trkpt>
<trkpt lat="42.423928362405235" lon="77.27625451925249">
    <time>2026-08-21T16:49:44.940Z</time>
    <extensions>
        <provider>whs</provider>
    </extensions>
</trkpt>
<trkpt lat="42.42391046240523" lon="77.27625831925249">
    <time>2026-08-21T16:49:45.940Z</time>
    <extensions>
        <provider>whs</provider>
    </extensions>
</trkpt>
<trkpt lat="42.423933162405234" lon="77.2762835192525">
    <time>2026-08-21T16:49:47.940Z</time>
    <extensions>
        <provider>whs</provider>
    </extensions>
</trkpt>
<trkpt lat="42.42395356240523" lon="77.2762945192525">
    <time>2026-08-21T16:49:48.940Z</time>
    <extensions>
        <provider>whs</provider>
    </extensions>
</trkpt>
<trkpt lat="42.42396936240523" lon="77.2762719192525">
    <time>2026-08-21T16:49:53.958Z</time>
    <extensions>
        <provider>whs</provider>
    </extensions>
</trkpt>
<trkpt lat="42.42397766240523" lon="77.27624801925249">
    <time>2026-08-21T16:49:56.984Z</time>
    <extensions>
        <provider>whs</provider>
    </extensions>
</trkpt>
<trkpt lat="42.42396266240523" lon="77.2762306192525">
    <time>2026-08-21T16:50:06.070Z</time>
    <extensions>
        <provider>whs</provider>
    </extensions>
</trkpt>
<trkpt lat="42.423941062405234" lon="77.27621501925249">
    <time>2026-08-21T16:50:08.089Z</time>
    <extensions>
        <provider>whs</provider>
    </extensions>
</trkpt>
<trkpt lat="42.42393406240523" lon="77.2761821192525">
    <time>2026-08-21T16:50:10.111Z</time>
    <extensions>
        <provider>whs</provider>
    </extensions>
</trkpt>
<trkpt lat="42.42392606240523" lon="77.2761306192525">
    <time>2026-08-21T16:50:34.269Z</time>
    <extensions>
        <provider>whs</provider>
    </extensions>
</trkpt>
<trkpt lat="42.42394146240523" lon="77.2761089192525">
    <time>2026-08-21T16:50:37.296Z</time>
    <extensions>
        <provider>whs</provider>
    </extensions>
</trkpt>
<trkpt lat="42.42395846240523" lon="77.27609481925249">
    <time>2026-08-21T16:50:42.340Z</time>
    <extensions>
        <provider>whs</provider>
    </extensions>
</trkpt>
<trkpt lat="42.423969062405234" lon="77.27612281925249">
    <time>2026-08-21T16:50:46.378Z</time>
    <extensions>
        <provider>whs</provider>
    </extensions>
</trkpt>
<trkpt lat="42.42399446240523" lon="77.2761156192525">
    <time>2026-08-21T16:50:52.431Z</time>
    <extensions>
        <provider>whs</provider>
    </extensions>
</trkpt>
<trkpt lat="42.42399836240523" lon="77.2760839192525">
    <time>2026-08-21T16:50:55.459Z</time>
    <extensions>
        <provider>whs</provider>
    </extensions>
</trkpt>
<trkpt lat="42.42397246240523" lon="77.27608261925249">
    <time>2026-08-21T16:51:01.511Z</time>
    <extensions>
        <provider>whs</provider>
    </extensions>
</trkpt>
<trkpt lat="42.42397196240523" lon="77.2760262192525">
    <time>2026-08-21T16:51:03.529Z</time>
    <extensions>
        <provider>whs</provider>
    </extensions>
</trkpt>
<trkpt lat="42.42395726240523" lon="77.2759484192525">
    <time>2026-08-21T16:51:07.563Z</time>
    <extensions>
        <provider>whs</provider>
    </extensions>
</trkpt>
<trkpt lat="42.42392916240523" lon="77.2760191192525">
    <time>2026-08-21T16:51:08.568Z</time>
    <extensions>
        <provider>whs</provider>
    </extensions>
</trkpt>
<trkpt lat="42.42394466240523" lon="77.27603641925249">
    <time>2026-08-21T16:51:09.568Z</time>
    <extensions>
        <provider>whs</provider>
    </extensions>
</trkpt>
<trkpt lat="42.42393726240523" lon="77.2760641192525">
    <time>2026-08-21T16:51:10.567Z</time>
    <extensions>
        <provider>whs</provider>
    </extensions>
</trkpt>
<trkpt lat="42.42392246240523" lon="77.2760475192525">
    <time>2026-08-21T16:51:12.566Z</time>
    <extensions>
        <provider>whs</provider>
    </extensions>
</trkpt>
<trkpt lat="42.42394036240523" lon="77.2760815192525">
    <time>2026-08-21T16:51:13.566Z</time>
    <extensions>
        <provider>whs</provider>
    </extensions>
</trkpt>
<trkpt lat="42.42393736240523" lon="77.27613361925249">
    <time>2026-08-21T16:51:15.565Z</time>
    <extensions>
        <provider>whs</provider>
    </extensions>
</trkpt>
<trkpt lat="42.42391876240523" lon="77.2761170192525">
    <time>2026-08-21T16:51:22.565Z</time>
    <extensions>
        <provider>whs</provider>
    </extensions>
</trkpt>
<trkpt lat="42.423944762405235" lon="77.27611711925249">
    <time>2026-08-21T16:51:26.571Z</time>
    <extensions>
        <provider>whs</provider>
    </extensions>
</trkpt>
<trkpt lat="42.42397256240523" lon="77.27612861925249">
    <time>2026-08-21T16:51:27.581Z</time>
    <extensions>
        <provider>whs</provider>
    </extensions>
</trkpt>
<trkpt lat="42.42400446240523" lon="77.2761287192525">
    <time>2026-08-21T16:51:28.590Z</time>
    <extensions>
        <provider>whs</provider>
    </extensions>
</trkpt>
<trkpt lat="42.42398596240523" lon="77.2761084192525">
    <time>2026-08-21T16:51:34.641Z</time>
    <extensions>
        <provider>whs</provider>
    </extensions>
</trkpt>
<trkpt lat="42.42395856240523" lon="77.2761021192525">
    <time>2026-08-21T16:51:35.650Z</time>
    <extensions>
        <provider>whs</provider>
    </extensions>
</trkpt>
<trkpt lat="42.42394016240523" lon="77.2760986192525">
    <time>2026-08-21T16:51:36.659Z</time>
    <extensions>
        <provider>whs</provider>
    </extensions>
</trkpt>
<trkpt lat="42.42396086240523" lon="77.2761186192525">
    <time>2026-08-21T16:51:41.704Z</time>
    <extensions>
        <provider>whs</provider>
    </extensions>
</trkpt>
<trkpt lat="42.423972762405235" lon="77.27609031925249">
    <time>2026-08-21T16:51:45.735Z</time>
    <extensions>
        <provider>whs</provider>
    </extensions>
</trkpt>
<trkpt lat="42.42399436240523" lon="77.2760724192525">
    <time>2026-08-21T16:51:47.739Z</time>
    <extensions>
        <provider>whs</provider>
    </extensions>
</trkpt>
<trkpt lat="42.42395826240523" lon="77.2760823192525">
    <time>2026-08-21T16:51:54.801Z</time>
    <extensions>
        <provider>whs</provider>
    </extensions>
</trkpt>
<trkpt lat="42.42394766240523" lon="77.2760532192525">
    <time>2026-08-21T16:51:55.808Z</time>
    <extensions>
        <provider>whs</provider>
    </extensions>
</trkpt>
<trkpt lat="42.42392566240523" lon="77.2760552192525">
    <time>2026-08-21T16:51:56.817Z</time>
    <extensions>
        <provider>whs</provider>
    </extensions>
</trkpt>
<trkpt lat="42.42389696240523" lon="77.2760610192525">
    <time>2026-08-21T16:51:57.828Z</time>
    <extensions>
        <provider>whs</provider>
    </extensions>
</trkpt>
<trkpt lat="42.42390306240523" lon="77.27612761925249">
    <time>2026-08-21T16:51:58.838Z</time>
    <extensions>
        <provider>whs</provider>
    </extensions>
</trkpt>
<trkpt lat="42.423911262405234" lon="77.2761541192525">
    <time>2026-08-21T16:52:00.854Z</time>
    <extensions>
        <provider>whs</provider>
    </extensions>
</trkpt>
<trkpt lat="42.42392486240523" lon="77.2761341192525">
    <time>2026-08-21T16:52:07.881Z</time>
    <extensions>
        <provider>whs</provider>
    </extensions>
</trkpt>
<trkpt lat="42.42394276240523" lon="77.2761265192525">
    <time>2026-08-21T16:52:08.881Z</time>
    <extensions>
        <provider>whs</provider>
    </extensions>
</trkpt>
<trkpt lat="42.42396006240523" lon="77.2761442192525">
    <time>2026-08-21T16:52:09.881Z</time>
    <extensions>
        <provider>whs</provider>
    </extensions>
</trkpt>
<trkpt lat="42.42394856240523" lon="77.2761125192525">
    <time>2026-08-21T16:52:11.881Z</time>
    <extensions>
        <provider>whs</provider>
    </extensions>
</trkpt>
<trkpt lat="42.423962962405234" lon="77.2761347192525">
    <time>2026-08-21T16:52:17.882Z</time>
    <extensions>
        <provider>whs</provider>
    </extensions>
</trkpt>
<trkpt lat="42.42395496240523" lon="77.27610581925249">
    <time>2026-08-21T16:52:19.882Z</time>
    <extensions>
        <provider>whs</provider>
    </extensions>
</trkpt>
<trkpt lat="42.42394646240523" lon="77.2760737192525">
    <time>2026-08-21T16:52:27.943Z</time>
    <extensions>
        <provider>whs</provider>
    </extensions>
</trkpt>
<trkpt lat="42.423967262405235" lon="77.2760888192525">
    <time>2026-08-21T16:52:30.972Z</time>
    <extensions>
        <provider>whs</provider>
    </extensions>
</trkpt>
<trkpt lat="42.42396226240523" lon="77.27612451925249">
    <time>2026-08-21T16:52:34.001Z</time>
    <extensions>
        <provider>whs</provider>
    </extensions>
</trkpt>
<trkpt lat="42.42397976240523" lon="77.2761359192525">
    <time>2026-08-21T16:52:37.029Z</time>
    <extensions>
        <provider>whs</provider>
    </extensions>
</trkpt>
<trkpt lat="42.42397256240523" lon="77.2761752192525">
    <time>2026-08-21T16:52:50.143Z</time>
    <extensions>
        <provider>whs</provider>
    </extensions>
</trkpt>
<trkpt lat="42.423989762405235" lon="77.2761504192525">
    <time>2026-08-21T16:52:59.230Z</time>
    <extensions>
        <provider>whs</provider>
    </extensions>
</trkpt>
<trkpt lat="42.42399236240523" lon="77.27612521925249">
    <time>2026-08-21T16:53:02.260Z</time>
    <extensions>
        <provider>whs</provider>
    </extensions>
</trkpt>
<trkpt lat="42.42402696240523" lon="77.2761650192525">
    <time>2026-08-21T16:53:08.313Z</time>
    <extensions>
        <provider>whs</provider>
    </extensions>
</trkpt>
<trkpt lat="42.42405706240523" lon="77.2762043192525">
    <time>2026-08-21T16:53:09.322Z</time>
    <extensions>
        <provider>whs</provider>
    </extensions>
</trkpt>
<trkpt lat="42.42406836240523" lon="77.2762369192525">
    <time>2026-08-21T16:53:10.333Z</time>
    <extensions>
        <provider>whs</provider>
    </extensions>
</trkpt>
<trkpt lat="42.42407016240523" lon="77.2762733192525">
    <time>2026-08-21T16:53:11.342Z</time>
    <extensions>
        <provider>whs</provider>
    </extensions>
</trkpt>
<trkpt lat="42.424064462405234" lon="77.2763146192525">
    <time>2026-08-21T16:53:12.352Z</time>
    <extensions>
        <provider>whs</provider>
    </extensions>
</trkpt>
<trkpt lat="42.424055962405234" lon="77.2763580192525">
    <time>2026-08-21T16:53:13.360Z</time>
    <extensions>
        <provider>whs</provider>
    </extensions>
</trkpt>
<trkpt lat="42.42404786240523" lon="77.2764059192525">
    <time>2026-08-21T16:53:14.368Z</time>
    <extensions>
        <provider>whs</provider>
    </extensions>
</trkpt>
<trkpt lat="42.42404066240523" lon="77.2764566192525">
    <time>2026-08-21T16:53:15.376Z</time>
    <extensions>
        <provider>whs</provider>
    </extensions>
</trkpt>
<trkpt lat="42.424038362405234" lon="77.2765131192525">
    <time>2026-08-21T16:53:16.387Z</time>
    <extensions>
        <provider>whs</provider>
    </extensions>
</trkpt>
<trkpt lat="42.42404166240523" lon="77.2765741192525">
    <time>2026-08-21T16:53:17.394Z</time>
    <extensions>
        <provider>whs</provider>
    </extensions>
</trkpt>
<trkpt lat="42.42405256240523" lon="77.2766482192525">
    <time>2026-08-21T16:53:18.402Z</time>
    <extensions>
        <provider>whs</provider>
    </extensions>
</trkpt>
<trkpt lat="42.42406286240523" lon="77.2767291192525">
    <time>2026-08-21T16:53:19.413Z</time>
    <extensions>
        <provider>whs</provider>
    </extensions>
</trkpt>
<trkpt lat="42.42408046240523" lon="77.2768799192525">
    <time>2026-08-21T16:53:20.424Z</time>
    <extensions>
        <provider>whs</provider>
    </extensions>
</trkpt>
<trkpt lat="42.42359926240523" lon="77.2762586192525">
    <time>2026-08-21T16:53:28.496Z</time>
    <extensions>
        <provider>whs</provider>
    </extensions>
</trkpt>
<trkpt lat="42.42402896240523" lon="77.2760666192525">
    <time>2026-08-21T16:53:29.506Z</time>
    <extensions>
        <provider>whs</provider>
    </extensions>
</trkpt>
<trkpt lat="42.42404636240523" lon="77.27615921925249">
    <time>2026-08-21T16:53:30.515Z</time>
    <extensions>
        <provider>whs</provider>
    </extensions>
</trkpt>
<trkpt lat="42.423998862405234" lon="77.2762556192525">
    <time>2026-08-21T16:53:31.524Z</time>
    <extensions>
        <provider>whs</provider>
    </extensions>
</trkpt>
<trkpt lat="42.42402876240523" lon="77.27626121925249">
    <time>2026-08-21T16:53:32.535Z</time>
    <extensions>
        <provider>whs</provider>
    </extensions>
</trkpt>
<trkpt lat="42.42406776240523" lon="77.2762845192525">
    <time>2026-08-21T16:53:33.546Z</time>
    <extensions>
        <provider>whs</provider>
    </extensions>
</trkpt>
<trkpt lat="42.42409716240523" lon="77.2762850192525">
    <time>2026-08-21T16:53:34.554Z</time>
    <extensions>
        <provider>whs</provider>
    </extensions>
</trkpt>
<trkpt lat="42.42410806240523" lon="77.27630761925249">
    <time>2026-08-21T16:53:35.564Z</time>
    <extensions>
        <provider>whs</provider>
    </extensions>
</trkpt>
<trkpt lat="42.42408556240523" lon="77.2763115192525">
    <time>2026-08-21T16:53:36.574Z</time>
    <extensions>
        <provider>whs</provider>
    </extensions>
</trkpt>
<trkpt lat="42.42405926240523" lon="77.27630021925249">
    <time>2026-08-21T16:53:37.583Z</time>
    <extensions>
        <provider>whs</provider>
    </extensions>
</trkpt>
<trkpt lat="42.424039562405234" lon="77.2761947192525">
    <time>2026-08-21T16:53:39.602Z</time>
    <extensions>
        <provider>whs</provider>
    </extensions>
</trkpt>
<trkpt lat="42.42398506240523" lon="77.2761990192525">
    <time>2026-08-21T16:53:40.611Z</time>
    <extensions>
        <provider>whs</provider>
    </extensions>
</trkpt>
<trkpt lat="42.42395766240523" lon="77.2761584192525">
    <time>2026-08-21T16:53:41.620Z</time>
    <extensions>
        <provider>whs</provider>
    </extensions>
</trkpt>
<trkpt lat="42.42393406240523" lon="77.2761684192525">
    <time>2026-08-21T16:53:47.675Z</time>
    <extensions>
        <provider>whs</provider>
    </extensions>
</trkpt>
<trkpt lat="42.42393836240523" lon="77.2762191192525">
    <time>2026-08-21T16:53:49.693Z</time>
    <extensions>
        <provider>whs</provider>
    </extensions>
</trkpt>
<trkpt lat="42.42395726240523" lon="77.27624201925249">
    <time>2026-08-21T16:53:50.704Z</time>
    <extensions>
        <provider>whs</provider>
    </extensions>
</trkpt>
<trkpt lat="42.42393596240523" lon="77.2762615192525">
    <time>2026-08-21T16:53:52.721Z</time>
    <extensions>
        <provider>whs</provider>
    </extensions>
</trkpt>
<trkpt lat="42.42391346240523" lon="77.27624111925249">
    <time>2026-08-21T16:53:54.741Z</time>
    <extensions>
        <provider>whs</provider>
    </extensions>
</trkpt>
<trkpt lat="42.42389866240523" lon="77.27622311925249">
    <time>2026-08-21T16:53:56.759Z</time>
    <extensions>
        <provider>whs</provider>
    </extensions>
</trkpt>
<trkpt lat="42.42391606240523" lon="77.2762070192525">
    <time>2026-08-21T16:53:58.779Z</time>
    <extensions>
        <provider>whs</provider>
    </extensions>
</trkpt>
<trkpt lat="42.42394066240523" lon="77.2762189192525">
    <time>2026-08-21T16:54:02.818Z</time>
    <extensions>
        <provider>whs</provider>
    </extensions>
</trkpt>
<trkpt lat="42.42394026240523" lon="77.27619321925249">
    <time>2026-08-21T16:54:05.845Z</time>
    <extensions>
        <provider>whs</provider>
    </extensions>
</trkpt>
<trkpt lat="42.423964262405235" lon="77.2762075192525">
    <time>2026-08-21T16:54:08.872Z</time>
    <extensions>
        <provider>whs</provider>
    </extensions>
</trkpt>
<trkpt lat="42.42398016240523" lon="77.2762307192525">
    <time>2026-08-21T16:54:09.880Z</time>
    <extensions>
        <provider>whs</provider>
    </extensions>
</trkpt>
<trkpt lat="42.423997062405235" lon="77.2762436192525">
    <time>2026-08-21T16:54:10.889Z</time>
    <extensions>
        <provider>whs</provider>
    </extensions>
</trkpt>
<trkpt lat="42.42400576240523" lon="77.27626691925249">
    <time>2026-08-21T16:54:12.906Z</time>
    <extensions>
        <provider>whs</provider>
    </extensions>
</trkpt>
<trkpt lat="42.42397346240523" lon="77.2762398192525">
    <time>2026-08-21T16:54:22.994Z</time>
    <extensions>
        <provider>whs</provider>
    </extensions>
</trkpt>
<trkpt lat="42.42396756240523" lon="77.2762149192525">
    <time>2026-08-21T16:54:25.013Z</time>
    <extensions>
        <provider>whs</provider>
    </extensions>
</trkpt>
<trkpt lat="42.42399206240523" lon="77.27623581925249">
    <time>2026-08-21T16:54:33.086Z</time>
    <extensions>
        <provider>whs</provider>
    </extensions>
</trkpt>
<trkpt lat="42.42396696240523" lon="77.2762289192525">
    <time>2026-08-21T16:54:39.144Z</time>
    <extensions>
        <provider>whs</provider>
    </extensions>
</trkpt>
<trkpt lat="42.42394866240523" lon="77.2762419192525">
    <time>2026-08-21T16:54:43.178Z</time>
    <extensions>
        <provider>whs</provider>
    </extensions>
</trkpt>
<trkpt lat="42.42392506240523" lon="77.2762359192525">
    <time>2026-08-21T16:54:53.268Z</time>
    <extensions>
        <provider>whs</provider>
    </extensions>
</trkpt>
<trkpt lat="42.42389996240523" lon="77.27626001925249">
    <time>2026-08-21T16:54:55.283Z</time>
    <extensions>
        <provider>whs</provider>
    </extensions>
</trkpt>
<trkpt lat="42.42391636240523" lon="77.27623941925249">
    <time>2026-08-21T16:54:57.302Z</time>
    <extensions>
        <provider>whs</provider>
    </extensions>
</trkpt>
<trkpt lat="42.42393226240523" lon="77.2762192192525">
    <time>2026-08-21T16:55:09.393Z</time>
    <extensions>
        <provider>whs</provider>
    </extensions>
</trkpt>
<trkpt lat="42.42394996240523" lon="77.2762100192525">
    <time>2026-08-21T16:55:11.408Z</time>
    <extensions>
        <provider>whs</provider>
    </extensions>
</trkpt>
<trkpt lat="42.423977562405234" lon="77.27620661925249">
    <time>2026-08-21T16:55:13.411Z</time>
    <extensions>
        <provider>whs</provider>
    </extensions>
</trkpt>
<trkpt lat="42.42400516240523" lon="77.2761952192525">
    <time>2026-08-21T16:55:14.411Z</time>
    <extensions>
        <provider>whs</provider>
    </extensions>
</trkpt>
<trkpt lat="42.42404916240523" lon="77.2762096192525">
    <time>2026-08-21T16:55:15.411Z</time>
    <extensions>
        <provider>whs</provider>
    </extensions>
</trkpt>
<trkpt lat="42.42409756240523" lon="77.27623101925249">
    <time>2026-08-21T16:55:16.411Z</time>
    <extensions>
        <provider>whs</provider>
    </extensions>
</trkpt>
<trkpt lat="42.42414376240523" lon="77.2762530192525">
    <time>2026-08-21T16:55:17.411Z</time>
    <extensions>
        <provider>whs</provider>
    </extensions>
</trkpt>
<trkpt lat="42.42418596240523" lon="77.2762659192525">
    <time>2026-08-21T16:55:18.417Z</time>
    <extensions>
        <provider>whs</provider>
    </extensions>
</trkpt>
<trkpt lat="42.424230462405234" lon="77.2762888192525">
    <time>2026-08-21T16:55:19.425Z</time>
    <extensions>
        <provider>whs</provider>
    </extensions>
</trkpt>
<trkpt lat="42.42428306240523" lon="77.2763298192525">
    <time>2026-08-21T16:55:20.435Z</time>
    <extensions>
        <provider>whs</provider>
    </extensions>
</trkpt>
<trkpt lat="42.42433296240523" lon="77.2763528192525">
    <time>2026-08-21T16:55:21.443Z</time>
    <extensions>
        <provider>whs</provider>
    </extensions>
</trkpt>
<trkpt lat="42.42437616240523" lon="77.2763783192525">
    <time>2026-08-21T16:55:22.442Z</time>
    <extensions>
        <provider>whs</provider>
    </extensions>
</trkpt>
<trkpt lat="42.42442236240523" lon="77.2764059192525">
    <time>2026-08-21T16:55:23.442Z</time>
    <extensions>
        <provider>whs</provider>
    </extensions>
</trkpt>
<trkpt lat="42.42447526240523" lon="77.2764247192525">
    <time>2026-08-21T16:55:24.442Z</time>
    <extensions>
        <provider>whs</provider>
    </extensions>
</trkpt>
<trkpt lat="42.424533262405234" lon="77.27644311925249">
    <time>2026-08-21T16:55:25.442Z</time>
    <extensions>
        <provider>whs</provider>
    </extensions>
</trkpt>
<trkpt lat="42.42457616240523" lon="77.2764647192525">
    <time>2026-08-21T16:55:26.446Z</time>
    <extensions>
        <provider>whs</provider>
    </extensions>
</trkpt>
<trkpt lat="42.42461746240523" lon="77.2764980192525">
    <time>2026-08-21T16:55:27.454Z</time>
    <extensions>
        <provider>whs</provider>
    </extensions>
</trkpt>
<trkpt lat="42.42465696240523" lon="77.2765189192525">
    <time>2026-08-21T16:55:28.463Z</time>
    <extensions>
        <provider>whs</provider>
    </extensions>
</trkpt>
<trkpt lat="42.424696862405234" lon="77.2765404192525">
    <time>2026-08-21T16:55:29.474Z</time>
    <extensions>
        <provider>whs</provider>
    </extensions>
</trkpt>
<trkpt lat="42.42473266240523" lon="77.2765627192525">
    <time>2026-08-21T16:55:30.482Z</time>
    <extensions>
        <provider>whs</provider>
    </extensions>
</trkpt>
<trkpt lat="42.424784462405235" lon="77.2765732192525">
    <time>2026-08-21T16:55:31.490Z</time>
    <extensions>
        <provider>whs</provider>
    </extensions>
</trkpt>
<trkpt lat="42.424829362405234" lon="77.2765955192525">
    <time>2026-08-21T16:55:32.498Z</time>
    <extensions>
        <provider>whs</provider>
    </extensions>
</trkpt>
<trkpt lat="42.424871962405234" lon="77.2766081192525">
    <time>2026-08-21T16:55:33.506Z</time>
    <extensions>
        <provider>whs</provider>
    </extensions>
</trkpt>
<trkpt lat="42.42491296240523" lon="77.2766289192525">
    <time>2026-08-21T16:55:34.513Z</time>
    <extensions>
        <provider>whs</provider>
    </extensions>
</trkpt>
<trkpt lat="42.42495546240523" lon="77.2766495192525">
    <time>2026-08-21T16:55:35.522Z</time>
    <extensions>
        <provider>whs</provider>
    </extensions>
</trkpt>
<trkpt lat="42.425037362405234" lon="77.2766948192525">
    <time>2026-08-21T16:55:36.531Z</time>
    <extensions>
        <provider>whs</provider>
    </extensions>
</trkpt>
<trkpt lat="42.42513196240523" lon="77.2767165192525">
    <time>2026-08-21T16:55:38.551Z</time>
    <extensions>
        <provider>whs</provider>
    </extensions>
</trkpt>
<trkpt lat="42.42517506240523" lon="77.2767097192525">
    <time>2026-08-21T16:55:39.559Z</time>
    <extensions>
        <provider>whs</provider>
    </extensions>
</trkpt>
<trkpt lat="42.42522716240523" lon="77.2766904192525">
    <time>2026-08-21T16:55:40.567Z</time>
    <extensions>
        <provider>whs</provider>
    </extensions>
</trkpt>
<trkpt lat="42.42527166240523" lon="77.2766727192525">
    <time>2026-08-21T16:55:41.574Z</time>
    <extensions>
        <provider>whs</provider>
    </extensions>
</trkpt>
<trkpt lat="42.42530326240523" lon="77.2766404192525">
    <time>2026-08-21T16:55:42.583Z</time>
    <extensions>
        <provider>whs</provider>
    </extensions>
</trkpt>
<trkpt lat="42.42533866240523" lon="77.2766114192525">
    <time>2026-08-21T16:55:43.593Z</time>
    <extensions>
        <provider>whs</provider>
    </extensions>
</trkpt>
<trkpt lat="42.42537696240523" lon="77.2765807192525">
    <time>2026-08-21T16:55:44.602Z</time>
    <extensions>
        <provider>whs</provider>
    </extensions>
</trkpt>
<trkpt lat="42.42542416240523" lon="77.27655681925249">
    <time>2026-08-21T16:55:45.610Z</time>
    <extensions>
        <provider>whs</provider>
    </extensions>
</trkpt>
<trkpt lat="42.42545906240523" lon="77.2765186192525">
    <time>2026-08-21T16:55:46.617Z</time>
    <extensions>
        <provider>whs</provider>
    </extensions>
</trkpt>
<trkpt lat="42.425492762405234" lon="77.2764828192525">
    <time>2026-08-21T16:55:47.627Z</time>
    <extensions>
        <provider>whs</provider>
    </extensions>
</trkpt>
<trkpt lat="42.425517762405235" lon="77.2764507192525">
    <time>2026-08-21T16:55:48.636Z</time>
    <extensions>
        <provider>whs</provider>
    </extensions>
</trkpt>
<trkpt lat="42.42553756240523" lon="77.2764042192525">
    <time>2026-08-21T16:55:49.644Z</time>
    <extensions>
        <provider>whs</provider>
    </extensions>
</trkpt>
<trkpt lat="42.42554956240523" lon="77.2763454192525">
    <time>2026-08-21T16:55:50.653Z</time>
    <extensions>
        <provider>whs</provider>
    </extensions>
</trkpt>
<trkpt lat="42.42555806240523" lon="77.2762871192525">
    <time>2026-08-21T16:55:51.662Z</time>
    <extensions>
        <provider>whs</provider>
    </extensions>
</trkpt>
<trkpt lat="42.42556606240523" lon="77.2762467192525">
    <time>2026-08-21T16:55:52.670Z</time>
    <extensions>
        <provider>whs</provider>
    </extensions>
</trkpt>
<trkpt lat="42.42556316240523" lon="77.2762189192525">
    <time>2026-08-21T16:55:53.678Z</time>
    <extensions>
        <provider>whs</provider>
    </extensions>
</trkpt>
<trkpt lat="42.425573062405235" lon="77.2761637192525">
    <time>2026-08-21T16:55:54.686Z</time>
    <extensions>
        <provider>whs</provider>
    </extensions>
</trkpt>
<trkpt lat="42.42556956240523" lon="77.27612161925249">
    <time>2026-08-21T16:55:55.700Z</time>
    <extensions>
        <provider>whs</provider>
    </extensions>
</trkpt>
<trkpt lat="42.42555386240523" lon="77.2760652192525">
    <time>2026-08-21T16:55:56.710Z</time>
    <extensions>
        <provider>whs</provider>
    </extensions>
</trkpt>
<trkpt lat="42.42555286240523" lon="77.2760043192525">
    <time>2026-08-21T16:55:57.718Z</time>
    <extensions>
        <provider>whs</provider>
    </extensions>
</trkpt>
<trkpt lat="42.42554046240523" lon="77.2759549192525">
    <time>2026-08-21T16:55:58.725Z</time>
    <extensions>
        <provider>whs</provider>
    </extensions>
</trkpt>
<trkpt lat="42.425519462405234" lon="77.2759064192525">
    <time>2026-08-21T16:55:59.735Z</time>
    <extensions>
        <provider>whs</provider>
    </extensions>
</trkpt>
<trkpt lat="42.42550526240523" lon="77.2758745192525">
    <time>2026-08-21T16:56:00.744Z</time>
    <extensions>
        <provider>whs</provider>
    </extensions>
</trkpt>
<trkpt lat="42.425483062405235" lon="77.2758415192525">
    <time>2026-08-21T16:56:01.754Z</time>
    <extensions>
        <provider>whs</provider>
    </extensions>
</trkpt>
<trkpt lat="42.42545256240523" lon="77.2757983192525">
    <time>2026-08-21T16:56:02.765Z</time>
    <extensions>
        <provider>whs</provider>
    </extensions>
</trkpt>
<trkpt lat="42.42540876240523" lon="77.2757629192525">
    <time>2026-08-21T16:56:03.772Z</time>
    <extensions>
        <provider>whs</provider>
    </extensions>
</trkpt>
<trkpt lat="42.42536596240523" lon="77.2757344192525">
    <time>2026-08-21T16:56:04.781Z</time>
    <extensions>
        <provider>whs</provider>
    </extensions>
</trkpt>
<trkpt lat="42.425335362405235" lon="77.2756892192525">
    <time>2026-08-21T16:56:05.790Z</time>
    <extensions>
        <provider>whs</provider>
    </extensions>
</trkpt>
<trkpt lat="42.42530056240523" lon="77.27565151925249">
    <time>2026-08-21T16:56:06.800Z</time>
    <extensions>
        <provider>whs</provider>
    </extensions>
</trkpt>
<trkpt lat="42.42526096240523" lon="77.2756158192525">
    <time>2026-08-21T16:56:07.812Z</time>
    <extensions>
        <provider>whs</provider>
    </extensions>
</trkpt>
<trkpt lat="42.425229462405234" lon="77.27558521925249">
    <time>2026-08-21T16:56:08.821Z</time>
    <extensions>
        <provider>whs</provider>
    </extensions>
</trkpt>
<trkpt lat="42.42519336240523" lon="77.27557371925249">
    <time>2026-08-21T16:56:09.830Z</time>
    <extensions>
        <provider>whs</provider>
    </extensions>
</trkpt>
<trkpt lat="42.425150462405234" lon="77.27555291925249">
    <time>2026-08-21T16:56:10.838Z</time>
    <extensions>
        <provider>whs</provider>
    </extensions>
</trkpt>
<trkpt lat="42.425104262405235" lon="77.2755331192525">
    <time>2026-08-21T16:56:11.846Z</time>
    <extensions>
        <provider>whs</provider>
    </extensions>
</trkpt>
<trkpt lat="42.42506376240523" lon="77.2755267192525">
    <time>2026-08-21T16:56:12.855Z</time>
    <extensions>
        <provider>whs</provider>
    </extensions>
</trkpt>
<trkpt lat="42.42501656240523" lon="77.2755085192525">
    <time>2026-08-21T16:56:13.865Z</time>
    <extensions>
        <provider>whs</provider>
    </extensions>
</trkpt>
<trkpt lat="42.424968662405234" lon="77.2755136192525">
    <time>2026-08-21T16:56:14.873Z</time>
    <extensions>
        <provider>whs</provider>
    </extensions>
</trkpt>
<trkpt lat="42.42491966240523" lon="77.2755277192525">
    <time>2026-08-21T16:56:15.882Z</time>
    <extensions>
        <provider>whs</provider>
    </extensions>
</trkpt>
<trkpt lat="42.424877462405234" lon="77.2755466192525">
    <time>2026-08-21T16:56:16.890Z</time>
    <extensions>
        <provider>whs</provider>
    </extensions>
</trkpt>
<trkpt lat="42.424831862405235" lon="77.2755650192525">
    <time>2026-08-21T16:56:17.900Z</time>
    <extensions>
        <provider>whs</provider>
    </extensions>
</trkpt>
<trkpt lat="42.42478756240523" lon="77.2755758192525">
    <time>2026-08-21T16:56:18.907Z</time>
    <extensions>
        <provider>whs</provider>
    </extensions>
</trkpt>
<trkpt lat="42.42474176240523" lon="77.2755887192525">
    <time>2026-08-21T16:56:19.917Z</time>
    <extensions>
        <provider>whs</provider>
    </extensions>
</trkpt>
<trkpt lat="42.42468706240523" lon="77.2756059192525">
    <time>2026-08-21T16:56:20.925Z</time>
    <extensions>
        <provider>whs</provider>
    </extensions>
</trkpt>
<trkpt lat="42.42464326240523" lon="77.2756361192525">
    <time>2026-08-21T16:56:21.933Z</time>
    <extensions>
        <provider>whs</provider>
    </extensions>
</trkpt>
<trkpt lat="42.42460516240523" lon="77.27565271925249">
    <time>2026-08-21T16:56:22.943Z</time>
    <extensions>
        <provider>whs</provider>
    </extensions>
</trkpt>
<trkpt lat="42.42456646240523" lon="77.2756711192525">
    <time>2026-08-21T16:56:23.952Z</time>
    <extensions>
        <provider>whs</provider>
    </extensions>
</trkpt>
<trkpt lat="42.424524762405234" lon="77.2756945192525">
    <time>2026-08-21T16:56:24.962Z</time>
    <extensions>
        <provider>whs</provider>
    </extensions>
</trkpt>
<trkpt lat="42.42446796240523" lon="77.2757119192525">
    <time>2026-08-21T16:56:25.973Z</time>
    <extensions>
        <provider>whs</provider>
    </extensions>
</trkpt>
<trkpt lat="42.42442186240523" lon="77.2757267192525">
    <time>2026-08-21T16:56:26.983Z</time>
    <extensions>
        <provider>whs</provider>
    </extensions>
</trkpt>
<trkpt lat="42.42439846240523" lon="77.2757489192525">
    <time>2026-08-21T16:56:27.991Z</time>
    <extensions>
        <provider>whs</provider>
    </extensions>
</trkpt>
<trkpt lat="42.42435966240523" lon="77.2757789192525">
    <time>2026-08-21T16:56:29.001Z</time>
    <extensions>
        <provider>whs</provider>
    </extensions>
</trkpt>
<trkpt lat="42.424329062405235" lon="77.2758175192525">
    <time>2026-08-21T16:56:30.008Z</time>
    <extensions>
        <provider>whs</provider>
    </extensions>
</trkpt>
<trkpt lat="42.42428786240523" lon="77.2758589192525">
    <time>2026-08-21T16:56:31.018Z</time>
    <extensions>
        <provider>whs</provider>
    </extensions>
</trkpt>
<trkpt lat="42.42424666240523" lon="77.2758955192525">
    <time>2026-08-21T16:56:32.026Z</time>
    <extensions>
        <provider>whs</provider>
    </extensions>
</trkpt>
<trkpt lat="42.42420946240523" lon="77.27591411925249">
    <time>2026-08-21T16:56:33.035Z</time>
    <extensions>
        <provider>whs</provider>
    </extensions>
</trkpt>
<trkpt lat="42.42418026240523" lon="77.2759351192525">
    <time>2026-08-21T16:56:34.044Z</time>
    <extensions>
        <provider>whs</provider>
    </extensions>
</trkpt>
<trkpt lat="42.424145962405234" lon="77.2759537192525">
    <time>2026-08-21T16:56:35.053Z</time>
    <extensions>
        <provider>whs</provider>
    </extensions>
</trkpt>
<trkpt lat="42.42411096240523" lon="77.2759825192525">
    <time>2026-08-21T16:56:36.062Z</time>
    <extensions>
        <provider>whs</provider>
    </extensions>
</trkpt>
<trkpt lat="42.424079062405234" lon="77.2760095192525">
    <time>2026-08-21T16:56:37.071Z</time>
    <extensions>
        <provider>whs</provider>
    </extensions>
</trkpt>
<trkpt lat="42.42404726240523" lon="77.2760343192525">
    <time>2026-08-21T16:56:38.079Z</time>
    <extensions>
        <provider>whs</provider>
    </extensions>
</trkpt>
<trkpt lat="42.42402386240523" lon="77.2760701192525">
    <time>2026-08-21T16:56:39.086Z</time>
    <extensions>
        <provider>whs</provider>
    </extensions>
</trkpt>
<trkpt lat="42.42400536240523" lon="77.2761277192525">
    <time>2026-08-21T16:56:40.095Z</time>
    <extensions>
        <provider>whs</provider>
    </extensions>
</trkpt>
<trkpt lat="42.42399616240523" lon="77.2761562192525">
    <time>2026-08-21T16:56:41.105Z</time>
    <extensions>
        <provider>whs</provider>
    </extensions>
</trkpt>
<trkpt lat="42.42398496240523" lon="77.27619441925249">
    <time>2026-08-21T16:56:42.115Z</time>
    <extensions>
        <provider>whs</provider>
    </extensions>
</trkpt>
<trkpt lat="42.42396456240523" lon="77.2762500192525">
    <time>2026-08-21T16:56:43.128Z</time>
    <extensions>
        <provider>whs</provider>
    </extensions>
</trkpt>
<trkpt lat="42.423899762405235" lon="77.27636411925249">
    <time>2026-08-21T16:56:44.135Z</time>
    <extensions>
        <provider>whs</provider>
    </extensions>
</trkpt>
<trkpt lat="42.42385486240523" lon="77.2764417192525">
    <time>2026-08-21T16:56:45.145Z</time>
    <extensions>
        <provider>whs</provider>
    </extensions>
</trkpt>
<trkpt lat="42.42377256240523" lon="77.2765555192525">
    <time>2026-08-21T16:56:46.154Z</time>
    <extensions>
        <provider>whs</provider>
    </extensions>
</trkpt>
<trkpt lat="42.42419486240523" lon="77.2761120192525">
    <time>2026-08-21T16:56:52.209Z</time>
    <extensions>
        <provider>whs</provider>
    </extensions>
</trkpt>
<trkpt lat="42.42395046240523" lon="77.27609961925249">
    <time>2026-08-21T16:56:53.217Z</time>
    <extensions>
        <provider>whs</provider>
    </extensions>
</trkpt>
<trkpt lat="42.42401536240523" lon="77.2761022192525">
    <time>2026-08-21T16:56:54.226Z</time>
    <extensions>
        <provider>whs</provider>
    </extensions>
</trkpt>
<trkpt lat="42.424049262405234" lon="77.2760861192525">
    <time>2026-08-21T16:56:55.236Z</time>
    <extensions>
        <provider>whs</provider>
    </extensions>
</trkpt>
<trkpt lat="42.42407216240523" lon="77.2760629192525">
    <time>2026-08-21T16:56:57.254Z</time>
    <extensions>
        <provider>whs</provider>
    </extensions>
</trkpt>
<trkpt lat="42.42405106240523" lon="77.2760548192525">
    <time>2026-08-21T16:57:00.282Z</time>
    <extensions>
        <provider>whs</provider>
    </extensions>
</trkpt>
<trkpt lat="42.42402796240523" lon="77.2760385192525">
    <time>2026-08-21T16:57:01.291Z</time>
    <extensions>
        <provider>whs</provider>
    </extensions>
</trkpt>
<trkpt lat="42.42399616240523" lon="77.2760291192525">
    <time>2026-08-21T16:57:03.308Z</time>
    <extensions>
        <provider>whs</provider>
    </extensions>
</trkpt>
<trkpt lat="42.42397466240523" lon="77.2760162192525">
    <time>2026-08-21T16:57:07.344Z</time>
    <extensions>
        <provider>whs</provider>
    </extensions>
</trkpt>
<trkpt lat="42.42395966240523" lon="77.27603381925249">
    <time>2026-08-21T16:57:09.364Z</time>
    <extensions>
        <provider>whs</provider>
    </extensions>
</trkpt>
<trkpt lat="42.42396446240523" lon="77.27605771925249">
    <time>2026-08-21T16:57:13.402Z</time>
    <extensions>
        <provider>whs</provider>
    </extensions>
</trkpt>
<trkpt lat="42.42399486240523" lon="77.27608001925249">
    <time>2026-08-21T16:57:15.420Z</time>
    <extensions>
        <provider>whs</provider>
    </extensions>
</trkpt>
<trkpt lat="42.42401506240523" lon="77.27608671925249">
    <time>2026-08-21T16:57:19.455Z</time>
    <extensions>
        <provider>whs</provider>
    </extensions>
</trkpt>
<trkpt lat="42.42401806240523" lon="77.2760576192525">
    <time>2026-08-21T16:57:51.602Z</time>
    <extensions>
        <provider>whs</provider>
    </extensions>
</trkpt>
<trkpt lat="42.423997662405235" lon="77.2760773192525">
    <time>2026-08-21T16:57:57.655Z</time>
    <extensions>
        <provider>whs</provider>
    </extensions>
</trkpt>
<trkpt lat="42.42403196240523" lon="77.2760841192525">
    <time>2026-08-21T16:58:01.694Z</time>
    <extensions>
        <provider>whs</provider>
    </extensions>
</trkpt>
<trkpt lat="42.424064462405234" lon="77.2760665192525">
    <time>2026-08-21T16:58:02.703Z</time>
    <extensions>
        <provider>whs</provider>
    </extensions>
</trkpt>
<trkpt lat="42.42409216240523" lon="77.2760454192525">
    <time>2026-08-21T16:58:03.714Z</time>
    <extensions>
        <provider>whs</provider>
    </extensions>
</trkpt>
<trkpt lat="42.42411966240523" lon="77.2760385192525">
    <time>2026-08-21T16:58:04.724Z</time>
    <extensions>
        <provider>whs</provider>
    </extensions>
</trkpt>
<trkpt lat="42.42413696240523" lon="77.2760535192525">
    <time>2026-08-21T16:58:05.733Z</time>
    <extensions>
        <provider>whs</provider>
    </extensions>
</trkpt>
<trkpt lat="42.42417306240523" lon="77.27610921925249">
    <time>2026-08-21T16:58:06.742Z</time>
    <extensions>
        <provider>whs</provider>
    </extensions>
</trkpt>
<trkpt lat="42.42417406240523" lon="77.2761535192525">
    <time>2026-08-21T16:58:09.771Z</time>
    <extensions>
        <provider>whs</provider>
    </extensions>
</trkpt>
<trkpt lat="42.42418296240523" lon="77.2762099192525">
    <time>2026-08-21T16:58:11.788Z</time>
    <extensions>
        <provider>whs</provider>
    </extensions>
</trkpt>
<trkpt lat="42.424200162405235" lon="77.2762696192525">
    <time>2026-08-21T16:58:12.796Z</time>
    <extensions>
        <provider>whs</provider>
    </extensions>
</trkpt>
<trkpt lat="42.42424336240523" lon="77.27638731925249">
    <time>2026-08-21T16:58:13.805Z</time>
    <extensions>
        <provider>whs</provider>
    </extensions>
</trkpt>
<trkpt lat="42.42430726240523" lon="77.2765189192525">
    <time>2026-08-21T16:58:14.814Z</time>
    <extensions>
        <provider>whs</provider>
    </extensions>
</trkpt>
<trkpt lat="42.424383762405235" lon="77.27671171925249">
    <time>2026-08-21T16:58:15.824Z</time>
    <extensions>
        <provider>whs</provider>
    </extensions>
</trkpt>
<trkpt lat="42.42446146240523" lon="77.27694051925249">
    <time>2026-08-21T16:58:16.832Z</time>
    <extensions>
        <provider>whs</provider>
    </extensions>
</trkpt>
<trkpt lat="42.42451766240523" lon="77.27713371925249">
    <time>2026-08-21T16:58:17.843Z</time>
    <extensions>
        <provider>whs</provider>
    </extensions>
</trkpt>
<trkpt lat="42.424547262405234" lon="77.2772990192525">
    <time>2026-08-21T16:58:18.851Z</time>
    <extensions>
        <provider>whs</provider>
    </extensions>
</trkpt>
<trkpt lat="42.42461096240523" lon="77.2774321192525">
    <time>2026-08-21T16:58:19.860Z</time>
    <extensions>
        <provider>whs</provider>
    </extensions>
</trkpt>
<trkpt lat="42.424674962405234" lon="77.2775199192525">
    <time>2026-08-21T16:58:20.870Z</time>
    <extensions>
        <provider>whs</provider>
    </extensions>
</trkpt>
<trkpt lat="42.42475446240523" lon="77.2776420192525">
    <time>2026-08-21T16:58:21.877Z</time>
    <extensions>
        <provider>whs</provider>
    </extensions>
</trkpt>
<trkpt lat="42.42482866240523" lon="77.2777148192525">
    <time>2026-08-21T16:58:22.886Z</time>
    <extensions>
        <provider>whs</provider>
    </extensions>
</trkpt>
<trkpt lat="42.42492156240523" lon="77.2777624192525">
    <time>2026-08-21T16:58:23.895Z</time>
    <extensions>
        <provider>whs</provider>
    </extensions>
</trkpt>
<trkpt lat="42.425004462405234" lon="77.27781421925249">
    <time>2026-08-21T16:58:24.907Z</time>
    <extensions>
        <provider>whs</provider>
    </extensions>
</trkpt>
<trkpt lat="42.42508816240523" lon="77.27783501925249">
    <time>2026-08-21T16:58:25.916Z</time>
    <extensions>
        <provider>whs</provider>
    </extensions>
</trkpt>
<trkpt lat="42.42514726240523" lon="77.27783381925249">
    <time>2026-08-21T16:58:26.925Z</time>
    <extensions>
        <provider>whs</provider>
    </extensions>
</trkpt>
<trkpt lat="42.42519106240523" lon="77.2778601192525">
    <time>2026-08-21T16:58:27.934Z</time>
    <extensions>
        <provider>whs</provider>
    </extensions>
</trkpt>
<trkpt lat="42.425216762405235" lon="77.2778813192525">
    <time>2026-08-21T16:58:28.944Z</time>
    <extensions>
        <provider>whs</provider>
    </extensions>
</trkpt>
<trkpt lat="42.425199162405235" lon="77.2778607192525">
    <time>2026-08-21T16:58:29.953Z</time>
    <extensions>
        <provider>whs</provider>
    </extensions>
</trkpt>
<trkpt lat="42.42519526240523" lon="77.27782381925249">
    <time>2026-08-21T16:58:30.962Z</time>
    <extensions>
        <provider>whs</provider>
    </extensions>
</trkpt>
<trkpt lat="42.424935162405234" lon="77.2775122192525">
    <time>2026-08-21T16:58:31.974Z</time>
    <extensions>
        <provider>whs</provider>
    </extensions>
</trkpt>
<trkpt lat="42.42484936240523" lon="77.27728571925249">
    <time>2026-08-21T16:58:32.983Z</time>
    <extensions>
        <provider>whs</provider>
    </extensions>
</trkpt>
<trkpt lat="42.42482166240523" lon="77.2771494192525">
    <time>2026-08-21T16:58:33.992Z</time>
    <extensions>
        <provider>whs</provider>
    </extensions>
</trkpt>
<trkpt lat="42.42476826240523" lon="77.27699031925249">
    <time>2026-08-21T16:58:34.999Z</time>
    <extensions>
        <provider>whs</provider>
    </extensions>
</trkpt>
<trkpt lat="42.42464196240523" lon="77.2768281192525">
    <time>2026-08-21T16:58:36.007Z</time>
    <extensions>
        <provider>whs</provider>
    </extensions>
</trkpt>
<trkpt lat="42.42454106240523" lon="77.2766859192525">
    <time>2026-08-21T16:58:37.017Z</time>
    <extensions>
        <provider>whs</provider>
    </extensions>
</trkpt>
<trkpt lat="42.42446666240523" lon="77.2765886192525">
    <time>2026-08-21T16:58:38.031Z</time>
    <extensions>
        <provider>whs</provider>
    </extensions>
</trkpt>
<trkpt lat="42.42444706240523" lon="77.27655371925249">
    <time>2026-08-21T16:58:39.041Z</time>
    <extensions>
        <provider>whs</provider>
    </extensions>
</trkpt>
<trkpt lat="42.42443566240523" lon="77.2765329192525">
    <time>2026-08-21T16:58:40.048Z</time>
    <extensions>
        <provider>whs</provider>
    </extensions>
</trkpt>
<trkpt lat="42.424412862405234" lon="77.27651011925249">
    <time>2026-08-21T16:58:41.059Z</time>
    <extensions>
        <provider>whs</provider>
    </extensions>
</trkpt>
<trkpt lat="42.424331462405235" lon="77.2764092192525">
    <time>2026-08-21T16:58:42.069Z</time>
    <extensions>
        <provider>whs</provider>
    </extensions>
</trkpt>
<trkpt lat="42.42426956240523" lon="77.2763240192525">
    <time>2026-08-21T16:58:44.086Z</time>
    <extensions>
        <provider>whs</provider>
    </extensions>
</trkpt>
<trkpt lat="42.42422796240523" lon="77.2762665192525">
    <time>2026-08-21T16:58:45.095Z</time>
    <extensions>
        <provider>whs</provider>
    </extensions>
</trkpt>
<trkpt lat="42.42420206240523" lon="77.2762135192525">
    <time>2026-08-21T16:58:46.105Z</time>
    <extensions>
        <provider>whs</provider>
    </extensions>
</trkpt>
<trkpt lat="42.42418146240523" lon="77.2762005192525">
    <time>2026-08-21T16:59:01.232Z</time>
    <extensions>
        <provider>whs</provider>
    </extensions>
</trkpt>
<trkpt lat="42.42416616240523" lon="77.2761811192525">
    <time>2026-08-21T16:59:02.242Z</time>
    <extensions>
        <provider>whs</provider>
    </extensions>
</trkpt>
<trkpt lat="42.42414736240523" lon="77.2761564192525">
    <time>2026-08-21T16:59:04.244Z</time>
    <extensions>
        <provider>whs</provider>
    </extensions>
</trkpt>
<trkpt lat="42.42412976240523" lon="77.27610511925249">
    <time>2026-08-21T16:59:06.245Z</time>
    <extensions>
        <provider>whs</provider>
    </extensions>
</trkpt>
<trkpt lat="42.42411266240523" lon="77.27609101925249">
    <time>2026-08-21T16:59:09.247Z</time>
    <extensions>
        <provider>whs</provider>
    </extensions>
</trkpt>
<trkpt lat="42.42409076240523" lon="77.2760811192525">
    <time>2026-08-21T16:59:12.247Z</time>
    <extensions>
        <provider>whs</provider>
    </extensions>
</trkpt>
<trkpt lat="42.42408366240523" lon="77.27605821925249">
    <time>2026-08-21T16:59:14.248Z</time>
    <extensions>
        <provider>whs</provider>
    </extensions>
</trkpt>
<trkpt lat="42.42411066240523" lon="77.27604551925249">
    <time>2026-08-21T16:59:25.314Z</time>
    <extensions>
        <provider>whs</provider>
    </extensions>
</trkpt>
<trkpt lat="42.424106462405234" lon="77.27607041925249">
    <time>2026-08-21T16:59:30.358Z</time>
    <extensions>
        <provider>whs</provider>
    </extensions>
</trkpt>
<trkpt lat="42.42408846240523" lon="77.2760612192525">
    <time>2026-08-21T16:59:36.415Z</time>
    <extensions>
        <provider>whs</provider>
    </extensions>
</trkpt>
<trkpt lat="42.42408956240523" lon="77.2760299192525">
    <time>2026-08-21T16:59:38.430Z</time>
    <extensions>
        <provider>whs</provider>
    </extensions>
</trkpt>
<trkpt lat="42.42407166240523" lon="77.2760094192525">
    <time>2026-08-21T16:59:41.431Z</time>
    <extensions>
        <provider>whs</provider>
    </extensions>
</trkpt>
<trkpt lat="42.424055362405234" lon="77.2760267192525">
    <time>2026-08-21T16:59:44.431Z</time>
    <extensions>
        <provider>whs</provider>
    </extensions>
</trkpt>
<trkpt lat="42.42407106240523" lon="77.27604911925249">
    <time>2026-08-21T16:59:46.432Z</time>
    <extensions>
        <provider>whs</provider>
    </extensions>
</trkpt>
<trkpt lat="42.424063262405234" lon="77.2760851192525">
    <time>2026-08-21T16:59:49.434Z</time>
    <extensions>
        <provider>whs</provider>
    </extensions>
</trkpt>
<trkpt lat="42.42404896240523" lon="77.2761047192525">
    <time>2026-08-21T16:59:50.434Z</time>
    <extensions>
        <provider>whs</provider>
    </extensions>
</trkpt>
<trkpt lat="42.42402896240523" lon="77.2760956192525">
    <time>2026-08-21T16:59:58.466Z</time>
    <extensions>
        <provider>whs</provider>
    </extensions>
</trkpt>
<trkpt lat="42.424010462405235" lon="77.2761064192525">
    <time>2026-08-21T17:00:01.495Z</time>
    <extensions>
        <provider>whs</provider>
    </extensions>
</trkpt>
<trkpt lat="42.424011062405235" lon="77.27603021925249">
    <time>2026-08-21T17:00:06.532Z</time>
    <extensions>
        <provider>whs</provider>
    </extensions>
</trkpt>
<trkpt lat="42.424010462405235" lon="77.2760579192525">
    <time>2026-08-21T17:00:10.531Z</time>
    <extensions>
        <provider>whs</provider>
    </extensions>
</trkpt>
<trkpt lat="42.42401116240523" lon="77.2760876192525">
    <time>2026-08-21T17:00:13.547Z</time>
    <extensions>
        <provider>whs</provider>
    </extensions>
</trkpt>
<trkpt lat="42.42403206240523" lon="77.27608001925249">
    <time>2026-08-21T17:00:20.614Z</time>
    <extensions>
        <provider>whs</provider>
    </extensions>
</trkpt>
<trkpt lat="42.42401546240523" lon="77.2761146192525">
    <time>2026-08-21T17:00:33.736Z</time>
    <extensions>
        <provider>whs</provider>
    </extensions>
</trkpt>
<trkpt lat="42.42399926240523" lon="77.27612691925249">
    <time>2026-08-21T17:00:39.787Z</time>
    <extensions>
        <provider>whs</provider>
    </extensions>
</trkpt>
<trkpt lat="42.42402026240523" lon="77.2762343192525">
    <time>2026-08-21T17:01:11.067Z</time>
    <extensions>
        <provider>whs</provider>
    </extensions>
</trkpt>
<trkpt lat="42.42404786240523" lon="77.2762143192525">
    <time>2026-08-21T17:01:12.077Z</time>
    <extensions>
        <provider>whs</provider>
    </extensions>
</trkpt>
<trkpt lat="42.42401786240523" lon="77.2762187192525">
    <time>2026-08-21T17:01:14.096Z</time>
    <extensions>
        <provider>whs</provider>
    </extensions>
</trkpt>
<trkpt lat="42.42400996240523" lon="77.2761940192525">
    <time>2026-08-21T17:01:15.104Z</time>
    <extensions>
        <provider>whs</provider>
    </extensions>
</trkpt>
<trkpt lat="42.42399416240523" lon="77.2762136192525">
    <time>2026-08-21T17:01:17.119Z</time>
    <extensions>
        <provider>whs</provider>
    </extensions>
</trkpt>
<trkpt lat="42.423986162405235" lon="77.2761892192525">
    <time>2026-08-21T17:01:21.154Z</time>
    <extensions>
        <provider>whs</provider>
    </extensions>
</trkpt>
<trkpt lat="42.42396716240523" lon="77.27617311925249">
    <time>2026-08-21T17:01:22.163Z</time>
    <extensions>
        <provider>whs</provider>
    </extensions>
</trkpt>
<trkpt lat="42.42398196240523" lon="77.2761933192525">
    <time>2026-08-21T17:01:26.198Z</time>
    <extensions>
        <provider>whs</provider>
    </extensions>
</trkpt>
<trkpt lat="42.423913762405235" lon="77.2761493192525">
    <time>2026-08-21T17:01:28.217Z</time>
    <extensions>
        <provider>whs</provider>
    </extensions>
</trkpt>
<trkpt lat="42.42389986240523" lon="77.2761302192525">
    <time>2026-08-21T17:01:29.224Z</time>
    <extensions>
        <provider>whs</provider>
    </extensions>
</trkpt>
<trkpt lat="42.42391786240523" lon="77.27612761925249">
    <time>2026-08-21T17:01:31.240Z</time>
    <extensions>
        <provider>whs</provider>
    </extensions>
</trkpt>
<trkpt lat="42.42390786240523" lon="77.2761045192525">
    <time>2026-08-21T17:01:38.303Z</time>
    <extensions>
        <provider>whs</provider>
    </extensions>
</trkpt>
<trkpt lat="42.42393296240523" lon="77.27611971925249">
    <time>2026-08-21T17:01:42.335Z</time>
    <extensions>
        <provider>whs</provider>
    </extensions>
</trkpt>
<trkpt lat="42.42393736240523" lon="77.2761443192525">
    <time>2026-08-21T17:01:44.353Z</time>
    <extensions>
        <provider>whs</provider>
    </extensions>
</trkpt>
<trkpt lat="42.42394056240523" lon="77.2761174192525">
    <time>2026-08-21T17:01:51.416Z</time>
    <extensions>
        <provider>whs</provider>
    </extensions>
</trkpt>
<trkpt lat="42.423938662405234" lon="77.27614411925249">
    <time>2026-08-21T17:02:03.523Z</time>
    <extensions>
        <provider>whs</provider>
    </extensions>
</trkpt>
<trkpt lat="42.42391156240523" lon="77.27614271925249">
    <time>2026-08-21T17:02:05.538Z</time>
    <extensions>
        <provider>whs</provider>
    </extensions>
</trkpt>
<trkpt lat="42.423896762405235" lon="77.27617381925249">
    <time>2026-08-21T17:02:12.603Z</time>
    <extensions>
        <provider>whs</provider>
    </extensions>
</trkpt>
<trkpt lat="42.42390986240523" lon="77.2761916192525">
    <time>2026-08-21T17:02:13.610Z</time>
    <extensions>
        <provider>whs</provider>
    </extensions>
</trkpt>
<trkpt lat="42.42391716240523" lon="77.2762156192525">
    <time>2026-08-21T17:02:15.633Z</time>
    <extensions>
        <provider>whs</provider>
    </extensions>
</trkpt>
<trkpt lat="42.42393336240523" lon="77.2762309192525">
    <time>2026-08-21T17:02:17.649Z</time>
    <extensions>
        <provider>whs</provider>
    </extensions>
</trkpt>
<trkpt lat="42.42393756240523" lon="77.2762058192525">
    <time>2026-08-21T17:02:27.750Z</time>
    <extensions>
        <provider>whs</provider>
    </extensions>
</trkpt>
<trkpt lat="42.42395526240523" lon="77.27626141925249">
    <time>2026-08-21T17:02:40.876Z</time>
    <extensions>
        <provider>whs</provider>
    </extensions>
</trkpt>
<trkpt lat="42.42394736240523" lon="77.2762281192525">
    <time>2026-08-21T17:02:46.935Z</time>
    <extensions>
        <provider>whs</provider>
    </extensions>
</trkpt>
<trkpt lat="42.423928362405235" lon="77.2762256192525">
    <time>2026-08-21T17:02:49.962Z</time>
    <extensions>
        <provider>whs</provider>
    </extensions>
</trkpt>
<trkpt lat="42.42391176240523" lon="77.2762633192525">
    <time>2026-08-21T17:02:58.006Z</time>
    <extensions>
        <provider>whs</provider>
    </extensions>
</trkpt>
<trkpt lat="42.42389146240523" lon="77.2762486192525">
    <time>2026-08-21T17:03:04.049Z</time>
    <extensions>
        <provider>whs</provider>
    </extensions>
</trkpt>
<trkpt lat="42.42389646240523" lon="77.27622411925249">
    <time>2026-08-21T17:03:18.177Z</time>
    <extensions>
        <provider>whs</provider>
    </extensions>
</trkpt>
<trkpt lat="42.42391876240523" lon="77.2762161192525">
    <time>2026-08-21T17:03:20.195Z</time>
    <extensions>
        <provider>whs</provider>
    </extensions>
</trkpt>
<trkpt lat="42.42395956240523" lon="77.2761900192525">
    <time>2026-08-21T17:03:24.232Z</time>
    <extensions>
        <provider>whs</provider>
    </extensions>
</trkpt>
<trkpt lat="42.42398166240523" lon="77.27620421925249">
    <time>2026-08-21T17:03:27.264Z</time>
    <extensions>
        <provider>whs</provider>
    </extensions>
</trkpt>
<trkpt lat="42.42399906240523" lon="77.27622481925249">
    <time>2026-08-21T17:03:35.339Z</time>
    <extensions>
        <provider>whs</provider>
    </extensions>
</trkpt>
<trkpt lat="42.42400576240523" lon="77.2762544192525">
    <time>2026-08-21T17:03:37.355Z</time>
    <extensions>
        <provider>whs</provider>
    </extensions>
</trkpt>
<trkpt lat="42.424041362405234" lon="77.2762715192525">
    <time>2026-08-21T17:03:45.431Z</time>
    <extensions>
        <provider>whs</provider>
    </extensions>
</trkpt>
<trkpt lat="42.42406966240523" lon="77.2762622192525">
    <time>2026-08-21T17:03:48.456Z</time>
    <extensions>
        <provider>whs</provider>
    </extensions>
</trkpt>
<trkpt lat="42.42407886240523" lon="77.2763090192525">
    <time>2026-08-21T17:03:51.485Z</time>
    <extensions>
        <provider>whs</provider>
    </extensions>
</trkpt>
<trkpt lat="42.42404716240523" lon="77.2762819192525">
    <time>2026-08-21T17:03:54.512Z</time>
    <extensions>
        <provider>whs</provider>
    </extensions>
</trkpt>
<trkpt lat="42.424068762405234" lon="77.2762885192525">
    <time>2026-08-21T17:03:57.540Z</time>
    <extensions>
        <provider>whs</provider>
    </extensions>
</trkpt>
<trkpt lat="42.42412676240523" lon="77.2763046192525">
    <time>2026-08-21T17:03:58.550Z</time>
    <extensions>
        <provider>whs</provider>
    </extensions>
</trkpt>
<trkpt lat="42.424156962405235" lon="77.27631191925249">
    <time>2026-08-21T17:03:59.559Z</time>
    <extensions>
        <provider>whs</provider>
    </extensions>
</trkpt>
<trkpt lat="42.424192762405234" lon="77.2763029192525">
    <time>2026-08-21T17:04:00.567Z</time>
    <extensions>
        <provider>whs</provider>
    </extensions>
</trkpt>
<trkpt lat="42.42423676240523" lon="77.2763181192525">
    <time>2026-08-21T17:04:01.576Z</time>
    <extensions>
        <provider>whs</provider>
    </extensions>
</trkpt>
<trkpt lat="42.42427016240523" lon="77.2763381192525">
    <time>2026-08-21T17:04:02.585Z</time>
    <extensions>
        <provider>whs</provider>
    </extensions>
</trkpt>
<trkpt lat="42.42432096240523" lon="77.2763542192525">
    <time>2026-08-21T17:04:03.593Z</time>
    <extensions>
        <provider>whs</provider>
    </extensions>
</trkpt>
<trkpt lat="42.424359962405234" lon="77.27635811925249">
    <time>2026-08-21T17:04:04.600Z</time>
    <extensions>
        <provider>whs</provider>
    </extensions>
</trkpt>
<trkpt lat="42.424382462405234" lon="77.27633371925249">
    <time>2026-08-21T17:04:05.608Z</time>
    <extensions>
        <provider>whs</provider>
    </extensions>
</trkpt>
<trkpt lat="42.42441626240523" lon="77.27632871925249">
    <time>2026-08-21T17:04:06.617Z</time>
    <extensions>
        <provider>whs</provider>
    </extensions>
</trkpt>
<trkpt lat="42.424456762405235" lon="77.27632441925249">
    <time>2026-08-21T17:04:07.627Z</time>
    <extensions>
        <provider>whs</provider>
    </extensions>
</trkpt>
<trkpt lat="42.42449156240523" lon="77.27632341925249">
    <time>2026-08-21T17:04:08.635Z</time>
    <extensions>
        <provider>whs</provider>
    </extensions>
</trkpt>
<trkpt lat="42.424541162405234" lon="77.2763204192525">
    <time>2026-08-21T17:04:09.645Z</time>
    <extensions>
        <provider>whs</provider>
    </extensions>
</trkpt>
<trkpt lat="42.424589262405235" lon="77.2763110192525">
    <time>2026-08-21T17:04:10.655Z</time>
    <extensions>
        <provider>whs</provider>
    </extensions>
</trkpt>
<trkpt lat="42.42463576240523" lon="77.2762965192525">
    <time>2026-08-21T17:04:11.666Z</time>
    <extensions>
        <provider>whs</provider>
    </extensions>
</trkpt>
<trkpt lat="42.424686462405234" lon="77.2762779192525">
    <time>2026-08-21T17:04:12.676Z</time>
    <extensions>
        <provider>whs</provider>
    </extensions>
</trkpt>
<trkpt lat="42.42473296240523" lon="77.2762767192525">
    <time>2026-08-21T17:04:13.681Z</time>
    <extensions>
        <provider>whs</provider>
    </extensions>
</trkpt>
<trkpt lat="42.42476726240523" lon="77.27627721925249">
    <time>2026-08-21T17:04:14.690Z</time>
    <extensions>
        <provider>whs</provider>
    </extensions>
</trkpt>
<trkpt lat="42.42480856240523" lon="77.2762704192525">
    <time>2026-08-21T17:04:15.699Z</time>
    <extensions>
        <provider>whs</provider>
    </extensions>
</trkpt>
<trkpt lat="42.42485566240523" lon="77.2762702192525">
    <time>2026-08-21T17:04:16.708Z</time>
    <extensions>
        <provider>whs</provider>
    </extensions>
</trkpt>
<trkpt lat="42.42491356240523" lon="77.2762761192525">
    <time>2026-08-21T17:04:17.716Z</time>
    <extensions>
        <provider>whs</provider>
    </extensions>
</trkpt>
<trkpt lat="42.424964462405235" lon="77.2762694192525">
    <time>2026-08-21T17:04:18.727Z</time>
    <extensions>
        <provider>whs</provider>
    </extensions>
</trkpt>
<trkpt lat="42.42500956240523" lon="77.2762683192525">
    <time>2026-08-21T17:04:19.736Z</time>
    <extensions>
        <provider>whs</provider>
    </extensions>
</trkpt>
<trkpt lat="42.42505816240523" lon="77.2762567192525">
    <time>2026-08-21T17:04:20.744Z</time>
    <extensions>
        <provider>whs</provider>
    </extensions>
</trkpt>
<trkpt lat="42.42510356240523" lon="77.2762396192525">
    <time>2026-08-21T17:04:21.751Z</time>
    <extensions>
        <provider>whs</provider>
    </extensions>
</trkpt>
<trkpt lat="42.42514816240523" lon="77.2762361192525">
    <time>2026-08-21T17:04:22.760Z</time>
    <extensions>
        <provider>whs</provider>
    </extensions>
</trkpt>
<trkpt lat="42.42519596240523" lon="77.2762318192525">
    <time>2026-08-21T17:04:23.771Z</time>
    <extensions>
        <provider>whs</provider>
    </extensions>
</trkpt>
<trkpt lat="42.425232562405235" lon="77.2762111192525">
    <time>2026-08-21T17:04:24.785Z</time>
    <extensions>
        <provider>whs</provider>
    </extensions>
</trkpt>
<trkpt lat="42.42527346240523" lon="77.2762002192525">
    <time>2026-08-21T17:04:25.794Z</time>
    <extensions>
        <provider>whs</provider>
    </extensions>
</trkpt>
<trkpt lat="42.42531536240523" lon="77.2761921192525">
    <time>2026-08-21T17:04:26.804Z</time>
    <extensions>
        <provider>whs</provider>
    </extensions>
</trkpt>
<trkpt lat="42.425359662405235" lon="77.2761766192525">
    <time>2026-08-21T17:04:27.811Z</time>
    <extensions>
        <provider>whs</provider>
    </extensions>
</trkpt>
<trkpt lat="42.42540026240523" lon="77.2761720192525">
    <time>2026-08-21T17:04:28.820Z</time>
    <extensions>
        <provider>whs</provider>
    </extensions>
</trkpt>
<trkpt lat="42.42544386240523" lon="77.2761539192525">
    <time>2026-08-21T17:04:29.829Z</time>
    <extensions>
        <provider>whs</provider>
    </extensions>
</trkpt>
<trkpt lat="42.42549136240523" lon="77.27614081925249">
    <time>2026-08-21T17:04:30.837Z</time>
    <extensions>
        <provider>whs</provider>
    </extensions>
</trkpt>
<trkpt lat="42.42553946240523" lon="77.2761188192525">
    <time>2026-08-21T17:04:31.844Z</time>
    <extensions>
        <provider>whs</provider>
    </extensions>
</trkpt>
<trkpt lat="42.425593162405235" lon="77.2761223192525">
    <time>2026-08-21T17:04:32.851Z</time>
    <extensions>
        <provider>whs</provider>
    </extensions>
</trkpt>
<trkpt lat="42.42564036240523" lon="77.2761101192525">
    <time>2026-08-21T17:04:33.863Z</time>
    <extensions>
        <provider>whs</provider>
    </extensions>
</trkpt>
<trkpt lat="42.42568626240523" lon="77.2761033192525">
    <time>2026-08-21T17:04:34.870Z</time>
    <extensions>
        <provider>whs</provider>
    </extensions>
</trkpt>
<trkpt lat="42.42572496240523" lon="77.2760897192525">
    <time>2026-08-21T17:04:35.879Z</time>
    <extensions>
        <provider>whs</provider>
    </extensions>
</trkpt>
<trkpt lat="42.42576236240523" lon="77.27608501925249">
    <time>2026-08-21T17:04:36.887Z</time>
    <extensions>
        <provider>whs</provider>
    </extensions>
</trkpt>
<trkpt lat="42.42580506240523" lon="77.27608571925249">
    <time>2026-08-21T17:04:37.895Z</time>
    <extensions>
        <provider>whs</provider>
    </extensions>
</trkpt>
<trkpt lat="42.42584616240523" lon="77.27606541925249">
    <time>2026-08-21T17:04:38.902Z</time>
    <extensions>
        <provider>whs</provider>
    </extensions>
</trkpt>
<trkpt lat="42.42589276240523" lon="77.2760592192525">
    <time>2026-08-21T17:04:39.910Z</time>
    <extensions>
        <provider>whs</provider>
    </extensions>
</trkpt>
<trkpt lat="42.425934262405235" lon="77.2760452192525">
    <time>2026-08-21T17:04:40.920Z</time>
    <extensions>
        <provider>whs</provider>
    </extensions>
</trkpt>
<trkpt lat="42.42598516240523" lon="77.2760322192525">
    <time>2026-08-21T17:04:41.928Z</time>
    <extensions>
        <provider>whs</provider>
    </extensions>
</trkpt>
<trkpt lat="42.42603186240523" lon="77.2760255192525">
    <time>2026-08-21T17:04:42.935Z</time>
    <extensions>
        <provider>whs</provider>
    </extensions>
</trkpt>
<trkpt lat="42.42607796240523" lon="77.27600841925249">
    <time>2026-08-21T17:04:43.943Z</time>
    <extensions>
        <provider>whs</provider>
    </extensions>
</trkpt>
<trkpt lat="42.42611516240523" lon="77.2759949192525">
    <time>2026-08-21T17:04:44.952Z</time>
    <extensions>
        <provider>whs</provider>
    </extensions>
</trkpt>
<trkpt lat="42.426153662405234" lon="77.27598041925249">
    <time>2026-08-21T17:04:45.961Z</time>
    <extensions>
        <provider>whs</provider>
    </extensions>
</trkpt>
<trkpt lat="42.42619186240523" lon="77.2759673192525">
    <time>2026-08-21T17:04:46.969Z</time>
    <extensions>
        <provider>whs</provider>
    </extensions>
</trkpt>
<trkpt lat="42.42624476240523" lon="77.2759506192525">
    <time>2026-08-21T17:04:47.977Z</time>
    <extensions>
        <provider>whs</provider>
    </extensions>
</trkpt>
<trkpt lat="42.426284962405234" lon="77.2759395192525">
    <time>2026-08-21T17:04:48.987Z</time>
    <extensions>
        <provider>whs</provider>
    </extensions>
</trkpt>
<trkpt lat="42.42633096240523" lon="77.2759427192525">
    <time>2026-08-21T17:04:49.997Z</time>
    <extensions>
        <provider>whs</provider>
    </extensions>
</trkpt>
<trkpt lat="42.426376162405234" lon="77.2759362192525">
    <time>2026-08-21T17:04:51.008Z</time>
    <extensions>
        <provider>whs</provider>
    </extensions>
</trkpt>
<trkpt lat="42.42642456240523" lon="77.2759279192525">
    <time>2026-08-21T17:04:52.017Z</time>
    <extensions>
        <provider>whs</provider>
    </extensions>
</trkpt>
<trkpt lat="42.42645816240523" lon="77.2759020192525">
    <time>2026-08-21T17:04:53.025Z</time>
    <extensions>
        <provider>whs</provider>
    </extensions>
</trkpt>
<trkpt lat="42.42649926240523" lon="77.2758877192525">
    <time>2026-08-21T17:04:54.034Z</time>
    <extensions>
        <provider>whs</provider>
    </extensions>
</trkpt>
<trkpt lat="42.42652806240523" lon="77.27587581925249">
    <time>2026-08-21T17:04:55.040Z</time>
    <extensions>
        <provider>whs</provider>
    </extensions>
</trkpt>
<trkpt lat="42.426559262405235" lon="77.2758578192525">
    <time>2026-08-21T17:04:56.048Z</time>
    <extensions>
        <provider>whs</provider>
    </extensions>
</trkpt>
<trkpt lat="42.42659316240523" lon="77.2758367192525">
    <time>2026-08-21T17:04:57.058Z</time>
    <extensions>
        <provider>whs</provider>
    </extensions>
</trkpt>
<trkpt lat="42.42663066240523" lon="77.27582221925249">
    <time>2026-08-21T17:04:58.066Z</time>
    <extensions>
        <provider>whs</provider>
    </extensions>
</trkpt>
<trkpt lat="42.42667466240523" lon="77.2758141192525">
    <time>2026-08-21T17:04:59.075Z</time>
    <extensions>
        <provider>whs</provider>
    </extensions>
</trkpt>
<trkpt lat="42.42672086240523" lon="77.2757979192525">
    <time>2026-08-21T17:05:00.083Z</time>
    <extensions>
        <provider>whs</provider>
    </extensions>
</trkpt>
<trkpt lat="42.42676336240523" lon="77.2757893192525">
    <time>2026-08-21T17:05:01.090Z</time>
    <extensions>
        <provider>whs</provider>
    </extensions>
</trkpt>
<trkpt lat="42.426805562405235" lon="77.27577981925249">
    <time>2026-08-21T17:05:02.100Z</time>
    <extensions>
        <provider>whs</provider>
    </extensions>
</trkpt>
<trkpt lat="42.42685916240523" lon="77.2757589192525">
    <time>2026-08-21T17:05:03.110Z</time>
    <extensions>
        <provider>whs</provider>
    </extensions>
</trkpt>
<trkpt lat="42.42690496240523" lon="77.27574201925249">
    <time>2026-08-21T17:05:04.115Z</time>
    <extensions>
        <provider>whs</provider>
    </extensions>
</trkpt>
<trkpt lat="42.42695356240523" lon="77.2757230192525">
    <time>2026-08-21T17:05:05.115Z</time>
    <extensions>
        <provider>whs</provider>
    </extensions>
</trkpt>
<trkpt lat="42.42699666240523" lon="77.2757143192525">
    <time>2026-08-21T17:05:06.114Z</time>
    <extensions>
        <provider>whs</provider>
    </extensions>
</trkpt>
<trkpt lat="42.42704156240523" lon="77.2757088192525">
    <time>2026-08-21T17:05:07.114Z</time>
    <extensions>
        <provider>whs</provider>
    </extensions>
</trkpt>
<trkpt lat="42.42708166240523" lon="77.2757009192525">
    <time>2026-08-21T17:05:08.113Z</time>
    <extensions>
        <provider>whs</provider>
    </extensions>
</trkpt>
<trkpt lat="42.427118662405235" lon="77.27569171925249">
    <time>2026-08-21T17:05:09.113Z</time>
    <extensions>
        <provider>whs</provider>
    </extensions>
</trkpt>
<trkpt lat="42.42715476240523" lon="77.2756888192525">
    <time>2026-08-21T17:05:10.115Z</time>
    <extensions>
        <provider>whs</provider>
    </extensions>
</trkpt>
<trkpt lat="42.42718786240523" lon="77.2756640192525">
    <time>2026-08-21T17:05:11.124Z</time>
    <extensions>
        <provider>whs</provider>
    </extensions>
</trkpt>
<trkpt lat="42.42722186240523" lon="77.2756409192525">
    <time>2026-08-21T17:05:12.131Z</time>
    <extensions>
        <provider>whs</provider>
    </extensions>
</trkpt>
<trkpt lat="42.42725336240523" lon="77.2756209192525">
    <time>2026-08-21T17:05:13.140Z</time>
    <extensions>
        <provider>whs</provider>
    </extensions>
</trkpt>
<trkpt lat="42.42729236240523" lon="77.27559311925249">
    <time>2026-08-21T17:05:14.151Z</time>
    <extensions>
        <provider>whs</provider>
    </extensions>
</trkpt>
<trkpt lat="42.427341162405234" lon="77.2755735192525">
    <time>2026-08-21T17:05:15.163Z</time>
    <extensions>
        <provider>whs</provider>
    </extensions>
</trkpt>
<trkpt lat="42.42737246240523" lon="77.2755494192525">
    <time>2026-08-21T17:05:16.174Z</time>
    <extensions>
        <provider>whs</provider>
    </extensions>
</trkpt>
<trkpt lat="42.42742286240523" lon="77.2755254192525">
    <time>2026-08-21T17:05:17.182Z</time>
    <extensions>
        <provider>whs</provider>
    </extensions>
</trkpt>
<trkpt lat="42.42746356240523" lon="77.27551151925249">
    <time>2026-08-21T17:05:18.191Z</time>
    <extensions>
        <provider>whs</provider>
    </extensions>
</trkpt>
<trkpt lat="42.42749716240523" lon="77.2754906192525">
    <time>2026-08-21T17:05:19.203Z</time>
    <extensions>
        <provider>whs</provider>
    </extensions>
</trkpt>
<trkpt lat="42.42752446240523" lon="77.2754645192525">
    <time>2026-08-21T17:05:20.211Z</time>
    <extensions>
        <provider>whs</provider>
    </extensions>
</trkpt>
<trkpt lat="42.42754456240523" lon="77.2754402192525">
    <time>2026-08-21T17:05:21.223Z</time>
    <extensions>
        <provider>whs</provider>
    </extensions>
</trkpt>
<trkpt lat="42.42756626240523" lon="77.2754163192525">
    <time>2026-08-21T17:05:22.231Z</time>
    <extensions>
        <provider>whs</provider>
    </extensions>
</trkpt>
<trkpt lat="42.42758046240523" lon="77.2753988192525">
    <time>2026-08-21T17:05:23.240Z</time>
    <extensions>
        <provider>whs</provider>
    </extensions>
</trkpt>
<trkpt lat="42.427598362405234" lon="77.2753890192525">
    <time>2026-08-21T17:05:25.257Z</time>
    <extensions>
        <provider>whs</provider>
    </extensions>
</trkpt>
<trkpt lat="42.42761816240523" lon="77.2753641192525">
    <time>2026-08-21T17:05:27.276Z</time>
    <extensions>
        <provider>whs</provider>
    </extensions>
</trkpt>
<trkpt lat="42.427646462405235" lon="77.2753904192525">
    <time>2026-08-21T17:05:29.293Z</time>
    <extensions>
        <provider>whs</provider>
    </extensions>
</trkpt>
<trkpt lat="42.42766136240523" lon="77.2754189192525">
    <time>2026-08-21T17:05:30.305Z</time>
    <extensions>
        <provider>whs</provider>
    </extensions>
</trkpt>
<trkpt lat="42.42767826240523" lon="77.2754512192525">
    <time>2026-08-21T17:05:31.315Z</time>
    <extensions>
        <provider>whs</provider>
    </extensions>
</trkpt>
<trkpt lat="42.427690762405234" lon="77.2754870192525">
    <time>2026-08-21T17:05:32.324Z</time>
    <extensions>
        <provider>whs</provider>
    </extensions>
</trkpt>
<trkpt lat="42.42768696240523" lon="77.2755494192525">
    <time>2026-08-21T17:05:33.331Z</time>
    <extensions>
        <provider>whs</provider>
    </extensions>
</trkpt>
<trkpt lat="42.42766606240523" lon="77.27558211925249">
    <time>2026-08-21T17:05:34.341Z</time>
    <extensions>
        <provider>whs</provider>
    </extensions>
</trkpt>
<trkpt lat="42.427660962405234" lon="77.2756282192525">
    <time>2026-08-21T17:05:35.351Z</time>
    <extensions>
        <provider>whs</provider>
    </extensions>
</trkpt>
<trkpt lat="42.427693162405234" lon="77.27570081925249">
    <time>2026-08-21T17:05:36.361Z</time>
    <extensions>
        <provider>whs</provider>
    </extensions>
</trkpt>
<trkpt lat="42.42773426240523" lon="77.2757689192525">
    <time>2026-08-21T17:05:37.370Z</time>
    <extensions>
        <provider>whs</provider>
    </extensions>
</trkpt>
<trkpt lat="42.427775862405234" lon="77.27579491925249">
    <time>2026-08-21T17:05:38.380Z</time>
    <extensions>
        <provider>whs</provider>
    </extensions>
</trkpt>
<trkpt lat="42.427795962405234" lon="77.27580641925249">
    <time>2026-08-21T17:05:39.389Z</time>
    <extensions>
        <provider>whs</provider>
    </extensions>
</trkpt>
<trkpt lat="42.427635462405235" lon="77.27562301925249">
    <time>2026-08-21T17:05:42.418Z</time>
    <extensions>
        <provider>whs</provider>
    </extensions>
</trkpt>
<trkpt lat="42.42770496240523" lon="77.2755329192525">
    <time>2026-08-21T17:05:43.427Z</time>
    <extensions>
        <provider>whs</provider>
    </extensions>
</trkpt>
<trkpt lat="42.42770266240523" lon="77.2754645192525">
    <time>2026-08-21T17:05:44.436Z</time>
    <extensions>
        <provider>whs</provider>
    </extensions>
</trkpt>
<trkpt lat="42.427651862405234" lon="77.2753892192525">
    <time>2026-08-21T17:05:45.446Z</time>
    <extensions>
        <provider>whs</provider>
    </extensions>
</trkpt>
<trkpt lat="42.42763736240523" lon="77.2753314192525">
    <time>2026-08-21T17:05:48.477Z</time>
    <extensions>
        <provider>whs</provider>
    </extensions>
</trkpt>
<trkpt lat="42.42763746240523" lon="77.2752905192525">
    <time>2026-08-21T17:05:50.491Z</time>
    <extensions>
        <provider>whs</provider>
    </extensions>
</trkpt>
<trkpt lat="42.427616662405235" lon="77.2752885192525">
    <time>2026-08-21T17:05:52.509Z</time>
    <extensions>
        <provider>whs</provider>
    </extensions>
</trkpt>
<trkpt lat="42.42762006240523" lon="77.2753208192525">
    <time>2026-08-21T17:06:08.613Z</time>
    <extensions>
        <provider>whs</provider>
    </extensions>
</trkpt>
<trkpt lat="42.42764246240523" lon="77.2753240192525">
    <time>2026-08-21T17:06:10.632Z</time>
    <extensions>
        <provider>whs</provider>
    </extensions>
</trkpt>
<trkpt lat="42.427625162405235" lon="77.2753167192525">
    <time>2026-08-21T17:06:19.711Z</time>
    <extensions>
        <provider>whs</provider>
    </extensions>
</trkpt>
<trkpt lat="42.427611762405235" lon="77.2752996192525">
    <time>2026-08-21T17:06:25.736Z</time>
    <extensions>
        <provider>whs</provider>
    </extensions>
</trkpt>
<trkpt lat="42.42762596240523" lon="77.2753184192525">
    <time>2026-08-21T17:06:27.736Z</time>
    <extensions>
        <provider>whs</provider>
    </extensions>
</trkpt>
<trkpt lat="42.42760796240523" lon="77.2753225192525">
    <time>2026-08-21T17:06:29.737Z</time>
    <extensions>
        <provider>whs</provider>
    </extensions>
</trkpt>
<trkpt lat="42.42761026240523" lon="77.2752916192525">
    <time>2026-08-21T17:06:37.745Z</time>
    <extensions>
        <provider>whs</provider>
    </extensions>
</trkpt>
<trkpt lat="42.42762796240523" lon="77.2752823192525">
    <time>2026-08-21T17:06:43.804Z</time>
    <extensions>
        <provider>whs</provider>
    </extensions>
</trkpt>
<trkpt lat="42.42765196240523" lon="77.27529581925249">
    <time>2026-08-21T17:06:47.840Z</time>
    <extensions>
        <provider>whs</provider>
    </extensions>
</trkpt>
<trkpt lat="42.42763276240523" lon="77.27529701925249">
    <time>2026-08-21T17:06:52.885Z</time>
    <extensions>
        <provider>whs</provider>
    </extensions>
</trkpt>
<trkpt lat="42.42761376240523" lon="77.2752967192525">
    <time>2026-08-21T17:07:07.993Z</time>
    <extensions>
        <provider>whs</provider>
    </extensions>
</trkpt>
<trkpt lat="42.427593562405235" lon="77.27533821925249">
    <time>2026-08-21T17:07:10.010Z</time>
    <extensions>
        <provider>whs</provider>
    </extensions>
</trkpt>
<trkpt lat="42.42759066240523" lon="77.2753083192525">
    <time>2026-08-21T17:07:17.069Z</time>
    <extensions>
        <provider>whs</provider>
    </extensions>
</trkpt>
<trkpt lat="42.42761086240523" lon="77.27533101925249">
    <time>2026-08-21T17:07:20.092Z</time>
    <extensions>
        <provider>whs</provider>
    </extensions>
</trkpt>
<trkpt lat="42.42759986240523" lon="77.2753849192525">
    <time>2026-08-21T17:07:32.197Z</time>
    <extensions>
        <provider>whs</provider>
    </extensions>
</trkpt>
<trkpt lat="42.42757496240523" lon="77.27536621925249">
    <time>2026-08-21T17:07:40.262Z</time>
    <extensions>
        <provider>whs</provider>
    </extensions>
</trkpt>
<trkpt lat="42.427555862405235" lon="77.2753490192525">
    <time>2026-08-21T17:07:42.281Z</time>
    <extensions>
        <provider>whs</provider>
    </extensions>
</trkpt>
<trkpt lat="42.42756256240523" lon="77.2753005192525">
    <time>2026-08-21T17:07:52.309Z</time>
    <extensions>
        <provider>whs</provider>
    </extensions>
</trkpt>
<trkpt lat="42.42758026240523" lon="77.27531231925249">
    <time>2026-08-21T17:07:55.338Z</time>
    <extensions>
        <provider>whs</provider>
    </extensions>
</trkpt>
<trkpt lat="42.42758916240523" lon="77.2753407192525">
    <time>2026-08-21T17:07:58.366Z</time>
    <extensions>
        <provider>whs</provider>
    </extensions>
</trkpt>
<trkpt lat="42.42759156240523" lon="77.2753678192525">
    <time>2026-08-21T17:08:01.391Z</time>
    <extensions>
        <provider>whs</provider>
    </extensions>
</trkpt>
<trkpt lat="42.42761036240523" lon="77.27535161925249">
    <time>2026-08-21T17:08:03.409Z</time>
    <extensions>
        <provider>whs</provider>
    </extensions>
</trkpt>
<trkpt lat="42.427623962405235" lon="77.2753332192525">
    <time>2026-08-21T17:08:04.418Z</time>
    <extensions>
        <provider>whs</provider>
    </extensions>
</trkpt>
<trkpt lat="42.42761076240523" lon="77.2752818192525">
    <time>2026-08-21T17:08:06.438Z</time>
    <extensions>
        <provider>whs</provider>
    </extensions>
</trkpt>
<trkpt lat="42.42760476240523" lon="77.27525681925249">
    <time>2026-08-21T17:08:08.456Z</time>
    <extensions>
        <provider>whs</provider>
    </extensions>
</trkpt>
<trkpt lat="42.42759236240523" lon="77.2753024192525">
    <time>2026-08-21T17:08:14.507Z</time>
    <extensions>
        <provider>whs</provider>
    </extensions>
</trkpt>
<trkpt lat="42.427609962405235" lon="77.2753158192525">
    <time>2026-08-21T17:08:18.545Z</time>
    <extensions>
        <provider>whs</provider>
    </extensions>
</trkpt>
<trkpt lat="42.42762826240523" lon="77.2753100192525">
    <time>2026-08-21T17:08:20.561Z</time>
    <extensions>
        <provider>whs</provider>
    </extensions>
</trkpt>
<trkpt lat="42.42764626240523" lon="77.27528651925249">
    <time>2026-08-21T17:08:27.626Z</time>
    <extensions>
        <provider>whs</provider>
    </extensions>
</trkpt>
<trkpt lat="42.42763816240523" lon="77.2752583192525">
    <time>2026-08-21T17:08:40.745Z</time>
    <extensions>
        <provider>whs</provider>
    </extensions>
</trkpt>
<trkpt lat="42.427615962405234" lon="77.2752438192525">
    <time>2026-08-21T17:08:42.763Z</time>
    <extensions>
        <provider>whs</provider>
    </extensions>
</trkpt>
<trkpt lat="42.42760186240523" lon="77.2752729192525">
    <time>2026-08-21T17:08:49.826Z</time>
    <extensions>
        <provider>whs</provider>
    </extensions>
</trkpt>
<trkpt lat="42.42759736240523" lon="77.2753105192525">
    <time>2026-08-21T17:08:51.843Z</time>
    <extensions>
        <provider>whs</provider>
    </extensions>
</trkpt>
<trkpt lat="42.42759546240523" lon="77.2753400192525">
    <time>2026-08-21T17:08:52.854Z</time>
    <extensions>
        <provider>whs</provider>
    </extensions>
</trkpt>
<trkpt lat="42.42760546240523" lon="77.2753166192525">
    <time>2026-08-21T17:09:05.971Z</time>
    <extensions>
        <provider>whs</provider>
    </extensions>
</trkpt>
<trkpt lat="42.427627562405235" lon="77.2753273192525">
    <time>2026-08-21T17:09:07.990Z</time>
    <extensions>
        <provider>whs</provider>
    </extensions>
</trkpt>
<trkpt lat="42.427650062405235" lon="77.27532311925249">
    <time>2026-08-21T17:09:09.001Z</time>
    <extensions>
        <provider>whs</provider>
    </extensions>
</trkpt>
<trkpt lat="42.42768126240523" lon="77.27536071925249">
    <time>2026-08-21T17:09:17.071Z</time>
    <extensions>
        <provider>whs</provider>
    </extensions>
</trkpt>
<trkpt lat="42.42770186240523" lon="77.27535781925249">
    <time>2026-08-21T17:09:19.090Z</time>
    <extensions>
        <provider>whs</provider>
    </extensions>
</trkpt>
<trkpt lat="42.42773066240523" lon="77.2753442192525">
    <time>2026-08-21T17:09:24.137Z</time>
    <extensions>
        <provider>whs</provider>
    </extensions>
</trkpt>
<trkpt lat="42.42775116240523" lon="77.27533601925249">
    <time>2026-08-21T17:09:25.146Z</time>
    <extensions>
        <provider>whs</provider>
    </extensions>
</trkpt>
<trkpt lat="42.42777026240523" lon="77.27530561925249">
    <time>2026-08-21T17:09:27.166Z</time>
    <extensions>
        <provider>whs</provider>
    </extensions>
</trkpt>
<trkpt lat="42.42778846240523" lon="77.2753167192525">
    <time>2026-08-21T17:09:31.205Z</time>
    <extensions>
        <provider>whs</provider>
    </extensions>
</trkpt>
<trkpt lat="42.42781216240523" lon="77.2753115192525">
    <time>2026-08-21T17:09:34.232Z</time>
    <extensions>
        <provider>whs</provider>
    </extensions>
</trkpt>
<trkpt lat="42.42783016240523" lon="77.2753072192525">
    <time>2026-08-21T17:09:36.250Z</time>
    <extensions>
        <provider>whs</provider>
    </extensions>
</trkpt>
<trkpt lat="42.42784926240523" lon="77.2753259192525">
    <time>2026-08-21T17:09:41.297Z</time>
    <extensions>
        <provider>whs</provider>
    </extensions>
</trkpt>
<trkpt lat="42.42787426240523" lon="77.2753019192525">
    <time>2026-08-21T17:09:44.327Z</time>
    <extensions>
        <provider>whs</provider>
    </extensions>
</trkpt>
<trkpt lat="42.42788826240523" lon="77.2753209192525">
    <time>2026-08-21T17:09:46.343Z</time>
    <extensions>
        <provider>whs</provider>
    </extensions>
</trkpt>
<trkpt lat="42.42788756240523" lon="77.2753545192525">
    <time>2026-08-21T17:09:50.373Z</time>
    <extensions>
        <provider>whs</provider>
    </extensions>
</trkpt>
<trkpt lat="42.42789526240523" lon="77.27532311925249">
    <time>2026-08-21T17:09:54.411Z</time>
    <extensions>
        <provider>whs</provider>
    </extensions>
</trkpt>
<trkpt lat="42.42791036240523" lon="77.27528981925249">
    <time>2026-08-21T17:09:59.442Z</time>
    <extensions>
        <provider>whs</provider>
    </extensions>
</trkpt>
<trkpt lat="42.42788916240523" lon="77.2752866192525">
    <time>2026-08-21T17:10:03.441Z</time>
    <extensions>
        <provider>whs</provider>
    </extensions>
</trkpt>
<trkpt lat="42.42788196240523" lon="77.2753166192525">
    <time>2026-08-21T17:10:05.458Z</time>
    <extensions>
        <provider>whs</provider>
    </extensions>
</trkpt>
<trkpt lat="42.42789986240523" lon="77.2753251192525">
    <time>2026-08-21T17:10:07.480Z</time>
    <extensions>
        <provider>whs</provider>
    </extensions>
</trkpt>
<trkpt lat="42.42787536240523" lon="77.2753206192525">
    <time>2026-08-21T17:10:11.518Z</time>
    <extensions>
        <provider>whs</provider>
    </extensions>
</trkpt>
<trkpt lat="42.42786356240523" lon="77.27529651925249">
    <time>2026-08-21T17:10:13.537Z</time>
    <extensions>
        <provider>whs</provider>
    </extensions>
</trkpt>
<trkpt lat="42.42787706240523" lon="77.2753237192525">
    <time>2026-08-21T17:10:15.557Z</time>
    <extensions>
        <provider>whs</provider>
    </extensions>
</trkpt>
<trkpt lat="42.427867662405234" lon="77.2753454192525">
    <time>2026-08-21T17:10:16.568Z</time>
    <extensions>
        <provider>whs</provider>
    </extensions>
</trkpt>
<trkpt lat="42.42787126240523" lon="77.2753842192525">
    <time>2026-08-21T17:10:19.596Z</time>
    <extensions>
        <provider>whs</provider>
    </extensions>
</trkpt>
<trkpt lat="42.42787666240523" lon="77.27535731925249">
    <time>2026-08-21T17:10:28.671Z</time>
    <extensions>
        <provider>whs</provider>
    </extensions>
</trkpt>
<trkpt lat="42.42788056240523" lon="77.2753847192525">
    <time>2026-08-21T17:10:40.756Z</time>
    <extensions>
        <provider>whs</provider>
    </extensions>
</trkpt>
<trkpt lat="42.42787216240523" lon="77.27535781925249">
    <time>2026-08-21T17:10:42.773Z</time>
    <extensions>
        <provider>whs</provider>
    </extensions>
</trkpt>
<trkpt lat="42.42787696240523" lon="77.27533031925249">
    <time>2026-08-21T17:10:44.791Z</time>
    <extensions>
        <provider>whs</provider>
    </extensions>
</trkpt>
<trkpt lat="42.42789646240523" lon="77.2753242192525">
    <time>2026-08-21T17:10:47.816Z</time>
    <extensions>
        <provider>whs</provider>
    </extensions>
</trkpt>
<trkpt lat="42.427895662405234" lon="77.2753605192525">
    <time>2026-08-21T17:10:50.832Z</time>
    <extensions>
        <provider>whs</provider>
    </extensions>
</trkpt>
<trkpt lat="42.427868362405235" lon="77.2753376192525">
    <time>2026-08-21T17:10:54.836Z</time>
    <extensions>
        <provider>whs</provider>
    </extensions>
</trkpt>
<trkpt lat="42.42786076240523" lon="77.27541241925249">
    <time>2026-08-21T17:11:10.991Z</time>
    <extensions>
        <provider>whs</provider>
    </extensions>
</trkpt>
<trkpt lat="42.42789176240523" lon="77.27538321925249">
    <time>2026-08-21T17:11:20.078Z</time>
    <extensions>
        <provider>whs</provider>
    </extensions>
</trkpt>
<trkpt lat="42.42790916240523" lon="77.2753417192525">
    <time>2026-08-21T17:11:23.104Z</time>
    <extensions>
        <provider>whs</provider>
    </extensions>
</trkpt>
<trkpt lat="42.427901762405234" lon="77.27531401925249">
    <time>2026-08-21T17:11:26.132Z</time>
    <extensions>
        <provider>whs</provider>
    </extensions>
</trkpt>
<trkpt lat="42.42791586240523" lon="77.2752967192525">
    <time>2026-08-21T17:11:31.177Z</time>
    <extensions>
        <provider>whs</provider>
    </extensions>
</trkpt>
<trkpt lat="42.42793676240523" lon="77.2752914192525">
    <time>2026-08-21T17:11:33.192Z</time>
    <extensions>
        <provider>whs</provider>
    </extensions>
</trkpt>
<trkpt lat="42.427946762405234" lon="77.27531231925249">
    <time>2026-08-21T17:11:37.226Z</time>
    <extensions>
        <provider>whs</provider>
    </extensions>
</trkpt>
<trkpt lat="42.42796766240523" lon="77.27532911925249">
    <time>2026-08-21T17:11:39.246Z</time>
    <extensions>
        <provider>whs</provider>
    </extensions>
</trkpt>
<trkpt lat="42.42798576240523" lon="77.2753241192525">
    <time>2026-08-21T17:11:41.266Z</time>
    <extensions>
        <provider>whs</provider>
    </extensions>
</trkpt>
<trkpt lat="42.42799156240523" lon="77.2752889192525">
    <time>2026-08-21T17:11:43.284Z</time>
    <extensions>
        <provider>whs</provider>
    </extensions>
</trkpt>
<trkpt lat="42.42801956240523" lon="77.2752938192525">
    <time>2026-08-21T17:11:47.321Z</time>
    <extensions>
        <provider>whs</provider>
    </extensions>
</trkpt>
<trkpt lat="42.42803236240523" lon="77.27531351925249">
    <time>2026-08-21T17:11:53.375Z</time>
    <extensions>
        <provider>whs</provider>
    </extensions>
</trkpt>
<trkpt lat="42.42801646240523" lon="77.2753551192525">
    <time>2026-08-21T17:11:55.399Z</time>
    <extensions>
        <provider>whs</provider>
    </extensions>
</trkpt>
<trkpt lat="42.428013062405235" lon="77.27538461925249">
    <time>2026-08-21T17:11:56.409Z</time>
    <extensions>
        <provider>whs</provider>
    </extensions>
</trkpt>
<trkpt lat="42.42801576240523" lon="77.2754096192525">
    <time>2026-08-21T17:12:00.446Z</time>
    <extensions>
        <provider>whs</provider>
    </extensions>
</trkpt>
<trkpt lat="42.428000262405234" lon="77.27545381925249">
    <time>2026-08-21T17:12:05.485Z</time>
    <extensions>
        <provider>whs</provider>
    </extensions>
</trkpt>
<trkpt lat="42.42799096240523" lon="77.2754792192525">
    <time>2026-08-21T17:12:06.493Z</time>
    <extensions>
        <provider>whs</provider>
    </extensions>
</trkpt>
<trkpt lat="42.42798496240523" lon="77.2755080192525">
    <time>2026-08-21T17:12:07.501Z</time>
    <extensions>
        <provider>whs</provider>
    </extensions>
</trkpt>
<trkpt lat="42.42799986240523" lon="77.27548131925249">
    <time>2026-08-21T17:12:10.531Z</time>
    <extensions>
        <provider>whs</provider>
    </extensions>
</trkpt>
<trkpt lat="42.42801716240523" lon="77.2754453192525">
    <time>2026-08-21T17:12:18.599Z</time>
    <extensions>
        <provider>whs</provider>
    </extensions>
</trkpt>
<trkpt lat="42.428029462405235" lon="77.2754201192525">
    <time>2026-08-21T17:12:21.623Z</time>
    <extensions>
        <provider>whs</provider>
    </extensions>
</trkpt>
<trkpt lat="42.428040362405234" lon="77.2753924192525">
    <time>2026-08-21T17:12:24.652Z</time>
    <extensions>
        <provider>whs</provider>
    </extensions>
</trkpt>
<trkpt lat="42.428005062405234" lon="77.2753840192525">
    <time>2026-08-21T17:12:42.817Z</time>
    <extensions>
        <provider>whs</provider>
    </extensions>
</trkpt>
<trkpt lat="42.42798786240523" lon="77.27539321925249">
    <time>2026-08-21T17:13:00.990Z</time>
    <extensions>
        <provider>whs</provider>
    </extensions>
</trkpt>
<trkpt lat="42.42800486240523" lon="77.27540471925249">
    <time>2026-08-21T17:13:19.127Z</time>
    <extensions>
        <provider>whs</provider>
    </extensions>
</trkpt>
<trkpt lat="42.42801346240523" lon="77.27542651925249">
    <time>2026-08-21T17:13:20.134Z</time>
    <extensions>
        <provider>whs</provider>
    </extensions>
</trkpt>
<trkpt lat="42.42800736240523" lon="77.2754508192525">
    <time>2026-08-21T17:13:23.161Z</time>
    <extensions>
        <provider>whs</provider>
    </extensions>
</trkpt>
<trkpt lat="42.42800466240523" lon="77.2754080192525">
    <time>2026-08-21T17:13:26.187Z</time>
    <extensions>
        <provider>whs</provider>
    </extensions>
</trkpt>
<trkpt lat="42.42798886240523" lon="77.2753895192525">
    <time>2026-08-21T17:13:28.205Z</time>
    <extensions>
        <provider>whs</provider>
    </extensions>
</trkpt>
<trkpt lat="42.42797036240523" lon="77.2754068192525">
    <time>2026-08-21T17:13:46.361Z</time>
    <extensions>
        <provider>whs</provider>
    </extensions>
</trkpt>
<trkpt lat="42.42794096240523" lon="77.2754044192525">
    <time>2026-08-21T17:13:48.377Z</time>
    <extensions>
        <provider>whs</provider>
    </extensions>
</trkpt>
<trkpt lat="42.42794816240523" lon="77.2754280192525">
    <time>2026-08-21T17:13:49.388Z</time>
    <extensions>
        <provider>whs</provider>
    </extensions>
</trkpt>
<trkpt lat="42.427966862405235" lon="77.2754044192525">
    <time>2026-08-21T17:13:52.405Z</time>
    <extensions>
        <provider>whs</provider>
    </extensions>
</trkpt>
<trkpt lat="42.427989262405234" lon="77.2753781192525">
    <time>2026-08-21T17:13:56.411Z</time>
    <extensions>
        <provider>whs</provider>
    </extensions>
</trkpt>
<trkpt lat="42.42800866240523" lon="77.2753994192525">
    <time>2026-08-21T17:13:58.428Z</time>
    <extensions>
        <provider>whs</provider>
    </extensions>
</trkpt>
<trkpt lat="42.42798526240523" lon="77.2753733192525">
    <time>2026-08-21T17:14:04.483Z</time>
    <extensions>
        <provider>whs</provider>
    </extensions>
</trkpt>
<trkpt lat="42.42796976240523" lon="77.2753601192525">
    <time>2026-08-21T17:14:07.511Z</time>
    <extensions>
        <provider>whs</provider>
    </extensions>
</trkpt>
<trkpt lat="42.42794756240523" lon="77.2753505192525">
    <time>2026-08-21T17:14:11.548Z</time>
    <extensions>
        <provider>whs</provider>
    </extensions>
</trkpt>
<trkpt lat="42.42791806240523" lon="77.2753376192525">
    <time>2026-08-21T17:14:13.564Z</time>
    <extensions>
        <provider>whs</provider>
    </extensions>
</trkpt>
<trkpt lat="42.427889662405235" lon="77.2753335192525">
    <time>2026-08-21T17:14:18.610Z</time>
    <extensions>
        <provider>whs</provider>
    </extensions>
</trkpt>
<trkpt lat="42.42787146240523" lon="77.27533341925249">
    <time>2026-08-21T17:14:21.638Z</time>
    <extensions>
        <provider>whs</provider>
    </extensions>
</trkpt>
<trkpt lat="42.42784436240523" lon="77.2753187192525">
    <time>2026-08-21T17:14:28.701Z</time>
    <extensions>
        <provider>whs</provider>
    </extensions>
</trkpt>
<trkpt lat="42.42782506240523" lon="77.27529531925249">
    <time>2026-08-21T17:14:31.725Z</time>
    <extensions>
        <provider>whs</provider>
    </extensions>
</trkpt>
<trkpt lat="42.427804462405234" lon="77.2752972192525">
    <time>2026-08-21T17:14:35.762Z</time>
    <extensions>
        <provider>whs</provider>
    </extensions>
</trkpt>
<trkpt lat="42.42781046240523" lon="77.2753236192525">
    <time>2026-08-21T17:14:38.784Z</time>
    <extensions>
        <provider>whs</provider>
    </extensions>
</trkpt>
<trkpt lat="42.42779156240523" lon="77.2753345192525">
    <time>2026-08-21T17:14:40.801Z</time>
    <extensions>
        <provider>whs</provider>
    </extensions>
</trkpt>
<trkpt lat="42.427772262405234" lon="77.27532431925249">
    <time>2026-08-21T17:14:42.817Z</time>
    <extensions>
        <provider>whs</provider>
    </extensions>
</trkpt>
<trkpt lat="42.42774906240523" lon="77.2753273192525">
    <time>2026-08-21T17:14:46.850Z</time>
    <extensions>
        <provider>whs</provider>
    </extensions>
</trkpt>
<trkpt lat="42.42771306240523" lon="77.2753417192525">
    <time>2026-08-21T17:14:49.874Z</time>
    <extensions>
        <provider>whs</provider>
    </extensions>
</trkpt>
<trkpt lat="42.42769766240523" lon="77.2753048192525">
    <time>2026-08-21T17:14:56.934Z</time>
    <extensions>
        <provider>whs</provider>
    </extensions>
</trkpt>
<trkpt lat="42.42767206240523" lon="77.2752858192525">
    <time>2026-08-21T17:14:59.933Z</time>
    <extensions>
        <provider>whs</provider>
    </extensions>
</trkpt>
<trkpt lat="42.42765196240523" lon="77.27527621925249">
    <time>2026-08-21T17:15:01.932Z</time>
    <extensions>
        <provider>whs</provider>
    </extensions>
</trkpt>
<trkpt lat="42.42763046240523" lon="77.27525751925249">
    <time>2026-08-21T17:15:06.965Z</time>
    <extensions>
        <provider>whs</provider>
    </extensions>
</trkpt>
<trkpt lat="42.42763326240523" lon="77.27523241925249">
    <time>2026-08-21T17:15:07.974Z</time>
    <extensions>
        <provider>whs</provider>
    </extensions>
</trkpt>
<trkpt lat="42.42762746240523" lon="77.2752081192525">
    <time>2026-08-21T17:15:11.003Z</time>
    <extensions>
        <provider>whs</provider>
    </extensions>
</trkpt>
<trkpt lat="42.42760526240523" lon="77.2752006192525">
    <time>2026-08-21T17:15:13.021Z</time>
    <extensions>
        <provider>whs</provider>
    </extensions>
</trkpt>
<trkpt lat="42.42758056240523" lon="77.27519071925249">
    <time>2026-08-21T17:15:15.040Z</time>
    <extensions>
        <provider>whs</provider>
    </extensions>
</trkpt>
<trkpt lat="42.427572162405234" lon="77.2751683192525">
    <time>2026-08-21T17:15:17.056Z</time>
    <extensions>
        <provider>whs</provider>
    </extensions>
</trkpt>
<trkpt lat="42.42755426240523" lon="77.2751444192525">
    <time>2026-08-21T17:15:19.080Z</time>
    <extensions>
        <provider>whs</provider>
    </extensions>
</trkpt>
<trkpt lat="42.42753016240523" lon="77.2751303192525">
    <time>2026-08-21T17:15:21.097Z</time>
    <extensions>
        <provider>whs</provider>
    </extensions>
</trkpt>
<trkpt lat="42.42751516240523" lon="77.2751077192525">
    <time>2026-08-21T17:15:23.119Z</time>
    <extensions>
        <provider>whs</provider>
    </extensions>
</trkpt>
<trkpt lat="42.42749266240523" lon="77.27510411925249">
    <time>2026-08-21T17:15:25.138Z</time>
    <extensions>
        <provider>whs</provider>
    </extensions>
</trkpt>
<trkpt lat="42.42747746240523" lon="77.2750698192525">
    <time>2026-08-21T17:15:28.168Z</time>
    <extensions>
        <provider>whs</provider>
    </extensions>
</trkpt>
<trkpt lat="42.42745656240523" lon="77.2750520192525">
    <time>2026-08-21T17:15:30.184Z</time>
    <extensions>
        <provider>whs</provider>
    </extensions>
</trkpt>
        </trkseg>
    </trk>
</gpx>
